FRONT;-7.000;-6.900;-6.800;-6.700;-6.600;-6.500;-6.400;-6.300;-6.200;-6.100;-6.000;-5.900;-5.800;-5.700;-5.600;-5.500;-5.400;-5.300;-5.200;-5.100;-5.000;-4.900;-4.800;-4.700;-4.600;-4.500;-4.400;-4.300;-4.200;-4.100;-4.000;-3.900;-3.800;-3.700;-3.600;-3.500;-3.400;-3.300;-3.200;-3.100;-3.000;-2.900;-2.800;-2.700;-2.600;-2.500;-2.400;-2.300;-2.200;-2.100;-2.000;-1.900;-1.800;-1.700;-1.600;-1.500;-1.400;-1.300;-1.200;-1.100;-1.000;-0.900;-0.800;-0.700;-0.600;-0.500;-0.400;-0.300;-0.200;-0.100;0.000;0.100;0.200;0.300;0.400;0.500;0.600;0.700;0.800;0.900;1.000;1.100;1.200;1.300;1.400;1.500;1.600;1.700;1.800;1.900;2.000;2.100;2.200;2.300;2.400;2.500;2.600;2.700;2.800;2.900;3.000;3.100;3.200;3.300;3.400;3.500;3.600;3.700;3.800;3.900;4.000;4.100;4.200;4.300;4.400;4.500;4.600;4.700;4.800;4.900;5.000;5.100;5.200;5.300;5.400;5.500;5.600;5.700;5.800;5.900;6.000;6.100;6.200;6.300;6.400;6.500;6.600;6.700;6.800;6.900;7.000;
7.000;;;;;;;;;;;;;;;;;;;;;;;;;;;;;;;;;;;;;;;;;;;;;;;;;;;;;;;;;;;;;;;;;;;;;;;;;;;;;;;;;;;;;;;;;;;;;;;;;;;;;;;;;;;;;;;;;;;;;;;;;;;;;;;;;;;;;;;;;;;;;;
6.900;;;;;;;;;;;;;;;;;;;;;;;;;;;;;;;;;;;;;;;;;;;;;;;;;;;;;;;;;;;;;;;;;;;;;;;;;;;;;;;;;;;;;;;;;;;;;;;;;;;;;;;;;;;;;;;;;;;;;;;;;;;;;;;;;;;;;;;;;;;;;;
6.800;;;;;;;;;;;;;;;;;;;;;;;;;;;;;;;;;;;;;;;;;;;;;;;;;;;;;;;;;;;;;;;;;;;;;;;;;;;;;;;;;;;;;;;;;;;;;;;;;;;;;;;;;;;;;;;;;;;;;;;;;;;;;;;;;;;;;;;;;;;;;;
6.700;;;;;;;;;;;;;;;;;;;;;;;;;;;;;;;;;;;;;;;;;;;;;;;;;;;;;;;;;;;;;;;;;;;;;;;;;;;;;;;;;;;;;;;;;;;;;;;;;;;;;;;;;;;;;;;;;;;;;;;;;;;;;;;;;;;;;;;;;;;;;;
6.600;;;;;;;;;;;;;;;;;;;;;;;;;;;;;;;;;;;;;;;;;;;;;;;;;;;;;;;;;;;;;;;;;;;;;;;;;;;;;;;;;;;;;;;;;;;;;;;;;;;;;;;;;;;;;;;;;;;;;;;;;;;;;;;;;;;;;;;;;;;;;;
6.500;;;;;;;;;;;;;;;;;;;;;;;;;;;;;;;;;;;;;;;;;;;;;;;;;;;;;;;;;;;;;;;;;;;;;;;;;;;;;;;;;;;;;;;;;;;;;;;;;;;;;;;;;;;;;;;;;;;;;;;;;;;;;;;;;;;;;;;;;;;;;;
6.400;;;;;;;;;;;;;;;;;;;;;;;;;;;;;;;;;;;;;;;;;;;;;;;;;;;;;;;;;;;;;;;;;;;;;;;;;;;;;;;;;;;;;;;;;;;;;;;;;;;;;;;;;;;;;;;;;;;;;;;;;;;;;;;;;;;;;;;;;;;;;;
6.300;;;;;;;;;;;;;;;;;;;;;;;;;;;;;;;;;;;;;;;;;;;;;;;;;;;;;;;;;;;;;;;;;;;;;;;;;;;;;;;;;;;;;;;;;;;;;;;;;;;;;;;;;;;;;;;;;;;;;;;;;;;;;;;;;;;;;;;;;;;;;;
6.200;;;;;;;;;;;;;;;;;;;;;;;;;;;;;;;;;;;;;;;;;;;;;;;;;;;;;;;;;;;;;;;;;;;;;;;;;;;;;;;;;;;;;;;;;;;;;;;;;;;;;;;;;;;;;;;;;;;;;;;;;;;;;;;;;;;;;;;;;;;;;;
6.100;;;;;;;;;;;;;;;;;;;;;;;;;;;;;;;;;;;;;;;;;;;;;;;;;;;;;;;;;;;;;;;;;;;;;;;;;;;;;;;;;;;;;;;;;;;;;;;;;;;;;;;;;;;;;;;;;;;;;;;;;;;;;;;;;;;;;;;;;;;;;;
6.000;;;;;;;;;;;;;;;;;;;;;;;;;;;;;;;;;;;;;;;;;;;;;;;;;;;;;;;;;;;;;;;;;;;;;;;;;;;;;;;;;;;;;;;;;;;;;;;;;;;;;;;;;;;;;;;;;;;;;;;;;;;;;;;;;;;;;;;;;;;;;;
5.900;;;;;;;;;;;;;;;;;;;;;;;;;;;;;;;;;;;;;;;;;;;;;;;;;;;;;;;;;;;;;;;;;;;;;;;;;;;;;;;;;;;;;;;;;;;;;;;;;;;;;;;;;;;;;;;;;;;;;;;;;;;;;;;;;;;;;;;;;;;;;;
5.800;;;;;;;;;;;;;;;;;;;;;;;;;;;;;;;;;;;;;;;;;;;;;;;;;;;;;;;;;;;;;;;;;;;;;;;;;;;;;;;;;;;;;;;;;;;;;;;;;;;;;;;;;;;;;;;;;;;;;;;;;;;;;;;;;;;;;;;;;;;;;;
5.700;;;;;;;;;;;;;;;;;;;;;;;;;;;;;;;;;;;;;;;;;;;;;;;;;;;;;;;;;;;;;;;;;;;;;;;;;;;;;;;;;;;;;;;;;;;;;;;;;;;;;;;;;;;;;;;;;;;;;;;;;;;;;;;;;;;;;;;;;;;;;;
5.600;;;;;;;;;;;;;;;;;;;;;;;;;;;;;;;;;;;;;;;;;;;;;;;;;;;;;;;;;;;;;;;;;;;;;;;;;;;;;;;;;;;;;;;;;;;;;;;;;;;;;;;;;;;;;;;;;;;;;;;;;;;;;;;;;;;;;;;;;;;;;;
5.500;;;;;;;;;;;;;;;;;;;;;;;;;;;;;;;;;;;;;;;;;;;;;;;;;;;;;;;;;;;;;;;;;;;;;;;;;;;;;;;;;;;;;;;;;;;;;;;;;;;;;;;;;;;;;;;;;;;;;;;;;;;;;;;;;;;;;;;;;;;;;;
5.400;;;;;;;;;;;;;;;;;;;;;;;;;;;;;;;;;;;;;;;;;;;;;;;;;;;;;;;;;;;;;;;;;;7.38;7.37;7.36;7.35;7.35;7.35;7.36;7.37;7.38;7.40;7.41;7.44;7.46;7.49;7.52;7.55;7.59;7.63;7.67;7.71;7.76;;;;;;;;;;;;;;;;;;;;;;;;;;;;;;;;;;;;;;;;;;;;;;;;;;;;;;;;
5.300;;;;;;;;;;;;;;;;;;;;;;;;;;;;;;;;;;;;;;;;;;;;;;;;;;;;;;;;;;;;;;7.34;7.31;7.29;7.27;7.26;7.25;7.24;7.24;7.24;7.24;7.25;7.26;7.27;7.28;7.30;7.32;7.34;7.37;7.39;7.42;7.45;7.48;7.52;7.55;7.59;7.63;7.67;7.72;7.77;;;;;;;;;;;;;;;;;;;;;;;;;;;;;;;;;;;;;;;;;;;;;;;;;;;;
5.200;;;;;;;;;;;;;;;;;;;;;;;;;;;;;;;;;;;;;;;;;;;;;;;;;;;;;;;;;;7.36;7.32;7.28;7.25;7.22;7.20;7.19;7.17;7.16;7.16;7.15;7.15;7.16;7.16;7.17;7.18;7.19;7.21;7.22;7.24;7.26;7.28;7.30;7.33;7.35;7.38;7.41;7.44;7.47;7.50;7.53;7.57;7.61;7.65;7.69;7.73;;;;;;;;;;;;;;;;;;;;;;;;;;;;;;;;;;;;;;;;;;;;;;;;;
5.100;;;;;;;;;;;;;;;;;;;;;;;;;;;;;;;;;;;;;;;;;;;;;;;;;;;;;;;;7.33;7.28;7.24;7.21;7.18;7.16;7.14;7.12;7.11;7.11;7.10;7.10;7.10;7.10;7.11;7.11;7.12;7.13;7.14;7.16;7.17;7.19;7.21;7.22;7.24;7.27;7.29;7.31;7.33;7.36;7.38;7.41;7.44;7.47;7.50;7.53;7.56;7.59;7.63;7.67;7.70;;;;;;;;;;;;;;;;;;;;;;;;;;;;;;;;;;;;;;;;;;;;;;
5.000;;;;;;;;;;;;;;;;;;;;;;;;;;;;;;;;;;;;;;;;;;;;;;;;;;;;;7.37;7.31;7.26;7.22;7.19;7.16;7.13;7.11;7.09;7.08;7.07;7.06;7.06;7.06;7.06;7.06;7.07;7.07;7.08;7.09;7.10;7.12;7.13;7.14;7.16;7.17;7.19;7.21;7.23;7.25;7.27;7.29;7.31;7.33;7.35;7.37;7.40;7.42;7.44;7.47;7.50;7.52;7.55;7.58;7.61;7.64;;;;;;;;;;;;;;;;;;;;;;;;;;;;;;;;;;;;;;;;;;;;
4.900;;;;;;;;;;;;;;;;;;;;;;;;;;;;;;;;;;;;;;;;;;;;;;;;;;;7.38;7.31;7.26;7.21;7.18;7.14;7.12;7.09;7.08;7.06;7.05;7.04;7.04;7.04;7.04;7.04;7.04;7.05;7.06;7.06;7.07;7.08;7.10;7.11;7.12;7.14;7.15;7.16;7.18;7.20;7.21;7.23;7.25;7.26;7.28;7.30;7.32;7.34;7.35;7.37;7.39;7.41;7.43;7.45;7.47;7.49;7.52;7.54;7.57;7.60;;;;;;;;;;;;;;;;;;;;;;;;;;;;;;;;;;;;;;;;;;
4.800;;;;;;;;;;;;;;;;;;;;;;;;;;;;;;;;;;;;;;;;;;;;;;;;;7.39;7.32;7.26;7.21;7.17;7.14;7.11;7.08;7.07;7.05;7.04;7.03;7.03;7.02;7.02;7.02;7.03;7.03;7.04;7.05;7.06;7.07;7.08;7.09;7.10;7.12;7.13;7.14;7.16;7.17;7.19;7.20;7.22;7.23;7.24;7.26;7.27;7.29;7.30;7.32;7.33;7.35;7.36;7.37;7.39;7.40;7.42;7.43;7.45;7.47;7.49;7.51;7.53;7.56;;;;;;;;;;;;;;;;;;;;;;;;;;;;;;;;;;;;;;;;
4.700;;;;;;;;;;;;;;;;;;;;;;;;;;;;;;;;;;;;;;;;;;;;;;;;7.34;7.28;7.23;7.18;7.14;7.11;7.08;7.06;7.05;7.03;7.03;7.02;7.02;7.02;7.02;7.02;7.03;7.04;7.05;7.06;7.07;7.08;7.09;7.10;7.12;7.13;7.14;7.16;7.17;7.19;7.20;7.21;7.23;7.24;7.25;7.26;7.27;7.29;7.30;7.31;7.32;7.33;7.34;7.35;7.36;7.37;7.38;7.39;7.40;7.41;7.42;7.44;7.45;7.47;7.49;7.51;7.53;;;;;;;;;;;;;;;;;;;;;;;;;;;;;;;;;;;;;;
4.600;;;;;;;;;;;;;;;;;;;;;;;;;;;;;;;;;;;;;;;;;;;;;;7.37;7.30;7.24;7.19;7.15;7.12;7.09;7.06;7.05;7.03;7.02;7.02;7.01;7.01;7.02;7.02;7.03;7.04;7.05;7.06;7.07;7.08;7.10;7.11;7.12;7.14;7.15;7.17;7.18;7.20;7.21;7.23;7.24;7.25;7.26;7.28;7.29;7.30;7.31;7.32;7.32;7.33;7.34;7.35;7.35;7.36;7.36;7.37;7.38;7.38;7.39;7.39;7.40;7.40;7.41;7.42;7.43;7.45;7.47;7.49;;;;;;;;;;;;;;;;;;;;;;;;;;;;;;;;;;;;;
4.500;;;;;;;;;;;;;;;;;;;;;;;;;;;;;;;;;;;;;;;;;;;;;7.34;7.27;7.22;7.17;7.13;7.10;7.07;7.05;7.04;7.02;7.02;7.01;7.01;7.01;7.02;7.03;7.04;7.05;7.06;7.07;7.09;7.10;7.12;7.14;7.15;7.17;7.19;7.20;7.22;7.23;7.25;7.26;7.28;7.29;7.30;7.31;7.32;7.33;7.34;7.35;7.36;7.37;7.37;7.38;7.38;7.38;7.38;7.39;7.39;7.39;7.39;7.39;7.39;7.39;7.39;7.40;7.40;7.41;7.41;7.43;7.44;7.46;7.48;;;;;;;;;;;;;;;;;;;;;;;;;;;;;;;;;;;
4.400;;;;;;;;;;;;;;;;;;;;;;;;;;;;;;;;;;;;;;;;;;;7.39;7.31;7.25;7.19;7.15;7.11;7.08;7.06;7.04;7.03;7.02;7.01;7.01;7.01;7.02;7.03;7.04;7.05;7.06;7.08;7.09;7.11;7.13;7.15;7.16;7.18;7.20;7.22;7.23;7.25;7.27;7.28;7.30;7.31;7.33;7.34;7.36;7.37;7.38;7.39;7.40;7.41;7.41;7.42;7.42;7.42;7.42;7.42;7.42;7.42;7.42;7.41;7.41;7.41;7.40;7.40;7.40;7.39;7.39;7.39;7.40;7.40;7.41;7.42;7.43;7.45;;;;;;;;;;;;;;;;;;;;;;;;;;;;;;;;;;
4.300;;;;;;;;;;;;;;;;;;;;;;;;;;;;;;;;;;;;;;;;;;7.36;7.29;7.23;7.18;7.13;7.10;7.07;7.05;7.03;7.02;7.01;7.01;7.01;7.02;7.02;7.04;7.05;7.06;7.08;7.10;7.11;7.13;7.15;7.17;7.19;7.21;7.23;7.24;7.26;7.28;7.30;7.32;7.33;7.35;7.36;7.38;7.39;7.41;7.42;7.43;7.44;7.45;7.46;7.47;7.47;7.48;7.48;7.48;7.48;7.47;7.47;7.46;7.46;7.45;7.44;7.43;7.42;7.42;7.41;7.40;7.40;7.39;7.39;7.40;7.40;7.41;7.42;7.44;;;;;;;;;;;;;;;;;;;;;;;;;;;;;;;;;
4.200;;;;;;;;;;;;;;;;;;;;;;;;;;;;;;;;;;;;;;;;;7.35;7.27;7.21;7.16;7.12;7.09;7.06;7.04;7.03;7.02;7.01;7.01;7.01;7.02;7.03;7.04;7.06;7.07;7.09;7.11;7.13;7.15;7.17;7.19;7.21;7.23;7.25;7.27;7.29;7.30;7.32;7.34;7.36;7.37;7.39;7.41;7.42;7.44;7.46;7.47;7.48;7.50;7.51;7.52;7.53;7.53;7.54;7.54;7.54;7.54;7.53;7.53;7.52;7.51;7.50;7.48;7.47;7.46;7.45;7.43;7.42;7.41;7.41;7.40;7.39;7.39;7.40;7.40;7.41;7.43;7.45;;;;;;;;;;;;;;;;;;;;;;;;;;;;;;;
4.100;;;;;;;;;;;;;;;;;;;;;;;;;;;;;;;;;;;;;;;;7.34;7.27;7.21;7.16;7.11;7.08;7.06;7.04;7.02;7.01;7.01;7.01;7.02;7.02;7.04;7.05;7.07;7.08;7.10;7.12;7.14;7.16;7.18;7.20;7.22;7.24;7.26;7.28;7.30;7.32;7.33;7.35;7.37;7.39;7.40;7.42;7.44;7.46;7.48;7.49;7.51;7.53;7.54;7.55;7.57;7.58;7.59;7.59;7.60;7.60;7.60;7.59;7.59;7.58;7.57;7.55;7.54;7.52;7.51;7.49;7.47;7.46;7.44;7.43;7.42;7.41;7.40;7.40;7.40;7.40;7.41;7.43;7.45;;;;;;;;;;;;;;;;;;;;;;;;;;;;;;
4.000;;;;;;;;;;;;;;;;;;;;;;;;;;;;;;;;;;;;;;7.42;7.33;7.26;7.20;7.15;7.11;7.08;7.05;7.03;7.02;7.01;7.01;7.01;7.02;7.03;7.04;7.05;7.07;7.09;7.11;7.13;7.15;7.17;7.19;7.21;7.23;7.24;7.26;7.28;7.30;7.32;7.33;7.35;7.37;7.39;7.41;7.42;7.44;7.46;7.48;7.50;7.52;7.54;7.56;7.57;7.59;7.61;7.62;7.63;7.64;7.65;7.65;7.66;7.65;7.65;7.64;7.63;7.62;7.60;7.58;7.56;7.54;7.52;7.50;7.48;7.46;7.45;7.43;7.42;7.41;7.41;7.40;7.41;7.41;7.43;7.45;;;;;;;;;;;;;;;;;;;;;;;;;;;;;
3.900;;;;;;;;;;;;;;;;;;;;;;;;;;;;;;;;;;;;;7.42;7.33;7.26;7.20;7.15;7.11;7.07;7.05;7.03;7.02;7.01;7.01;7.01;7.02;7.03;7.04;7.05;7.07;7.09;7.11;7.13;7.15;7.17;7.19;7.20;7.22;7.24;7.26;7.27;7.29;7.31;7.32;7.34;7.36;7.38;7.40;7.42;7.44;7.46;7.47;7.49;7.51;7.53;7.55;7.57;7.60;7.62;7.64;7.65;7.67;7.68;7.70;7.70;7.71;7.71;7.71;7.70;7.69;7.68;7.66;7.65;7.62;7.60;7.58;7.55;7.53;7.51;7.49;7.47;7.45;7.43;7.42;7.42;7.41;7.41;7.42;7.43;7.45;;;;;;;;;;;;;;;;;;;;;;;;;;;;
3.800;;;;;;;;;;;;;;;;;;;;;;;;;;;;;;;;;;;;7.43;7.34;7.26;7.20;7.15;7.11;7.07;7.05;7.03;7.02;7.01;7.01;7.01;7.02;7.03;7.04;7.05;7.07;7.09;7.11;7.12;7.14;7.16;7.18;7.19;7.21;7.23;7.24;7.26;7.28;7.30;7.32;7.34;7.36;7.38;7.40;7.42;7.44;7.46;7.48;7.50;7.52;7.54;7.56;7.58;7.60;7.62;7.64;7.66;7.68;7.70;7.72;7.73;7.75;7.76;7.76;7.76;7.76;7.75;7.74;7.73;7.71;7.69;7.66;7.64;7.61;7.59;7.56;7.53;7.51;7.49;7.47;7.45;7.44;7.43;7.42;7.43;7.43;7.44;7.46;;;;;;;;;;;;;;;;;;;;;;;;;;;
3.700;;;;;;;;;;;;;;;;;;;;;;;;;;;;;;;;;;;;7.35;7.27;7.21;7.16;7.11;7.08;7.05;7.03;7.02;7.01;7.01;7.01;7.01;7.02;7.04;7.05;7.07;7.08;7.10;7.12;7.13;7.15;7.16;7.18;7.19;7.21;7.23;7.25;7.27;7.29;7.32;7.34;7.36;7.38;7.41;7.43;7.45;7.47;7.50;7.52;7.54;7.56;7.58;7.60;7.62;7.64;7.66;7.68;7.69;7.71;7.73;7.74;7.76;7.78;7.79;7.80;7.81;7.81;7.81;7.80;7.79;7.77;7.75;7.73;7.70;7.68;7.65;7.62;7.59;7.56;7.53;7.51;7.49;7.47;7.45;7.44;7.44;7.44;7.45;7.46;7.48;;;;;;;;;;;;;;;;;;;;;;;;;;
3.600;;;;;;;;;;;;;;;;;;;;;;;;;;;;;;;;;;;7.37;7.29;7.22;7.17;7.12;7.08;7.05;7.03;7.02;7.01;7.00;7.01;7.01;7.02;7.03;7.04;7.06;7.07;7.09;7.10;7.12;7.13;7.14;7.16;7.17;7.19;7.22;7.24;7.26;7.28;7.31;7.33;7.36;7.38;7.41;7.43;7.46;7.48;7.51;7.53;7.55;7.58;7.60;7.62;7.64;7.66;7.68;7.70;7.72;7.74;7.76;7.77;7.79;7.80;7.81;7.83;7.84;7.85;7.85;7.86;7.85;7.84;7.83;7.81;7.79;7.77;7.74;7.71;7.68;7.64;7.61;7.58;7.55;7.53;7.50;7.48;7.47;7.46;7.45;7.45;7.46;7.48;7.49;;;;;;;;;;;;;;;;;;;;;;;;;
3.500;;;;;;;;;;;;;;;;;;;;;;;;;;;;;;;;;;7.39;7.31;7.24;7.18;7.13;7.09;7.06;7.04;7.02;7.01;7.00;7.00;7.01;7.02;7.03;7.04;7.05;7.06;7.08;7.09;7.10;7.11;7.12;7.14;7.16;7.18;7.20;7.22;7.25;7.27;7.30;7.32;7.35;7.38;7.41;7.44;7.46;7.49;7.52;7.54;7.57;7.59;7.62;7.64;7.66;7.69;7.71;7.73;7.75;7.77;7.79;7.80;7.82;7.84;7.85;7.86;7.87;7.88;7.89;7.89;7.90;7.90;7.89;7.88;7.87;7.85;7.83;7.80;7.77;7.74;7.71;7.67;7.64;7.60;7.57;7.55;7.52;7.50;7.49;7.48;7.47;7.47;7.48;7.49;;;;;;;;;;;;;;;;;;;;;;;;;
3.400;;;;;;;;;;;;;;;;;;;;;;;;;;;;;;;;;7.42;7.34;7.26;7.20;7.15;7.10;7.07;7.04;7.02;7.01;7.01;7.00;7.01;7.01;7.02;7.03;7.04;7.05;7.06;7.07;7.08;7.09;7.11;7.12;7.14;7.16;7.18;7.20;7.23;7.26;7.28;7.31;7.34;7.37;7.40;7.44;7.47;7.50;7.53;7.56;7.58;7.61;7.64;7.66;7.69;7.71;7.74;7.76;7.78;7.80;7.82;7.84;7.86;7.87;7.89;7.90;7.91;7.92;7.93;7.93;7.94;7.94;7.94;7.94;7.93;7.92;7.90;7.88;7.86;7.83;7.80;7.77;7.73;7.70;7.66;7.63;7.59;7.57;7.54;7.52;7.50;7.49;7.49;7.49;7.50;7.51;;;;;;;;;;;;;;;;;;;;;;;;
3.300;;;;;;;;;;;;;;;;;;;;;;;;;;;;;;;;7.46;7.37;7.29;7.22;7.17;7.12;7.08;7.05;7.03;7.02;7.01;7.00;7.00;7.01;7.01;7.02;7.03;7.04;7.05;7.06;7.06;7.07;7.09;7.10;7.12;7.14;7.16;7.19;7.21;7.24;7.27;7.30;7.33;7.36;7.40;7.43;7.46;7.50;7.53;7.56;7.60;7.63;7.66;7.69;7.71;7.74;7.77;7.79;7.81;7.83;7.86;7.88;7.90;7.91;7.93;7.94;7.96;7.97;7.98;7.98;7.99;7.99;7.99;7.98;7.98;7.98;7.97;7.95;7.94;7.91;7.89;7.86;7.82;7.79;7.75;7.72;7.68;7.65;7.61;7.58;7.56;7.54;7.52;7.51;7.51;7.51;7.52;7.54;;;;;;;;;;;;;;;;;;;;;;;
3.200;;;;;;;;;;;;;;;;;;;;;;;;;;;;;;;7.51;7.41;7.32;7.25;7.19;7.14;7.10;7.07;7.04;7.02;7.01;7.00;7.00;7.00;7.01;7.01;7.02;7.03;7.03;7.04;7.05;7.06;7.07;7.08;7.10;7.12;7.14;7.16;7.19;7.22;7.25;7.28;7.31;7.35;7.38;7.42;7.46;7.50;7.53;7.57;7.61;7.64;7.67;7.71;7.74;7.77;7.79;7.82;7.85;7.87;7.89;7.91;7.93;7.95;7.97;7.99;8.00;8.02;8.03;8.04;8.04;8.05;8.05;8.04;8.04;8.03;8.02;8.01;8.00;7.98;7.96;7.94;7.91;7.88;7.85;7.81;7.77;7.74;7.70;7.66;7.63;7.60;7.58;7.56;7.54;7.53;7.53;7.53;7.54;7.56;;;;;;;;;;;;;;;;;;;;;;
3.100;;;;;;;;;;;;;;;;;;;;;;;;;;;;;;;7.46;7.36;7.29;7.22;7.16;7.12;7.08;7.05;7.03;7.02;7.01;7.00;7.00;7.00;7.01;7.01;7.02;7.02;7.03;7.03;7.04;7.05;7.07;7.08;7.10;7.12;7.14;7.17;7.19;7.23;7.26;7.29;7.33;7.37;7.41;7.45;7.49;7.53;7.57;7.61;7.65;7.69;7.72;7.76;7.79;7.82;7.85;7.88;7.90;7.93;7.95;7.97;8.00;8.01;8.03;8.05;8.06;8.08;8.09;8.09;8.10;8.10;8.10;8.10;8.09;8.08;8.07;8.05;8.04;8.03;8.01;7.99;7.96;7.93;7.90;7.86;7.83;7.79;7.75;7.71;7.68;7.64;7.62;7.59;7.57;7.56;7.55;7.55;7.55;7.57;;;;;;;;;;;;;;;;;;;;;;
3.000;;;;;;;;;;;;;;;;;;;;;;;;;;;;;;7.51;7.41;7.33;7.25;7.19;7.14;7.10;7.07;7.04;7.02;7.01;7.00;7.00;7.00;7.00;7.00;7.00;7.01;7.01;7.02;7.03;7.04;7.05;7.06;7.08;7.10;7.12;7.14;7.17;7.20;7.23;7.27;7.31;7.35;7.39;7.43;7.48;7.52;7.56;7.61;7.65;7.69;7.73;7.77;7.81;7.85;7.88;7.91;7.94;7.97;7.99;8.01;8.04;8.06;8.08;8.09;8.11;8.13;8.14;8.15;8.16;8.16;8.16;8.16;8.16;8.15;8.14;8.12;8.10;8.08;8.06;8.05;8.03;8.00;7.98;7.95;7.91;7.88;7.84;7.80;7.76;7.73;7.69;7.66;7.63;7.61;7.59;7.58;7.57;7.57;7.58;7.59;;;;;;;;;;;;;;;;;;;;;
2.900;;;;;;;;;;;;;;;;;;;;;;;;;;;;;;7.47;7.37;7.30;7.23;7.17;7.13;7.09;7.06;7.03;7.02;7.00;7.00;6.99;6.99;6.99;6.99;7.00;7.00;7.00;7.01;7.02;7.03;7.04;7.06;7.08;7.10;7.12;7.15;7.18;7.21;7.24;7.28;7.32;7.37;7.41;7.46;7.51;7.55;7.60;7.65;7.70;7.74;7.79;7.83;7.87;7.90;7.94;7.97;8.00;8.03;8.05;8.08;8.10;8.12;8.14;8.16;8.17;8.19;8.20;8.21;8.22;8.22;8.22;8.22;8.21;8.21;8.19;8.18;8.16;8.14;8.11;8.09;8.07;8.05;8.02;7.99;7.96;7.93;7.89;7.85;7.81;7.78;7.74;7.70;7.67;7.64;7.62;7.60;7.59;7.59;7.59;7.60;7.61;;;;;;;;;;;;;;;;;;;;
2.800;;;;;;;;;;;;;;;;;;;;;;;;;;;;;7.53;7.43;7.34;7.27;7.21;7.16;7.11;7.08;7.05;7.03;7.01;7.00;6.99;6.99;6.99;6.99;6.99;6.99;6.99;7.00;7.01;7.01;7.03;7.04;7.06;7.08;7.10;7.12;7.15;7.18;7.22;7.25;7.30;7.34;7.39;7.43;7.48;7.54;7.59;7.64;7.69;7.74;7.79;7.84;7.88;7.92;7.96;8.00;8.03;8.06;8.09;8.12;8.14;8.17;8.19;8.20;8.22;8.24;8.25;8.26;8.27;8.28;8.28;8.28;8.28;8.27;8.26;8.25;8.23;8.21;8.19;8.16;8.13;8.10;8.08;8.06;8.03;8.00;7.97;7.94;7.90;7.86;7.82;7.78;7.75;7.71;7.68;7.66;7.64;7.62;7.61;7.61;7.61;7.62;;;;;;;;;;;;;;;;;;;;
2.700;;;;;;;;;;;;;;;;;;;;;;;;;;;;7.60;7.49;7.40;7.32;7.25;7.19;7.14;7.10;7.07;7.04;7.02;7.00;6.99;6.99;6.98;6.98;6.98;6.98;6.98;6.98;6.99;7.00;7.01;7.02;7.04;7.06;7.08;7.10;7.12;7.15;7.19;7.23;7.27;7.31;7.36;7.41;7.46;7.51;7.57;7.62;7.68;7.73;7.79;7.84;7.89;7.94;7.98;8.02;8.06;8.09;8.13;8.16;8.18;8.21;8.23;8.25;8.27;8.29;8.30;8.31;8.32;8.33;8.34;8.34;8.34;8.34;8.33;8.32;8.30;8.29;8.26;8.24;8.21;8.18;8.15;8.12;8.09;8.07;8.04;8.01;7.98;7.94;7.91;7.87;7.83;7.79;7.75;7.72;7.69;7.67;7.65;7.64;7.63;7.63;7.63;7.64;;;;;;;;;;;;;;;;;;;
2.600;;;;;;;;;;;;;;;;;;;;;;;;;;;;7.57;7.46;7.37;7.30;7.23;7.17;7.13;7.09;7.06;7.03;7.01;7.00;6.98;6.98;6.97;6.97;6.97;6.97;6.97;6.98;6.99;7.00;7.01;7.02;7.04;7.05;7.08;7.10;7.13;7.16;7.20;7.24;7.28;7.33;7.38;7.43;7.48;7.54;7.60;7.66;7.72;7.78;7.84;7.89;7.94;7.99;8.04;8.08;8.12;8.16;8.19;8.22;8.25;8.27;8.29;8.31;8.33;8.35;8.36;8.37;8.38;8.39;8.40;8.40;8.40;8.39;8.38;8.37;8.36;8.34;8.32;8.29;8.26;8.23;8.19;8.16;8.13;8.10;8.07;8.04;8.01;7.98;7.95;7.91;7.87;7.83;7.80;7.76;7.73;7.70;7.68;7.66;7.65;7.64;7.64;7.65;;;;;;;;;;;;;;;;;;;
2.500;;;;;;;;;;;;;;;;;;;;;;;;;;;7.65;7.54;7.44;7.35;7.28;7.22;7.16;7.12;7.08;7.05;7.02;7.00;6.99;6.98;6.97;6.96;6.96;6.96;6.96;6.97;6.97;6.98;6.99;7.00;7.02;7.03;7.05;7.08;7.10;7.13;7.17;7.20;7.25;7.29;7.34;7.39;7.45;7.51;7.57;7.63;7.70;7.76;7.82;7.88;7.94;8.00;8.05;8.10;8.14;8.18;8.22;8.25;8.28;8.31;8.33;8.35;8.37;8.39;8.41;8.42;8.43;8.44;8.45;8.45;8.45;8.45;8.45;8.44;8.43;8.41;8.39;8.37;8.34;8.31;8.28;8.24;8.20;8.16;8.13;8.11;8.08;8.05;8.02;7.98;7.95;7.91;7.87;7.84;7.80;7.77;7.73;7.71;7.69;7.67;7.66;7.66;7.66;7.67;;;;;;;;;;;;;;;;;;
2.400;;;;;;;;;;;;;;;;;;;;;;;;;;;7.62;7.51;7.41;7.33;7.26;7.20;7.15;7.11;7.07;7.04;7.01;6.99;6.98;6.97;6.96;6.95;6.95;6.95;6.96;6.96;6.97;6.98;6.99;7.00;7.02;7.03;7.06;7.08;7.11;7.14;7.17;7.21;7.26;7.31;7.36;7.41;7.47;7.54;7.60;7.67;7.74;7.80;7.87;7.93;7.99;8.05;8.10;8.15;8.20;8.24;8.28;8.31;8.34;8.37;8.39;8.41;8.43;8.45;8.47;8.48;8.49;8.50;8.50;8.51;8.51;8.51;8.50;8.49;8.48;8.46;8.44;8.42;8.39;8.36;8.32;8.29;8.25;8.21;8.17;8.14;8.11;8.08;8.05;8.02;7.98;7.95;7.91;7.87;7.84;7.80;7.77;7.74;7.72;7.70;7.69;7.68;7.68;7.68;;;;;;;;;;;;;;;;;;
2.300;;;;;;;;;;;;;;;;;;;;;;;;;;7.71;7.59;7.49;7.39;7.32;7.25;7.19;7.14;7.10;7.06;7.03;7.00;6.98;6.97;6.95;6.95;6.94;6.94;6.94;6.95;6.96;6.96;6.97;6.99;7.00;7.02;7.04;7.06;7.08;7.11;7.14;7.18;7.22;7.27;7.32;7.38;7.44;7.50;7.56;7.63;7.70;7.77;7.84;7.91;7.98;8.04;8.10;8.16;8.21;8.26;8.30;8.34;8.37;8.40;8.43;8.45;8.47;8.49;8.51;8.52;8.53;8.54;8.55;8.56;8.56;8.56;8.56;8.55;8.54;8.53;8.51;8.49;8.46;8.44;8.40;8.37;8.33;8.29;8.25;8.21;8.17;8.14;8.11;8.08;8.05;8.01;7.98;7.94;7.91;7.87;7.84;7.80;7.77;7.75;7.73;7.71;7.70;7.69;7.69;7.70;;;;;;;;;;;;;;;;;
2.200;;;;;;;;;;;;;;;;;;;;;;;;;;7.68;7.57;7.47;7.38;7.30;7.24;7.18;7.13;7.09;7.05;7.02;6.99;6.97;6.95;6.94;6.93;6.93;6.93;6.94;6.94;6.95;6.96;6.97;6.98;7.00;7.02;7.04;7.06;7.09;7.12;7.15;7.19;7.23;7.28;7.34;7.39;7.46;7.52;7.59;7.66;7.74;7.81;7.88;7.96;8.03;8.09;8.16;8.21;8.27;8.31;8.36;8.39;8.43;8.46;8.48;8.51;8.53;8.54;8.56;8.57;8.58;8.59;8.60;8.61;8.61;8.61;8.60;8.60;8.59;8.57;8.55;8.53;8.51;8.48;8.45;8.41;8.37;8.33;8.29;8.25;8.20;8.16;8.13;8.10;8.07;8.04;8.01;7.98;7.94;7.90;7.87;7.83;7.80;7.77;7.75;7.73;7.72;7.71;7.71;7.71;;;;;;;;;;;;;;;;;
2.100;;;;;;;;;;;;;;;;;;;;;;;;;;7.66;7.55;7.45;7.36;7.29;7.22;7.17;7.12;7.07;7.04;7.00;6.98;6.96;6.94;6.93;6.92;6.92;6.92;6.93;6.94;6.94;6.95;6.97;6.98;7.00;7.02;7.04;7.06;7.09;7.12;7.16;7.20;7.25;7.30;7.35;7.41;7.48;7.55;7.62;7.69;7.77;7.85;7.92;8.00;8.07;8.14;8.21;8.27;8.32;8.37;8.41;8.45;8.48;8.51;8.54;8.56;8.58;8.59;8.61;8.62;8.63;8.64;8.65;8.65;8.65;8.65;8.65;8.64;8.63;8.62;8.60;8.58;8.55;8.52;8.49;8.45;8.42;8.37;8.33;8.29;8.24;8.20;8.16;8.13;8.10;8.07;8.04;8.00;7.97;7.94;7.90;7.87;7.83;7.80;7.78;7.76;7.74;7.73;7.72;7.72;7.72;;;;;;;;;;;;;;;;
2.000;;;;;;;;;;;;;;;;;;;;;;;;;7.76;7.64;7.53;7.43;7.35;7.28;7.21;7.16;7.11;7.06;7.02;6.99;6.97;6.94;6.93;6.92;6.91;6.91;6.92;6.92;6.93;6.94;6.95;6.96;6.98;7.00;7.02;7.04;7.07;7.10;7.13;7.17;7.21;7.26;7.31;7.37;7.43;7.50;7.57;7.65;7.72;7.80;7.88;7.96;8.04;8.12;8.19;8.25;8.32;8.37;8.42;8.46;8.50;8.53;8.56;8.59;8.61;8.63;8.64;8.65;8.67;8.68;8.68;8.69;8.69;8.70;8.69;8.69;8.68;8.67;8.66;8.64;8.62;8.59;8.56;8.53;8.49;8.46;8.41;8.37;8.32;8.28;8.23;8.19;8.15;8.12;8.09;8.06;8.03;8.00;7.96;7.93;7.89;7.86;7.83;7.80;7.78;7.76;7.75;7.74;7.73;7.73;;;;;;;;;;;;;;;;
1.900;;;;;;;;;;;;;;;;;;;;;;;;;7.74;7.62;7.51;7.42;7.34;7.27;7.20;7.15;7.10;7.05;7.01;6.98;6.95;6.93;6.91;6.91;6.90;6.90;6.91;6.91;6.92;6.93;6.95;6.96;6.98;7.00;7.02;7.04;7.07;7.10;7.14;7.18;7.22;7.27;7.33;7.39;7.45;7.52;7.59;7.67;7.75;7.84;7.92;8.00;8.08;8.16;8.23;8.30;8.36;8.42;8.47;8.51;8.55;8.58;8.61;8.63;8.65;8.67;8.68;8.70;8.71;8.72;8.72;8.73;8.73;8.73;8.73;8.73;8.72;8.71;8.70;8.68;8.66;8.63;8.60;8.57;8.53;8.49;8.45;8.41;8.36;8.31;8.27;8.22;8.18;8.15;8.12;8.09;8.05;8.02;7.99;7.96;7.92;7.89;7.86;7.83;7.81;7.78;7.77;7.76;7.75;7.74;;;;;;;;;;;;;;;;
1.800;;;;;;;;;;;;;;;;;;;;;;;;7.85;7.72;7.60;7.50;7.41;7.33;7.26;7.19;7.14;7.08;7.04;7.00;6.96;6.94;6.91;6.90;6.89;6.89;6.89;6.90;6.91;6.91;6.93;6.94;6.96;6.97;7.00;7.02;7.04;7.07;7.11;7.14;7.19;7.23;7.28;7.34;7.40;7.47;7.54;7.62;7.70;7.78;7.87;7.95;8.04;8.12;8.20;8.28;8.35;8.41;8.47;8.52;8.56;8.59;8.63;8.65;8.67;8.69;8.71;8.72;8.74;8.75;8.75;8.76;8.77;8.77;8.77;8.77;8.76;8.76;8.75;8.73;8.71;8.69;8.67;8.64;8.60;8.57;8.53;8.49;8.44;8.40;8.35;8.30;8.25;8.21;8.17;8.14;8.11;8.08;8.05;8.01;7.98;7.95;7.92;7.88;7.85;7.83;7.81;7.79;7.77;7.76;7.76;7.75;;;;;;;;;;;;;;;
1.700;;;;;;;;;;;;;;;;;;;;;;;;7.83;7.70;7.59;7.49;7.40;7.32;7.25;7.18;7.12;7.07;7.03;6.98;6.95;6.92;6.90;6.89;6.88;6.88;6.88;6.89;6.90;6.91;6.92;6.94;6.95;6.97;6.99;7.02;7.05;7.08;7.11;7.15;7.20;7.24;7.30;7.36;7.42;7.49;7.56;7.64;7.72;7.81;7.90;7.99;8.07;8.16;8.24;8.32;8.39;8.45;8.51;8.56;8.60;8.64;8.67;8.69;8.71;8.73;8.75;8.76;8.77;8.78;8.79;8.80;8.80;8.80;8.80;8.80;8.80;8.79;8.78;8.76;8.75;8.72;8.70;8.67;8.64;8.60;8.56;8.52;8.48;8.43;8.38;8.34;8.29;8.24;8.20;8.16;8.13;8.10;8.07;8.04;8.00;7.97;7.94;7.91;7.88;7.85;7.83;7.81;7.79;7.78;7.77;7.77;;;;;;;;;;;;;;;
1.600;;;;;;;;;;;;;;;;;;;;;;;;7.81;7.68;7.57;7.47;7.39;7.31;7.24;7.17;7.11;7.06;7.01;6.97;6.93;6.91;6.89;6.87;6.87;6.87;6.87;6.88;6.89;6.90;6.91;6.93;6.95;6.97;6.99;7.02;7.05;7.08;7.12;7.16;7.21;7.26;7.31;7.37;7.44;7.51;7.58;7.66;7.75;7.83;7.92;8.02;8.11;8.20;8.28;8.36;8.43;8.49;8.55;8.60;8.64;8.67;8.70;8.73;8.75;8.76;8.78;8.79;8.80;8.81;8.82;8.83;8.83;8.83;8.83;8.83;8.83;8.82;8.81;8.79;8.78;8.76;8.73;8.70;8.67;8.63;8.60;8.55;8.51;8.46;8.42;8.37;8.32;8.27;8.22;8.18;8.15;8.12;8.09;8.06;8.02;7.99;7.96;7.93;7.90;7.87;7.85;7.83;7.81;7.80;7.79;7.78;;;;;;;;;;;;;;;
1.500;;;;;;;;;;;;;;;;;;;;;;;;7.79;7.67;7.56;7.46;7.38;7.30;7.23;7.16;7.10;7.05;7.00;6.96;6.92;6.89;6.87;6.86;6.86;6.86;6.86;6.87;6.88;6.89;6.91;6.92;6.94;6.97;6.99;7.02;7.05;7.09;7.13;7.17;7.22;7.27;7.32;7.39;7.45;7.52;7.60;7.68;7.77;7.86;7.95;8.05;8.14;8.23;8.31;8.40;8.47;8.53;8.59;8.64;8.68;8.71;8.74;8.76;8.78;8.80;8.81;8.82;8.83;8.84;8.85;8.85;8.86;8.86;8.86;8.86;8.85;8.85;8.84;8.82;8.80;8.78;8.76;8.73;8.70;8.66;8.63;8.59;8.54;8.50;8.45;8.40;8.35;8.30;8.25;8.21;8.17;8.14;8.10;8.07;8.04;8.01;7.98;7.95;7.92;7.90;7.87;7.85;7.83;7.82;7.80;7.79;7.79;;;;;;;;;;;;;;
1.400;;;;;;;;;;;;;;;;;;;;;;;7.91;7.78;7.66;7.55;7.45;7.37;7.29;7.22;7.15;7.09;7.03;6.98;6.94;6.90;6.88;6.86;6.85;6.84;6.84;6.85;6.86;6.87;6.88;6.90;6.92;6.94;6.96;6.99;7.02;7.06;7.09;7.13;7.18;7.23;7.28;7.34;7.40;7.47;7.54;7.62;7.70;7.79;7.88;7.98;8.07;8.17;8.26;8.35;8.43;8.50;8.57;8.62;8.67;8.71;8.74;8.77;8.79;8.81;8.82;8.84;8.85;8.86;8.87;8.87;8.88;8.88;8.89;8.89;8.88;8.88;8.87;8.86;8.85;8.83;8.81;8.79;8.76;8.73;8.69;8.66;8.61;8.57;8.53;8.48;8.43;8.38;8.33;8.28;8.23;8.19;8.15;8.12;8.09;8.06;8.03;8.00;7.97;7.95;7.92;7.89;7.87;7.85;7.83;7.82;7.81;7.80;;;;;;;;;;;;;;
1.300;;;;;;;;;;;;;;;;;;;;;;;7.90;7.77;7.65;7.54;7.44;7.36;7.28;7.21;7.14;7.08;7.02;6.97;6.93;6.89;6.86;6.85;6.84;6.83;6.83;6.84;6.84;6.85;6.87;6.89;6.91;6.93;6.96;6.99;7.02;7.06;7.10;7.14;7.19;7.24;7.29;7.35;7.42;7.48;7.56;7.64;7.72;7.81;7.91;8.00;8.10;8.20;8.29;8.38;8.46;8.54;8.60;8.66;8.70;8.74;8.77;8.80;8.82;8.83;8.85;8.86;8.87;8.88;8.89;8.90;8.90;8.91;8.91;8.91;8.91;8.90;8.90;8.88;8.87;8.85;8.83;8.81;8.78;8.75;8.72;8.68;8.64;8.60;8.55;8.51;8.46;8.41;8.35;8.30;8.25;8.21;8.17;8.14;8.11;8.08;8.05;8.02;7.99;7.97;7.94;7.91;7.89;7.87;7.85;7.84;7.82;7.81;;;;;;;;;;;;;;
1.200;;;;;;;;;;;;;;;;;;;;;;;7.88;7.76;7.64;7.53;7.43;7.35;7.27;7.20;7.13;7.07;7.01;6.96;6.91;6.88;6.85;6.83;6.82;6.82;6.82;6.82;6.83;6.84;6.86;6.88;6.90;6.93;6.95;6.99;7.02;7.06;7.10;7.15;7.19;7.25;7.30;7.36;7.43;7.50;7.58;7.66;7.74;7.83;7.93;8.02;8.12;8.22;8.32;8.41;8.49;8.57;8.63;8.69;8.73;8.77;8.80;8.82;8.84;8.86;8.87;8.89;8.90;8.91;8.91;8.92;8.93;8.93;8.93;8.93;8.93;8.92;8.92;8.91;8.89;8.88;8.86;8.83;8.81;8.78;8.74;8.71;8.67;8.62;8.58;8.53;8.48;8.43;8.38;8.33;8.28;8.23;8.19;8.15;8.12;8.09;8.06;8.04;8.01;7.98;7.96;7.93;7.91;7.89;7.87;7.85;7.84;7.83;;;;;;;;;;;;;;
1.100;;;;;;;;;;;;;;;;;;;;;;;7.87;7.74;7.63;7.52;7.43;7.34;7.26;7.19;7.12;7.05;7.00;6.94;6.90;6.86;6.84;6.82;6.81;6.80;6.80;6.81;6.82;6.83;6.85;6.87;6.89;6.92;6.95;6.98;7.02;7.06;7.10;7.15;7.20;7.26;7.31;7.38;7.44;7.52;7.59;7.67;7.76;7.85;7.95;8.04;8.15;8.25;8.34;8.44;8.52;8.60;8.66;8.71;8.76;8.79;8.82;8.84;8.86;8.88;8.89;8.91;8.92;8.93;8.94;8.94;8.95;8.95;8.95;8.95;8.95;8.94;8.94;8.92;8.91;8.89;8.87;8.85;8.83;8.80;8.76;8.73;8.69;8.65;8.60;8.56;8.51;8.46;8.40;8.35;8.30;8.25;8.21;8.17;8.14;8.11;8.08;8.05;8.03;8.00;7.98;7.95;7.93;7.91;7.89;7.87;7.86;7.84;7.83;;;;;;;;;;;;;
1.000;;;;;;;;;;;;;;;;;;;;;;8.00;7.86;7.74;7.62;7.51;7.42;7.33;7.25;7.18;7.11;7.04;6.99;6.93;6.89;6.85;6.82;6.81;6.80;6.79;6.79;6.80;6.80;6.82;6.84;6.86;6.88;6.91;6.94;6.98;7.02;7.06;7.11;7.16;7.21;7.27;7.33;7.39;7.46;7.53;7.61;7.69;7.78;7.87;7.96;8.06;8.16;8.27;8.37;8.46;8.55;8.62;8.69;8.74;8.78;8.82;8.84;8.87;8.88;8.90;8.91;8.93;8.94;8.95;8.95;8.96;8.97;8.97;8.97;8.97;8.97;8.96;8.95;8.94;8.93;8.91;8.89;8.87;8.84;8.82;8.78;8.75;8.71;8.67;8.62;8.58;8.53;8.48;8.43;8.37;8.32;8.27;8.22;8.18;8.15;8.12;8.09;8.07;8.04;8.02;7.99;7.97;7.95;7.93;7.91;7.89;7.88;7.86;7.85;;;;;;;;;;;;;
0.900;;;;;;;;;;;;;;;;;;;;;;7.99;7.85;7.73;7.61;7.51;7.41;7.33;7.25;7.17;7.10;7.03;6.97;6.92;6.88;6.84;6.81;6.79;6.78;6.78;6.78;6.78;6.79;6.80;6.82;6.84;6.87;6.90;6.94;6.97;7.01;7.06;7.11;7.16;7.22;7.27;7.34;7.40;7.47;7.55;7.62;7.71;7.79;7.88;7.98;8.08;8.18;8.28;8.39;8.48;8.57;8.65;8.71;8.76;8.80;8.84;8.86;8.88;8.90;8.92;8.93;8.95;8.96;8.97;8.97;8.98;8.98;8.99;8.99;8.98;8.98;8.97;8.97;8.96;8.94;8.93;8.91;8.88;8.86;8.83;8.80;8.77;8.73;8.69;8.64;8.60;8.55;8.50;8.45;8.39;8.34;8.29;8.24;8.20;8.16;8.13;8.10;8.08;8.06;8.03;8.01;7.99;7.97;7.95;7.93;7.91;7.89;7.88;7.87;;;;;;;;;;;;;
0.800;;;;;;;;;;;;;;;;;;;;;;7.98;7.84;7.72;7.60;7.50;7.41;7.32;7.24;7.16;7.09;7.03;6.97;6.91;6.86;6.83;6.80;6.78;6.77;6.76;6.76;6.77;6.78;6.79;6.81;6.83;6.86;6.89;6.93;6.97;7.01;7.06;7.11;7.16;7.22;7.28;7.35;7.42;7.49;7.56;7.64;7.72;7.81;7.90;7.99;8.09;8.20;8.30;8.40;8.50;8.59;8.67;8.74;8.79;8.83;8.86;8.88;8.90;8.92;8.94;8.95;8.96;8.97;8.98;8.99;9.00;9.00;9.00;9.00;9.00;8.99;8.99;8.98;8.97;8.95;8.94;8.92;8.90;8.87;8.85;8.81;8.78;8.74;8.70;8.66;8.62;8.57;8.52;8.46;8.41;8.36;8.30;8.25;8.21;8.17;8.14;8.11;8.09;8.07;8.05;8.03;8.01;7.98;7.96;7.95;7.93;7.91;7.90;7.88;;;;;;;;;;;;;
0.700;;;;;;;;;;;;;;;;;;;;;;7.97;7.83;7.71;7.60;7.49;7.40;7.31;7.23;7.15;7.08;7.02;6.96;6.90;6.85;6.82;6.79;6.77;6.76;6.75;6.75;6.75;6.76;6.78;6.80;6.82;6.85;6.88;6.92;6.96;7.01;7.06;7.11;7.17;7.23;7.29;7.36;7.43;7.50;7.58;7.66;7.74;7.82;7.91;8.01;8.11;8.21;8.31;8.42;8.52;8.61;8.69;8.76;8.81;8.84;8.87;8.90;8.92;8.94;8.95;8.97;8.98;8.99;9.00;9.01;9.01;9.01;9.01;9.01;9.01;9.00;9.00;8.99;8.98;8.96;8.95;8.93;8.91;8.88;8.86;8.83;8.79;8.76;8.72;8.68;8.63;8.58;8.53;8.48;8.43;8.37;8.32;8.27;8.22;8.18;8.15;8.12;8.10;8.08;8.06;8.04;8.02;8.00;7.98;7.96;7.95;7.93;7.92;7.90;;;;;;;;;;;;;
0.600;;;;;;;;;;;;;;;;;;;;;;7.96;7.83;7.71;7.59;7.49;7.39;7.31;7.22;7.15;7.08;7.01;6.95;6.89;6.85;6.81;6.78;6.76;6.75;6.74;6.74;6.74;6.75;6.76;6.78;6.81;6.84;6.87;6.91;6.95;7.00;7.05;7.11;7.17;7.23;7.30;7.37;7.44;7.51;7.59;7.67;7.76;7.84;7.93;8.02;8.12;8.22;8.32;8.43;8.54;8.63;8.71;8.78;8.82;8.86;8.89;8.91;8.93;8.95;8.97;8.98;8.99;9.00;9.01;9.02;9.02;9.02;9.02;9.02;9.02;9.01;9.01;9.00;8.98;8.97;8.95;8.94;8.92;8.89;8.87;8.84;8.80;8.77;8.73;8.69;8.64;8.60;8.55;8.49;8.44;8.39;8.33;8.28;8.23;8.19;8.16;8.13;8.11;8.09;8.07;8.05;8.04;8.02;8.00;7.98;7.97;7.95;7.94;7.92;;;;;;;;;;;;;
0.500;;;;;;;;;;;;;;;;;;;;;;7.95;7.82;7.70;7.59;7.48;7.39;7.30;7.22;7.14;7.07;7.00;6.94;6.89;6.84;6.80;6.77;6.75;6.74;6.73;6.72;6.73;6.74;6.75;6.77;6.80;6.83;6.86;6.90;6.95;7.00;7.05;7.11;7.17;7.24;7.30;7.38;7.45;7.53;7.61;7.69;7.77;7.86;7.94;8.03;8.13;8.22;8.33;8.44;8.55;8.65;8.73;8.80;8.84;8.87;8.90;8.92;8.95;8.96;8.98;8.99;9.01;9.02;9.02;9.03;9.03;9.03;9.03;9.03;9.02;9.02;9.01;9.00;8.99;8.97;8.96;8.94;8.92;8.90;8.87;8.84;8.81;8.78;8.74;8.70;8.65;8.61;8.56;8.50;8.45;8.40;8.34;8.29;8.24;8.20;8.16;8.14;8.12;8.10;8.08;8.07;8.05;8.03;8.02;8.00;7.99;7.97;7.96;7.94;;;;;;;;;;;;;
0.400;;;;;;;;;;;;;;;;;;;;;;7.95;7.82;7.70;7.58;7.48;7.38;7.30;7.21;7.14;7.07;7.00;6.94;6.88;6.83;6.80;6.77;6.74;6.73;6.72;6.71;6.72;6.72;6.74;6.76;6.78;6.81;6.85;6.89;6.94;6.99;7.05;7.11;7.17;7.24;7.31;7.39;7.46;7.54;7.62;7.71;7.79;7.87;7.96;8.05;8.14;8.23;8.33;8.44;8.55;8.66;8.75;8.81;8.85;8.88;8.91;8.93;8.96;8.97;8.99;9.01;9.02;9.03;9.03;9.04;9.04;9.04;9.04;9.03;9.03;9.02;9.01;9.00;8.99;8.98;8.96;8.94;8.92;8.90;8.87;8.85;8.82;8.78;8.74;8.70;8.66;8.61;8.56;8.51;8.46;8.41;8.35;8.29;8.24;8.20;8.17;8.14;8.12;8.11;8.09;8.08;8.06;8.05;8.03;8.02;8.00;7.99;7.98;7.96;;;;;;;;;;;;;
0.300;;;;;;;;;;;;;;;;;;;;;;7.94;7.81;7.69;7.58;7.48;7.38;7.29;7.21;7.13;7.06;7.00;6.94;6.88;6.83;6.79;6.76;6.74;6.72;6.71;6.70;6.70;6.71;6.73;6.75;6.77;6.80;6.84;6.88;6.93;6.98;7.04;7.10;7.17;7.24;7.32;7.39;7.47;7.56;7.64;7.72;7.81;7.89;7.98;8.07;8.15;8.24;8.33;8.43;8.55;8.68;8.77;8.83;8.86;8.89;8.91;8.94;8.96;8.98;9.00;9.01;9.02;9.03;9.04;9.04;9.04;9.04;9.04;9.03;9.03;9.02;9.01;9.00;8.99;8.97;8.96;8.94;8.92;8.90;8.88;8.85;8.82;8.78;8.75;8.71;8.67;8.62;8.57;8.52;8.47;8.41;8.36;8.30;8.25;8.21;8.17;8.15;8.13;8.11;8.10;8.09;8.08;8.06;8.05;8.04;8.02;8.01;7.99;7.98;7.97;;;;;;;;;;;;
0.200;;;;;;;;;;;;;;;;;;;;;;7.94;7.81;7.69;7.58;7.47;7.38;7.29;7.21;7.13;7.06;6.99;6.93;6.88;6.83;6.79;6.76;6.73;6.71;6.70;6.69;6.70;6.70;6.72;6.74;6.76;6.79;6.83;6.87;6.92;6.98;7.04;7.10;7.17;7.24;7.32;7.40;7.48;7.57;7.65;7.74;7.83;7.92;8.00;8.09;8.17;8.25;8.33;8.42;8.54;8.69;8.79;8.83;8.86;8.88;8.91;8.94;8.96;8.98;9.00;9.02;9.03;9.03;9.04;9.04;9.04;9.04;9.04;9.03;9.02;9.02;9.01;9.00;8.98;8.97;8.95;8.94;8.92;8.90;8.87;8.85;8.82;8.78;8.75;8.71;8.67;8.62;8.57;8.52;8.47;8.41;8.36;8.30;8.25;8.21;8.18;8.15;8.13;8.12;8.11;8.10;8.09;8.08;8.06;8.05;8.04;8.03;8.01;8.00;7.99;;;;;;;;;;;;
0.100;;;;;;;;;;;;;;;;;;;;;;7.94;7.81;7.69;7.57;7.47;7.38;7.29;7.21;7.13;7.06;6.99;6.93;6.88;6.83;6.79;6.75;6.73;6.71;6.69;6.69;6.69;6.69;6.71;6.73;6.75;6.78;6.82;6.87;6.92;6.97;7.03;7.10;7.17;7.25;7.32;7.41;7.49;7.58;7.67;7.76;7.85;7.94;8.03;8.12;8.20;8.28;8.36;8.43;8.52;8.70;8.78;8.80;8.83;8.87;8.90;8.93;8.96;8.98;9.00;9.01;9.02;9.03;9.04;9.04;9.04;9.03;9.03;9.02;9.02;9.01;9.00;8.99;8.98;8.96;8.95;8.93;8.91;8.89;8.87;8.84;8.81;8.78;8.75;8.71;8.67;8.62;8.57;8.52;8.47;8.41;8.36;8.30;8.25;8.21;8.18;8.15;8.14;8.13;8.12;8.11;8.10;8.09;8.08;8.07;8.06;8.05;8.03;8.02;8.01;;;;;;;;;;;;
0.000;;;;;;;;;;;;;;;;;;;;;;7.94;7.81;7.69;7.57;7.47;7.37;7.29;7.20;7.13;7.06;6.99;6.93;6.88;6.83;6.79;6.75;6.72;6.70;6.69;6.68;6.68;6.69;6.70;6.72;6.74;6.78;6.81;6.86;6.91;6.97;7.03;7.10;7.17;7.25;7.33;7.41;7.50;7.59;7.68;7.78;7.87;7.97;8.06;8.15;8.24;8.32;8.41;8.48;8.56;8.66;8.69;8.75;8.80;8.84;8.88;8.92;8.95;8.97;8.99;9.01;9.02;9.03;9.03;9.03;9.03;9.03;9.02;9.01;9.01;9.00;8.99;8.98;8.97;8.95;8.94;8.92;8.90;8.88;8.86;8.84;8.81;8.78;8.74;8.70;8.66;8.62;8.57;8.52;8.47;8.41;8.36;8.30;8.25;8.21;8.18;8.15;8.14;8.13;8.12;8.12;8.11;8.10;8.09;8.08;8.07;8.06;8.05;8.04;8.03;;;;;;;;;;;;
-0.100;;;;;;;;;;;;;;;;;;;;;;7.94;7.81;7.69;7.57;7.47;7.37;7.29;7.20;7.13;7.06;6.99;6.93;6.88;6.83;6.79;6.75;6.72;6.70;6.69;6.68;6.67;6.68;6.69;6.71;6.74;6.77;6.81;6.85;6.90;6.96;7.02;7.09;7.17;7.25;7.33;7.42;7.51;7.60;7.70;7.79;7.89;7.99;8.09;8.18;8.28;8.37;8.47;8.57;8.67;8.71;8.67;8.71;8.77;8.82;8.87;8.91;8.94;8.96;8.98;9.00;9.01;9.01;9.02;9.02;9.02;9.01;9.01;9.00;8.99;8.98;8.98;8.96;8.95;8.94;8.93;8.91;8.89;8.87;8.85;8.83;8.80;8.77;8.74;8.70;8.66;8.61;8.56;8.51;8.46;8.41;8.35;8.30;8.25;8.20;8.18;8.16;8.14;8.13;8.13;8.12;8.12;8.11;8.10;8.10;8.09;8.08;8.07;8.06;8.05;;;;;;;;;;;;
-0.200;;;;;;;;;;;;;;;;;;;;;;7.94;7.81;7.69;7.57;7.47;7.37;7.29;7.20;7.13;7.06;7.00;6.94;6.88;6.83;6.79;6.75;6.72;6.70;6.68;6.67;6.67;6.68;6.69;6.70;6.73;6.76;6.80;6.85;6.90;6.96;7.02;7.09;7.17;7.25;7.33;7.42;7.51;7.61;7.71;7.81;7.91;8.01;8.11;8.21;8.31;8.41;8.51;8.61;8.69;8.71;8.70;8.72;8.77;8.81;8.85;8.89;8.92;8.95;8.97;8.98;8.99;9.00;9.00;9.00;9.00;9.00;8.99;8.99;8.98;8.97;8.96;8.95;8.94;8.93;8.91;8.90;8.88;8.86;8.84;8.82;8.79;8.76;8.73;8.69;8.65;8.60;8.56;8.51;8.45;8.40;8.34;8.29;8.24;8.20;8.17;8.15;8.14;8.14;8.14;8.13;8.13;8.12;8.12;8.11;8.11;8.10;8.09;8.08;8.07;;;;;;;;;;;;
-0.300;;;;;;;;;;;;;;;;;;;;;;7.95;7.81;7.69;7.58;7.47;7.37;7.29;7.20;7.13;7.06;7.00;6.94;6.89;6.84;6.79;6.76;6.73;6.70;6.68;6.67;6.67;6.67;6.68;6.70;6.73;6.76;6.80;6.84;6.89;6.95;7.02;7.09;7.16;7.25;7.33;7.42;7.52;7.62;7.72;7.82;7.92;8.03;8.13;8.23;8.34;8.44;8.53;8.62;8.68;8.71;8.72;8.74;8.77;8.81;8.85;8.88;8.91;8.93;8.95;8.97;8.98;8.98;8.99;8.99;8.99;8.98;8.98;8.97;8.96;8.95;8.94;8.93;8.92;8.91;8.90;8.88;8.87;8.85;8.83;8.80;8.78;8.75;8.72;8.68;8.64;8.59;8.55;8.50;8.44;8.39;8.33;8.28;8.23;8.20;8.17;8.15;8.15;8.14;8.14;8.14;8.14;8.13;8.13;8.13;8.12;8.12;8.11;8.10;;;;;;;;;;;;;
-0.400;;;;;;;;;;;;;;;;;;;;;;7.95;7.82;7.70;7.58;7.47;7.38;7.29;7.21;7.13;7.07;7.00;6.95;6.89;6.85;6.80;6.76;6.73;6.71;6.69;6.68;6.67;6.67;6.68;6.70;6.72;6.75;6.79;6.84;6.89;6.95;7.01;7.08;7.16;7.24;7.33;7.42;7.52;7.62;7.72;7.82;7.93;8.04;8.14;8.24;8.35;8.45;8.54;8.61;8.67;8.71;8.73;8.75;8.78;8.81;8.84;8.87;8.90;8.92;8.94;8.95;8.96;8.97;8.97;8.97;8.97;8.96;8.96;8.95;8.94;8.93;8.93;8.92;8.91;8.89;8.88;8.87;8.85;8.83;8.81;8.79;8.76;8.74;8.70;8.67;8.62;8.58;8.53;8.48;8.43;8.38;8.32;8.27;8.22;8.19;8.17;8.15;8.15;8.14;8.15;8.15;8.14;8.14;8.14;8.14;8.14;8.13;8.13;8.12;;;;;;;;;;;;;
-0.500;;;;;;;;;;;;;;;;;;;;;;7.96;7.83;7.70;7.59;7.48;7.38;7.29;7.21;7.14;7.07;7.01;6.95;6.90;6.85;6.81;6.77;6.74;6.71;6.69;6.68;6.67;6.67;6.68;6.70;6.72;6.75;6.79;6.83;6.89;6.94;7.01;7.08;7.16;7.24;7.33;7.42;7.52;7.62;7.72;7.83;7.93;8.04;8.14;8.25;8.35;8.44;8.53;8.60;8.66;8.70;8.73;8.76;8.78;8.81;8.84;8.87;8.89;8.91;8.93;8.94;8.94;8.95;8.95;8.95;8.95;8.94;8.94;8.93;8.92;8.92;8.91;8.90;8.89;8.88;8.86;8.85;8.83;8.82;8.80;8.77;8.75;8.72;8.69;8.65;8.61;8.57;8.52;8.47;8.42;8.36;8.31;8.26;8.21;8.18;8.16;8.15;8.15;8.15;8.15;8.15;8.15;8.15;8.15;8.15;8.15;8.15;8.14;8.14;;;;;;;;;;;;;
-0.600;;;;;;;;;;;;;;;;;;;;;;7.97;7.83;7.71;7.59;7.48;7.39;7.30;7.21;7.14;7.07;7.01;6.96;6.91;6.86;6.82;6.78;6.75;6.72;6.70;6.68;6.68;6.68;6.68;6.70;6.72;6.75;6.79;6.83;6.88;6.94;7.01;7.08;7.16;7.24;7.33;7.42;7.52;7.62;7.72;7.82;7.93;8.04;8.14;8.24;8.34;8.43;8.51;8.59;8.64;8.69;8.73;8.76;8.79;8.81;8.84;8.86;8.88;8.90;8.91;8.92;8.93;8.93;8.93;8.93;8.93;8.92;8.92;8.91;8.90;8.90;8.89;8.88;8.87;8.86;8.85;8.83;8.82;8.80;8.78;8.76;8.73;8.70;8.67;8.63;8.59;8.55;8.50;8.45;8.40;8.35;8.29;8.24;8.20;8.17;8.16;8.15;8.15;8.15;8.15;8.16;8.16;8.16;8.16;8.16;8.16;8.16;8.16;8.16;;;;;;;;;;;;;
-0.700;;;;;;;;;;;;;;;;;;;;;;7.98;7.84;7.72;7.60;7.49;7.39;7.30;7.22;7.15;7.08;7.02;6.97;6.92;6.87;6.83;6.79;6.76;6.73;6.71;6.69;6.68;6.68;6.69;6.70;6.72;6.75;6.79;6.83;6.88;6.94;7.00;7.07;7.15;7.23;7.32;7.42;7.51;7.61;7.71;7.82;7.92;8.03;8.13;8.23;8.32;8.41;8.49;8.57;8.63;8.68;8.72;8.75;8.78;8.81;8.83;8.85;8.87;8.89;8.90;8.91;8.91;8.92;8.92;8.91;8.91;8.90;8.90;8.89;8.88;8.88;8.87;8.86;8.85;8.84;8.83;8.81;8.80;8.78;8.76;8.74;8.71;8.68;8.65;8.61;8.57;8.53;8.48;8.43;8.38;8.33;8.28;8.23;8.19;8.17;8.15;8.15;8.15;8.15;8.16;8.16;8.17;8.17;8.17;8.17;8.18;8.18;8.18;8.17;;;;;;;;;;;;;
-0.800;;;;;;;;;;;;;;;;;;;;;;;7.86;7.73;7.61;7.50;7.40;7.31;7.23;7.15;7.09;7.03;6.98;6.93;6.88;6.84;6.80;6.77;6.74;6.72;6.70;6.69;6.69;6.69;6.71;6.73;6.75;6.79;6.83;6.88;6.94;7.00;7.07;7.15;7.23;7.32;7.41;7.50;7.60;7.70;7.81;7.91;8.01;8.11;8.21;8.30;8.39;8.47;8.54;8.60;8.66;8.70;8.74;8.77;8.80;8.82;8.85;8.86;8.88;8.89;8.89;8.90;8.90;8.90;8.90;8.89;8.89;8.88;8.87;8.86;8.86;8.85;8.84;8.83;8.82;8.81;8.79;8.78;8.76;8.74;8.72;8.69;8.66;8.63;8.59;8.55;8.51;8.46;8.41;8.36;8.31;8.26;8.21;8.18;8.16;8.15;8.15;8.15;8.16;8.16;8.17;8.17;8.18;8.18;8.19;8.19;8.19;8.19;8.19;;;;;;;;;;;;;
-0.900;;;;;;;;;;;;;;;;;;;;;;;7.87;7.74;7.62;7.51;7.41;7.32;7.24;7.16;7.10;7.04;6.98;6.94;6.89;6.85;6.82;6.78;6.75;6.73;6.71;6.70;6.70;6.70;6.71;6.73;6.76;6.79;6.83;6.88;6.94;7.00;7.07;7.14;7.22;7.31;7.40;7.49;7.59;7.69;7.79;7.89;7.99;8.09;8.19;8.28;8.36;8.44;8.52;8.58;8.63;8.68;8.72;8.76;8.79;8.81;8.83;8.85;8.86;8.87;8.88;8.88;8.88;8.88;8.88;8.87;8.87;8.86;8.85;8.85;8.84;8.83;8.82;8.81;8.80;8.79;8.77;8.76;8.74;8.72;8.70;8.67;8.64;8.61;8.57;8.53;8.48;8.44;8.39;8.34;8.29;8.24;8.20;8.17;8.15;8.14;8.15;8.15;8.16;8.17;8.17;8.18;8.18;8.19;8.20;8.20;8.21;8.21;8.21;;;;;;;;;;;;;
-1.000;;;;;;;;;;;;;;;;;;;;;;;7.89;7.76;7.64;7.52;7.42;7.33;7.25;7.17;7.10;7.05;7.00;6.95;6.91;6.87;6.83;6.80;6.77;6.74;6.72;6.71;6.71;6.71;6.72;6.74;6.76;6.80;6.83;6.88;6.94;7.00;7.06;7.14;7.21;7.30;7.39;7.48;7.57;7.67;7.77;7.87;7.97;8.06;8.16;8.25;8.33;8.41;8.48;8.55;8.61;8.66;8.70;8.74;8.77;8.80;8.82;8.84;8.85;8.86;8.86;8.86;8.86;8.86;8.86;8.85;8.85;8.84;8.83;8.83;8.82;8.81;8.80;8.79;8.78;8.77;8.75;8.74;8.72;8.70;8.67;8.65;8.62;8.58;8.54;8.50;8.46;8.41;8.36;8.31;8.26;8.22;8.18;8.16;8.15;8.14;8.14;8.15;8.16;8.17;8.18;8.18;8.19;8.20;8.21;8.21;8.22;8.22;8.22;;;;;;;;;;;;;
-1.100;;;;;;;;;;;;;;;;;;;;;;;7.91;7.78;7.65;7.54;7.44;7.34;7.26;7.18;7.11;7.06;7.01;6.96;6.92;6.88;6.85;6.81;6.78;6.76;6.74;6.73;6.72;6.72;6.73;6.75;6.77;6.80;6.84;6.88;6.93;6.99;7.06;7.13;7.20;7.29;7.37;7.46;7.55;7.65;7.75;7.84;7.94;8.03;8.12;8.21;8.30;8.38;8.45;8.52;8.58;8.63;8.68;8.71;8.75;8.78;8.80;8.82;8.83;8.84;8.84;8.85;8.85;8.84;8.84;8.84;8.83;8.82;8.81;8.81;8.80;8.79;8.78;8.77;8.76;8.75;8.73;8.71;8.70;8.67;8.65;8.62;8.59;8.56;8.52;8.48;8.43;8.39;8.34;8.29;8.24;8.20;8.17;8.15;8.14;8.14;8.15;8.15;8.16;8.17;8.18;8.19;8.20;8.21;8.21;8.22;8.23;8.24;;;;;;;;;;;;;;
-1.200;;;;;;;;;;;;;;;;;;;;;;;7.94;7.80;7.67;7.56;7.45;7.36;7.27;7.19;7.13;7.07;7.02;6.97;6.93;6.90;6.87;6.83;6.80;6.78;6.76;6.74;6.74;6.74;6.74;6.76;6.78;6.81;6.84;6.88;6.93;6.99;7.05;7.12;7.19;7.27;7.36;7.44;7.53;7.62;7.72;7.81;7.91;8.00;8.09;8.17;8.26;8.34;8.41;8.48;8.54;8.59;8.64;8.69;8.72;8.75;8.78;8.79;8.81;8.82;8.82;8.83;8.83;8.82;8.82;8.82;8.81;8.80;8.79;8.79;8.78;8.77;8.76;8.75;8.74;8.72;8.71;8.69;8.67;8.65;8.62;8.60;8.56;8.53;8.49;8.45;8.40;8.36;8.31;8.26;8.22;8.18;8.15;8.14;8.14;8.14;8.15;8.16;8.17;8.18;8.18;8.19;8.20;8.21;8.22;8.23;8.24;8.25;;;;;;;;;;;;;;
-1.300;;;;;;;;;;;;;;;;;;;;;;;;7.83;7.69;7.58;7.47;7.37;7.29;7.21;7.14;7.08;7.03;6.99;6.95;6.91;6.88;6.85;6.82;6.80;6.78;6.76;6.75;6.75;6.76;6.77;6.79;6.81;6.85;6.89;6.93;6.99;7.05;7.11;7.18;7.26;7.34;7.42;7.51;7.60;7.69;7.78;7.87;7.96;8.05;8.13;8.22;8.29;8.37;8.44;8.50;8.56;8.61;8.65;8.69;8.72;8.75;8.77;8.78;8.79;8.80;8.80;8.80;8.80;8.80;8.79;8.79;8.78;8.77;8.76;8.75;8.74;8.73;8.72;8.71;8.70;8.68;8.66;8.64;8.62;8.60;8.57;8.53;8.50;8.46;8.42;8.37;8.33;8.28;8.23;8.19;8.16;8.14;8.13;8.13;8.14;8.15;8.16;8.17;8.18;8.19;8.20;8.21;8.22;8.23;8.24;8.25;8.26;;;;;;;;;;;;;;
-1.400;;;;;;;;;;;;;;;;;;;;;;;;7.86;7.72;7.60;7.49;7.39;7.30;7.23;7.16;7.10;7.05;7.00;6.97;6.93;6.90;6.87;6.84;6.82;6.80;6.78;6.77;6.77;6.77;6.78;6.80;6.82;6.85;6.89;6.93;6.98;7.04;7.10;7.17;7.24;7.32;7.40;7.48;7.57;7.66;7.74;7.83;7.92;8.00;8.09;8.17;8.25;8.32;8.39;8.45;8.51;8.56;8.61;8.65;8.68;8.71;8.73;8.75;8.76;8.77;8.78;8.78;8.78;8.77;8.77;8.76;8.76;8.75;8.74;8.73;8.72;8.71;8.70;8.68;8.67;8.65;8.64;8.61;8.59;8.56;8.53;8.50;8.47;8.43;8.38;8.34;8.30;8.25;8.21;8.17;8.15;8.13;8.13;8.13;8.14;8.15;8.16;8.17;8.18;8.19;8.20;8.22;8.23;8.24;8.25;8.26;8.27;;;;;;;;;;;;;;
-1.500;;;;;;;;;;;;;;;;;;;;;;;;7.89;7.75;7.63;7.51;7.42;7.33;7.25;7.17;7.11;7.06;7.02;6.98;6.95;6.92;6.89;6.87;6.84;6.82;6.80;6.79;6.78;6.79;6.79;6.81;6.83;6.86;6.89;6.93;6.98;7.03;7.09;7.16;7.23;7.30;7.37;7.45;7.54;7.62;7.70;7.79;7.87;7.96;8.04;8.12;8.20;8.27;8.34;8.40;8.46;8.52;8.57;8.61;8.64;8.67;8.70;8.72;8.73;8.74;8.75;8.75;8.75;8.75;8.74;8.74;8.73;8.72;8.71;8.70;8.69;8.68;8.67;8.66;8.64;8.62;8.61;8.58;8.56;8.53;8.50;8.47;8.43;8.39;8.35;8.31;8.26;8.22;8.18;8.15;8.13;8.12;8.12;8.13;8.14;8.15;8.16;8.17;8.18;8.20;8.21;8.22;8.23;8.25;8.26;8.27;;;;;;;;;;;;;;;
-1.600;;;;;;;;;;;;;;;;;;;;;;;;;7.78;7.66;7.54;7.44;7.35;7.27;7.19;7.13;7.08;7.04;7.00;6.97;6.94;6.91;6.89;6.86;6.84;6.82;6.81;6.80;6.80;6.81;6.82;6.84;6.87;6.90;6.93;6.98;7.03;7.08;7.14;7.21;7.28;7.35;7.43;7.50;7.58;7.66;7.75;7.83;7.91;7.99;8.07;8.14;8.22;8.29;8.35;8.41;8.47;8.52;8.56;8.60;8.63;8.66;8.68;8.69;8.70;8.71;8.71;8.72;8.71;8.71;8.71;8.70;8.69;8.68;8.67;8.66;8.65;8.64;8.62;8.61;8.59;8.57;8.55;8.52;8.50;8.46;8.43;8.39;8.36;8.31;8.27;8.23;8.19;8.16;8.13;8.12;8.12;8.12;8.13;8.14;8.15;8.17;8.18;8.19;8.20;8.21;8.23;8.24;8.26;8.27;8.28;;;;;;;;;;;;;;;
-1.700;;;;;;;;;;;;;;;;;;;;;;;;;7.82;7.69;7.57;7.47;7.37;7.29;7.22;7.15;7.10;7.06;7.02;6.99;6.96;6.94;6.91;6.89;6.87;6.85;6.83;6.83;6.82;6.83;6.84;6.85;6.87;6.90;6.94;6.98;7.02;7.07;7.13;7.19;7.26;7.32;7.40;7.47;7.55;7.62;7.70;7.78;7.86;7.94;8.01;8.09;8.16;8.23;8.30;8.36;8.41;8.46;8.51;8.55;8.58;8.61;8.63;8.65;8.66;8.67;8.68;8.68;8.68;8.68;8.67;8.67;8.66;8.65;8.64;8.63;8.62;8.60;8.59;8.57;8.56;8.53;8.51;8.49;8.46;8.43;8.39;8.36;8.32;8.28;8.24;8.20;8.16;8.13;8.12;8.11;8.11;8.12;8.13;8.14;8.16;8.17;8.18;8.19;8.20;8.22;8.23;8.25;8.26;8.28;8.29;;;;;;;;;;;;;;;
-1.800;;;;;;;;;;;;;;;;;;;;;;;;;7.87;7.73;7.61;7.50;7.40;7.32;7.24;7.18;7.12;7.08;7.04;7.01;6.98;6.96;6.94;6.92;6.89;6.88;6.86;6.85;6.85;6.85;6.85;6.87;6.88;6.91;6.94;6.98;7.02;7.07;7.12;7.17;7.23;7.30;7.37;7.44;7.51;7.58;7.66;7.73;7.81;7.88;7.96;8.03;8.10;8.17;8.24;8.30;8.35;8.40;8.45;8.49;8.53;8.56;8.58;8.60;8.62;8.63;8.63;8.64;8.64;8.64;8.63;8.63;8.62;8.61;8.60;8.59;8.58;8.57;8.55;8.54;8.52;8.49;8.47;8.45;8.42;8.38;8.35;8.32;8.28;8.24;8.20;8.16;8.13;8.12;8.11;8.11;8.11;8.12;8.13;8.15;8.16;8.17;8.18;8.19;8.21;8.22;8.24;8.25;8.27;8.29;;;;;;;;;;;;;;;;
-1.900;;;;;;;;;;;;;;;;;;;;;;;;;;7.77;7.65;7.53;7.43;7.35;7.27;7.20;7.15;7.10;7.06;7.03;7.00;6.98;6.96;6.94;6.92;6.90;6.89;6.87;6.87;6.87;6.87;6.88;6.90;6.92;6.94;6.98;7.01;7.06;7.11;7.16;7.21;7.27;7.34;7.40;7.47;7.54;7.61;7.68;7.76;7.83;7.90;7.97;8.04;8.11;8.17;8.23;8.29;8.34;8.39;8.43;8.47;8.50;8.53;8.55;8.56;8.58;8.58;8.59;8.59;8.59;8.59;8.58;8.58;8.57;8.56;8.55;8.54;8.53;8.51;8.49;8.47;8.45;8.43;8.40;8.37;8.34;8.31;8.27;8.24;8.20;8.16;8.13;8.11;8.10;8.10;8.10;8.11;8.12;8.14;8.15;8.16;8.17;8.18;8.20;8.21;8.23;8.24;8.26;8.28;8.30;;;;;;;;;;;;;;;;
-2.000;;;;;;;;;;;;;;;;;;;;;;;;;;7.82;7.69;7.57;7.47;7.38;7.30;7.23;7.17;7.13;7.09;7.05;7.03;7.01;6.99;6.97;6.95;6.93;6.92;6.90;6.89;6.89;6.89;6.90;6.91;6.93;6.95;6.98;7.01;7.05;7.09;7.14;7.19;7.25;7.31;7.37;7.43;7.50;7.57;7.64;7.70;7.77;7.84;7.91;7.98;8.05;8.11;8.17;8.23;8.28;8.33;8.37;8.41;8.44;8.47;8.49;8.51;8.52;8.53;8.54;8.54;8.54;8.54;8.54;8.53;8.52;8.52;8.51;8.49;8.48;8.46;8.45;8.43;8.41;8.38;8.36;8.33;8.30;8.26;8.23;8.20;8.16;8.13;8.11;8.10;8.09;8.10;8.10;8.11;8.13;8.14;8.15;8.16;8.17;8.18;8.20;8.21;8.23;8.25;8.27;8.29;;;;;;;;;;;;;;;;;
-2.100;;;;;;;;;;;;;;;;;;;;;;;;;;;7.74;7.62;7.51;7.42;7.34;7.27;7.21;7.15;7.11;7.08;7.05;7.03;7.01;7.00;6.98;6.96;6.95;6.93;6.92;6.91;6.91;6.92;6.93;6.94;6.96;6.98;7.01;7.05;7.09;7.13;7.17;7.23;7.28;7.34;7.40;7.46;7.52;7.59;7.65;7.72;7.79;7.85;7.92;7.98;8.05;8.10;8.16;8.21;8.26;8.30;8.34;8.38;8.40;8.43;8.45;8.46;8.48;8.48;8.49;8.49;8.49;8.49;8.48;8.48;8.47;8.46;8.44;8.43;8.42;8.40;8.38;8.36;8.33;8.31;8.28;8.25;8.22;8.19;8.15;8.12;8.10;8.09;8.08;8.09;8.09;8.10;8.12;8.13;8.14;8.15;8.16;8.17;8.19;8.20;8.22;8.24;8.25;8.27;8.29;;;;;;;;;;;;;;;;;
-2.200;;;;;;;;;;;;;;;;;;;;;;;;;;;7.79;7.67;7.55;7.46;7.37;7.30;7.24;7.19;7.14;7.11;7.08;7.06;7.04;7.02;7.01;6.99;6.98;6.96;6.95;6.94;6.94;6.94;6.94;6.95;6.97;6.99;7.02;7.04;7.08;7.12;7.16;7.21;7.25;7.31;7.36;7.42;7.48;7.54;7.60;7.67;7.73;7.80;7.86;7.92;7.98;8.04;8.09;8.15;8.19;8.24;8.28;8.31;8.34;8.36;8.39;8.40;8.41;8.42;8.43;8.43;8.43;8.43;8.43;8.42;8.41;8.40;8.39;8.38;8.36;8.35;8.33;8.31;8.28;8.26;8.23;8.20;8.17;8.14;8.11;8.09;8.08;8.08;8.08;8.08;8.09;8.10;8.12;8.13;8.14;8.15;8.16;8.18;8.19;8.21;8.22;8.24;8.26;8.28;8.30;;;;;;;;;;;;;;;;;
-2.300;;;;;;;;;;;;;;;;;;;;;;;;;;;;7.72;7.60;7.50;7.41;7.34;7.28;7.22;7.17;7.14;7.11;7.09;7.07;7.05;7.04;7.03;7.01;7.00;6.98;6.97;6.97;6.96;6.97;6.97;6.98;7.00;7.02;7.05;7.07;7.11;7.15;7.19;7.23;7.28;7.33;7.38;7.44;7.50;7.56;7.62;7.68;7.74;7.80;7.86;7.92;7.97;8.03;8.08;8.12;8.17;8.21;8.24;8.27;8.30;8.32;8.34;8.35;8.36;8.37;8.37;8.37;8.37;8.37;8.36;8.36;8.35;8.34;8.32;8.31;8.29;8.27;8.25;8.23;8.21;8.18;8.15;8.13;8.10;8.08;8.07;8.06;8.07;8.07;8.08;8.09;8.11;8.12;8.13;8.14;8.15;8.16;8.18;8.19;8.21;8.23;8.25;8.27;8.29;;;;;;;;;;;;;;;;;;
-2.400;;;;;;;;;;;;;;;;;;;;;;;;;;;;7.78;7.66;7.55;7.46;7.38;7.31;7.26;7.21;7.17;7.14;7.12;7.10;7.08;7.07;7.06;7.05;7.03;7.02;7.00;7.00;6.99;6.99;6.99;7.00;7.01;7.03;7.05;7.07;7.10;7.14;7.17;7.21;7.26;7.30;7.35;7.40;7.46;7.51;7.57;7.63;7.68;7.74;7.80;7.85;7.91;7.96;8.01;8.06;8.10;8.14;8.17;8.20;8.23;8.25;8.27;8.28;8.30;8.30;8.31;8.31;8.31;8.31;8.30;8.30;8.29;8.28;8.27;8.25;8.24;8.22;8.20;8.18;8.15;8.13;8.11;8.08;8.06;8.06;8.05;8.05;8.06;8.07;8.08;8.09;8.11;8.12;8.13;8.14;8.15;8.17;8.18;8.20;8.22;8.23;8.26;8.28;8.30;;;;;;;;;;;;;;;;;;
-2.500;;;;;;;;;;;;;;;;;;;;;;;;;;;;;7.72;7.61;7.51;7.43;7.36;7.30;7.25;7.21;7.17;7.15;7.13;7.11;7.10;7.09;7.08;7.07;7.05;7.04;7.03;7.02;7.02;7.02;7.02;7.03;7.04;7.06;7.08;7.10;7.13;7.16;7.20;7.24;7.28;7.32;7.37;7.42;7.47;7.52;7.58;7.63;7.69;7.74;7.79;7.85;7.90;7.94;7.99;8.03;8.07;8.10;8.13;8.16;8.18;8.20;8.22;8.23;8.24;8.24;8.25;8.25;8.25;8.24;8.24;8.23;8.22;8.21;8.19;8.18;8.16;8.14;8.12;8.10;8.08;8.06;8.05;8.04;8.04;8.04;8.05;8.06;8.07;8.08;8.10;8.11;8.12;8.13;8.14;8.15;8.17;8.18;8.20;8.22;8.24;8.27;8.29;;;;;;;;;;;;;;;;;;;
-2.600;;;;;;;;;;;;;;;;;;;;;;;;;;;;;7.79;7.67;7.57;7.48;7.40;7.34;7.29;7.24;7.21;7.18;7.16;7.15;7.13;7.12;7.11;7.10;7.09;7.08;7.07;7.05;7.05;7.04;7.04;7.05;7.06;7.07;7.08;7.10;7.13;7.15;7.19;7.22;7.26;7.30;7.34;7.39;7.43;7.48;7.53;7.58;7.63;7.69;7.74;7.79;7.83;7.88;7.92;7.96;8.00;8.03;8.06;8.09;8.11;8.13;8.15;8.16;8.17;8.18;8.18;8.18;8.18;8.18;8.17;8.17;8.16;8.15;8.13;8.12;8.11;8.09;8.07;8.05;8.04;8.02;8.02;8.02;8.02;8.03;8.04;8.06;8.07;8.08;8.10;8.11;8.12;8.13;8.14;8.16;8.17;8.19;8.21;8.23;8.25;8.28;8.30;;;;;;;;;;;;;;;;;;;
-2.700;;;;;;;;;;;;;;;;;;;;;;;;;;;;;;7.74;7.63;7.53;7.46;7.39;7.33;7.29;7.25;7.22;7.20;7.18;7.17;7.16;7.15;7.14;7.13;7.12;7.11;7.09;7.08;7.07;7.07;7.07;7.07;7.08;7.09;7.11;7.13;7.15;7.18;7.21;7.24;7.28;7.32;7.36;7.40;7.45;7.49;7.54;7.59;7.64;7.68;7.73;7.77;7.82;7.86;7.90;7.93;7.97;8.00;8.02;8.05;8.06;8.08;8.09;8.10;8.11;8.11;8.12;8.12;8.11;8.11;8.10;8.10;8.09;8.08;8.06;8.05;8.04;8.02;8.01;8.00;8.00;8.00;8.01;8.02;8.03;8.04;8.06;8.07;8.08;8.10;8.11;8.12;8.13;8.14;8.16;8.18;8.20;8.22;8.24;8.27;8.29;;;;;;;;;;;;;;;;;;;;
-2.800;;;;;;;;;;;;;;;;;;;;;;;;;;;;;;;7.70;7.60;7.51;7.44;7.38;7.33;7.29;7.26;7.23;7.22;7.20;7.19;7.18;7.18;7.17;7.16;7.15;7.14;7.12;7.11;7.10;7.10;7.10;7.10;7.11;7.12;7.14;7.16;7.18;7.20;7.23;7.26;7.30;7.33;7.37;7.41;7.46;7.50;7.54;7.59;7.63;7.68;7.72;7.76;7.80;7.84;7.87;7.90;7.93;7.96;7.98;8.00;8.01;8.03;8.04;8.04;8.05;8.05;8.05;8.05;8.05;8.04;8.04;8.03;8.02;8.01;8.00;7.99;7.98;7.97;7.98;7.98;7.99;8.00;8.01;8.03;8.04;8.06;8.07;8.08;8.09;8.11;8.12;8.13;8.15;8.16;8.18;8.20;8.23;8.25;8.28;;;;;;;;;;;;;;;;;;;;;
-2.900;;;;;;;;;;;;;;;;;;;;;;;;;;;;;;;7.77;7.67;7.57;7.50;7.44;7.38;7.34;7.30;7.28;7.25;7.24;7.23;7.22;7.21;7.21;7.20;7.19;7.18;7.17;7.15;7.14;7.13;7.13;7.13;7.13;7.14;7.15;7.16;7.18;7.20;7.23;7.25;7.28;7.32;7.35;7.39;7.43;7.47;7.51;7.55;7.59;7.63;7.67;7.71;7.75;7.78;7.81;7.84;7.87;7.89;7.92;7.93;7.95;7.96;7.97;7.98;7.99;7.99;7.99;7.99;7.99;7.99;7.98;7.98;7.97;7.96;7.95;7.95;7.95;7.95;7.96;7.97;7.98;7.99;8.01;8.02;8.04;8.05;8.07;8.08;8.09;8.10;8.12;8.13;8.15;8.17;8.19;8.22;8.24;8.27;8.30;;;;;;;;;;;;;;;;;;;;;
-3.000;;;;;;;;;;;;;;;;;;;;;;;;;;;;;;;;7.74;7.64;7.56;7.49;7.44;7.39;7.35;7.32;7.30;7.28;7.27;7.26;7.25;7.24;7.24;7.23;7.22;7.21;7.20;7.19;7.17;7.16;7.16;7.16;7.16;7.17;7.18;7.19;7.21;7.23;7.25;7.28;7.31;7.34;7.37;7.40;7.44;7.48;7.51;7.55;7.59;7.63;7.66;7.70;7.73;7.76;7.79;7.81;7.84;7.86;7.87;7.89;7.90;7.91;7.92;7.93;7.93;7.93;7.93;7.93;7.93;7.93;7.93;7.92;7.92;7.92;7.92;7.93;7.94;7.95;7.96;7.98;7.99;8.01;8.02;8.04;8.05;8.07;8.08;8.09;8.10;8.12;8.14;8.16;8.18;8.21;8.23;8.26;8.29;;;;;;;;;;;;;;;;;;;;;;
-3.100;;;;;;;;;;;;;;;;;;;;;;;;;;;;;;;;;7.72;7.63;7.56;7.49;7.44;7.40;7.37;7.34;7.32;7.31;7.30;7.29;7.28;7.28;7.27;7.26;7.25;7.24;7.23;7.22;7.21;7.20;7.19;7.19;7.19;7.20;7.21;7.22;7.24;7.26;7.28;7.30;7.33;7.36;7.39;7.42;7.45;7.49;7.52;7.55;7.59;7.62;7.65;7.68;7.71;7.74;7.76;7.78;7.80;7.82;7.83;7.85;7.86;7.87;7.87;7.88;7.88;7.88;7.88;7.88;7.88;7.88;7.88;7.89;7.90;7.91;7.92;7.93;7.94;7.96;7.98;7.99;8.01;8.02;8.04;8.05;8.06;8.08;8.09;8.11;8.13;8.15;8.17;8.19;8.22;8.25;8.28;;;;;;;;;;;;;;;;;;;;;;;
-3.200;;;;;;;;;;;;;;;;;;;;;;;;;;;;;;;;;;7.71;7.62;7.56;7.50;7.46;7.42;7.39;7.37;7.35;7.34;7.33;7.32;7.32;7.31;7.31;7.30;7.29;7.28;7.27;7.26;7.25;7.24;7.23;7.22;7.22;7.23;7.24;7.25;7.27;7.28;7.30;7.33;7.35;7.38;7.41;7.43;7.46;7.50;7.53;7.56;7.59;7.61;7.64;7.67;7.69;7.72;7.74;7.75;7.77;7.78;7.80;7.81;7.82;7.82;7.83;7.83;7.84;7.84;7.84;7.84;7.85;7.86;7.87;7.88;7.90;7.91;7.93;7.94;7.96;7.97;7.99;8.01;8.02;8.03;8.05;8.06;8.08;8.09;8.11;8.13;8.16;8.18;8.21;8.24;8.28;8.31;;;;;;;;;;;;;;;;;;;;;;;
-3.300;;;;;;;;;;;;;;;;;;;;;;;;;;;;;;;;;;;7.70;7.63;7.57;7.52;7.47;7.44;7.42;7.40;7.38;7.37;7.36;7.36;7.35;7.35;7.34;7.33;7.33;7.32;7.31;7.30;7.29;7.28;7.27;7.26;7.26;7.26;7.27;7.28;7.30;7.31;7.33;7.35;7.37;7.40;7.42;7.45;7.48;7.50;7.53;7.56;7.58;7.61;7.63;7.66;7.68;7.69;7.71;7.73;7.74;7.75;7.76;7.77;7.78;7.79;7.79;7.80;7.80;7.81;7.82;7.84;7.85;7.86;7.88;7.89;7.91;7.92;7.94;7.96;7.97;7.99;8.00;8.02;8.03;8.04;8.06;8.08;8.10;8.12;8.15;8.18;8.21;8.24;8.27;8.31;;;;;;;;;;;;;;;;;;;;;;;;
-3.400;;;;;;;;;;;;;;;;;;;;;;;;;;;;;;;;;;;7.79;7.70;7.64;7.58;7.53;7.50;7.47;7.45;7.43;7.41;7.40;7.40;7.39;7.39;7.38;7.38;7.37;7.36;7.36;7.35;7.34;7.33;7.32;7.31;7.31;7.30;7.30;7.31;7.32;7.33;7.34;7.36;7.38;7.40;7.42;7.44;7.47;7.49;7.52;7.54;7.56;7.58;7.61;7.63;7.64;7.66;7.68;7.69;7.70;7.72;7.73;7.74;7.74;7.75;7.76;7.78;7.79;7.80;7.82;7.83;7.85;7.86;7.88;7.89;7.91;7.92;7.94;7.95;7.97;7.98;8.00;8.01;8.03;8.05;8.07;8.09;8.11;8.14;8.17;8.20;8.23;8.27;8.31;;;;;;;;;;;;;;;;;;;;;;;;;
-3.500;;;;;;;;;;;;;;;;;;;;;;;;;;;;;;;;;;;;7.79;7.71;7.65;7.60;7.56;7.52;7.50;7.48;7.46;7.45;7.44;7.43;7.43;7.42;7.42;7.42;7.41;7.40;7.40;7.39;7.38;7.37;7.36;7.36;7.35;7.35;7.35;7.35;7.36;7.37;7.38;7.39;7.41;7.43;7.45;7.47;7.49;7.51;7.53;7.55;7.57;7.59;7.60;7.62;7.64;7.65;7.66;7.68;7.69;7.70;7.71;7.73;7.74;7.76;7.77;7.79;7.80;7.81;7.83;7.85;7.86;7.88;7.89;7.91;7.92;7.94;7.95;7.97;7.98;8.00;8.01;8.03;8.05;8.08;8.10;8.13;8.16;8.19;8.23;8.27;8.31;;;;;;;;;;;;;;;;;;;;;;;;;;
-3.600;;;;;;;;;;;;;;;;;;;;;;;;;;;;;;;;;;;;;7.80;7.73;7.67;7.62;7.59;7.55;7.53;7.51;7.50;7.48;7.48;7.47;7.47;7.46;7.46;7.45;7.45;7.44;7.44;7.43;7.42;7.41;7.41;7.40;7.40;7.40;7.40;7.40;7.41;7.41;7.42;7.43;7.44;7.46;7.47;7.49;7.51;7.52;7.54;7.56;7.57;7.59;7.61;7.62;7.64;7.65;7.67;7.68;7.70;7.71;7.73;7.74;7.76;7.77;7.79;7.80;7.82;7.83;7.85;7.86;7.88;7.89;7.91;7.92;7.93;7.95;7.96;7.98;8.00;8.02;8.04;8.06;8.09;8.12;8.15;8.19;8.23;8.27;8.31;;;;;;;;;;;;;;;;;;;;;;;;;;;
-3.700;;;;;;;;;;;;;;;;;;;;;;;;;;;;;;;;;;;;;;7.82;7.75;7.70;7.65;7.62;7.59;7.57;7.55;7.53;7.52;7.51;7.51;7.50;7.50;7.49;7.49;7.49;7.48;7.48;7.47;7.46;7.46;7.45;7.45;7.45;7.45;7.45;7.45;7.46;7.46;7.47;7.48;7.49;7.50;7.52;7.53;7.54;7.56;7.57;7.59;7.60;7.62;7.63;7.65;7.66;7.68;7.69;7.71;7.72;7.74;7.75;7.77;7.78;7.79;7.81;7.82;7.84;7.85;7.86;7.88;7.89;7.90;7.92;7.93;7.95;7.96;7.98;8.00;8.03;8.06;8.08;8.12;8.15;8.19;8.23;8.27;8.32;;;;;;;;;;;;;;;;;;;;;;;;;;;;
-3.800;;;;;;;;;;;;;;;;;;;;;;;;;;;;;;;;;;;;;;;7.84;7.78;7.73;7.68;7.65;7.62;7.60;7.58;7.57;7.56;7.55;7.55;7.54;7.54;7.53;7.53;7.52;7.52;7.52;7.51;7.51;7.50;7.50;7.50;7.50;7.50;7.50;7.50;7.51;7.51;7.52;7.53;7.54;7.55;7.56;7.57;7.59;7.60;7.61;7.63;7.64;7.65;7.67;7.68;7.69;7.71;7.72;7.74;7.75;7.76;7.78;7.79;7.80;7.81;7.83;7.84;7.85;7.86;7.88;7.89;7.90;7.92;7.93;7.95;7.97;7.99;8.02;8.05;8.08;8.11;8.15;8.19;8.23;8.28;8.33;;;;;;;;;;;;;;;;;;;;;;;;;;;;;
-3.900;;;;;;;;;;;;;;;;;;;;;;;;;;;;;;;;;;;;;;;;;7.81;7.76;7.72;7.69;7.66;7.64;7.62;7.61;7.60;7.59;7.58;7.58;7.57;7.57;7.56;7.56;7.56;7.55;7.55;7.55;7.55;7.54;7.54;7.54;7.55;7.55;7.55;7.56;7.56;7.57;7.58;7.59;7.60;7.61;7.62;7.63;7.64;7.65;7.67;7.68;7.69;7.70;7.71;7.73;7.74;7.75;7.76;7.77;7.79;7.80;7.81;7.82;7.83;7.84;7.85;7.87;7.88;7.89;7.91;7.92;7.94;7.96;7.99;8.01;8.04;8.07;8.11;8.15;8.19;8.24;8.29;8.34;;;;;;;;;;;;;;;;;;;;;;;;;;;;;;
-4.000;;;;;;;;;;;;;;;;;;;;;;;;;;;;;;;;;;;;;;;;;;7.84;7.79;7.75;7.72;7.70;7.68;7.66;7.65;7.64;7.63;7.62;7.61;7.61;7.60;7.60;7.60;7.59;7.59;7.59;7.59;7.59;7.59;7.59;7.59;7.59;7.59;7.60;7.60;7.61;7.62;7.63;7.63;7.64;7.65;7.66;7.67;7.68;7.69;7.70;7.71;7.72;7.74;7.75;7.76;7.77;7.78;7.79;7.80;7.81;7.82;7.83;7.84;7.85;7.86;7.87;7.88;7.90;7.91;7.93;7.96;7.98;8.01;8.04;8.07;8.11;8.15;8.20;8.25;8.30;8.36;;;;;;;;;;;;;;;;;;;;;;;;;;;;;;;
-4.100;;;;;;;;;;;;;;;;;;;;;;;;;;;;;;;;;;;;;;;;;;;7.88;7.83;7.79;7.76;7.74;7.72;7.70;7.69;7.68;7.67;7.66;7.65;7.64;7.64;7.64;7.63;7.63;7.63;7.63;7.63;7.63;7.63;7.63;7.63;7.63;7.64;7.64;7.65;7.65;7.66;7.67;7.68;7.68;7.69;7.70;7.71;7.72;7.73;7.74;7.75;7.75;7.76;7.77;7.78;7.79;7.80;7.80;7.81;7.82;7.83;7.84;7.85;7.86;7.88;7.89;7.91;7.93;7.96;7.98;8.01;8.04;8.08;8.12;8.16;8.21;8.26;8.32;8.39;;;;;;;;;;;;;;;;;;;;;;;;;;;;;;;;
-4.200;;;;;;;;;;;;;;;;;;;;;;;;;;;;;;;;;;;;;;;;;;;;7.92;7.87;7.84;7.80;7.78;7.76;7.74;7.73;7.71;7.70;7.69;7.69;7.68;7.67;7.67;7.67;7.66;7.66;7.66;7.66;7.66;7.66;7.67;7.67;7.67;7.68;7.68;7.69;7.69;7.70;7.71;7.71;7.72;7.73;7.74;7.74;7.75;7.76;7.76;7.77;7.78;7.79;7.79;7.80;7.81;7.81;7.82;7.83;7.84;7.85;7.86;7.88;7.89;7.91;7.93;7.96;7.99;8.02;8.05;8.09;8.13;8.18;8.23;8.29;8.35;;;;;;;;;;;;;;;;;;;;;;;;;;;;;;;;;;
-4.300;;;;;;;;;;;;;;;;;;;;;;;;;;;;;;;;;;;;;;;;;;;;;;7.92;7.88;7.85;7.82;7.80;7.78;7.76;7.75;7.74;7.73;7.72;7.72;7.71;7.70;7.70;7.70;7.70;7.70;7.70;7.70;7.70;7.70;7.70;7.71;7.71;7.72;7.72;7.73;7.73;7.74;7.75;7.75;7.76;7.76;7.77;7.78;7.78;7.79;7.79;7.80;7.80;7.81;7.82;7.82;7.83;7.84;7.85;7.87;7.88;7.90;7.92;7.94;7.97;8.00;8.03;8.07;8.11;8.15;8.20;8.26;8.32;8.38;;;;;;;;;;;;;;;;;;;;;;;;;;;;;;;;;;;
-4.400;;;;;;;;;;;;;;;;;;;;;;;;;;;;;;;;;;;;;;;;;;;;;;;7.96;7.92;7.89;7.86;7.84;7.82;7.80;7.79;7.78;7.77;7.76;7.75;7.74;7.74;7.73;7.73;7.73;7.73;7.73;7.73;7.73;7.73;7.74;7.74;7.74;7.75;7.75;7.76;7.76;7.77;7.77;7.78;7.78;7.79;7.79;7.80;7.80;7.81;7.81;7.82;7.83;7.83;7.84;7.85;7.86;7.88;7.89;7.91;7.93;7.95;7.98;8.01;8.05;8.08;8.13;8.18;8.23;8.29;8.35;8.43;;;;;;;;;;;;;;;;;;;;;;;;;;;;;;;;;;;;
-4.500;;;;;;;;;;;;;;;;;;;;;;;;;;;;;;;;;;;;;;;;;;;;;;;;;7.97;7.94;7.91;7.88;7.86;7.84;7.83;7.82;7.80;7.79;7.79;7.78;7.77;7.77;7.77;7.76;7.76;7.76;7.76;7.76;7.76;7.77;7.77;7.77;7.78;7.78;7.79;7.79;7.79;7.80;7.80;7.81;7.81;7.82;7.82;7.83;7.83;7.84;7.85;7.86;7.87;7.88;7.89;7.91;7.93;7.95;7.98;8.00;8.04;8.07;8.11;8.16;8.21;8.27;8.33;8.40;;;;;;;;;;;;;;;;;;;;;;;;;;;;;;;;;;;;;;
-4.600;;;;;;;;;;;;;;;;;;;;;;;;;;;;;;;;;;;;;;;;;;;;;;;;;;;7.98;7.95;7.93;7.90;7.89;7.87;7.85;7.84;7.83;7.82;7.81;7.81;7.80;7.80;7.80;7.79;7.79;7.79;7.79;7.80;7.80;7.80;7.80;7.81;7.81;7.81;7.82;7.82;7.83;7.83;7.83;7.84;7.85;7.85;7.86;7.87;7.88;7.89;7.90;7.92;7.93;7.95;7.98;8.00;8.04;8.07;8.11;8.15;8.20;8.26;8.32;8.39;;;;;;;;;;;;;;;;;;;;;;;;;;;;;;;;;;;;;;;;
-4.700;;;;;;;;;;;;;;;;;;;;;;;;;;;;;;;;;;;;;;;;;;;;;;;;;;;;;8.00;7.97;7.95;7.93;7.91;7.89;7.88;7.87;7.86;7.85;7.84;7.84;7.83;7.83;7.83;7.83;7.83;7.83;7.83;7.83;7.83;7.84;7.84;7.84;7.85;7.85;7.85;7.86;7.87;7.87;7.88;7.89;7.90;7.91;7.92;7.93;7.95;7.97;7.99;8.02;8.04;8.08;8.11;8.15;8.20;8.25;8.31;8.38;;;;;;;;;;;;;;;;;;;;;;;;;;;;;;;;;;;;;;;;;;
-4.800;;;;;;;;;;;;;;;;;;;;;;;;;;;;;;;;;;;;;;;;;;;;;;;;;;;;;;;8.02;8.00;7.97;7.95;7.94;7.92;7.91;7.90;7.89;7.88;7.88;7.87;7.87;7.87;7.86;7.86;7.86;7.87;7.87;7.87;7.87;7.88;7.88;7.88;7.89;7.90;7.90;7.91;7.92;7.93;7.94;7.95;7.97;7.99;8.01;8.03;8.06;8.09;8.13;8.17;8.21;8.26;8.32;8.38;;;;;;;;;;;;;;;;;;;;;;;;;;;;;;;;;;;;;;;;;;;;
-4.900;;;;;;;;;;;;;;;;;;;;;;;;;;;;;;;;;;;;;;;;;;;;;;;;;;;;;;;;;;8.03;8.00;7.99;7.97;7.96;7.94;7.93;7.93;7.92;7.91;7.91;7.91;7.91;7.91;7.91;7.91;7.91;7.91;7.92;7.92;7.93;7.93;7.94;7.95;7.96;7.97;7.99;8.00;8.02;8.04;8.06;8.09;8.12;8.15;8.19;8.23;8.28;8.34;8.40;;;;;;;;;;;;;;;;;;;;;;;;;;;;;;;;;;;;;;;;;;;;;;
-5.000;;;;;;;;;;;;;;;;;;;;;;;;;;;;;;;;;;;;;;;;;;;;;;;;;;;;;;;;;;;;8.06;8.04;8.02;8.01;7.99;7.98;7.97;7.97;7.96;7.96;7.96;7.96;7.96;7.96;7.96;7.96;7.97;7.97;7.98;7.99;8.00;8.01;8.02;8.04;8.06;8.08;8.10;8.12;8.15;8.19;8.22;8.27;8.32;8.37;;;;;;;;;;;;;;;;;;;;;;;;;;;;;;;;;;;;;;;;;;;;;;;;;
-5.100;;;;;;;;;;;;;;;;;;;;;;;;;;;;;;;;;;;;;;;;;;;;;;;;;;;;;;;;;;;;;;;;8.07;8.05;8.04;8.03;8.03;8.02;8.02;8.02;8.02;8.02;8.02;8.03;8.03;8.04;8.05;8.06;8.07;8.09;8.11;8.13;8.15;8.17;8.20;8.24;8.27;8.32;;;;;;;;;;;;;;;;;;;;;;;;;;;;;;;;;;;;;;;;;;;;;;;;;;;;;
-5.200;;;;;;;;;;;;;;;;;;;;;;;;;;;;;;;;;;;;;;;;;;;;;;;;;;;;;;;;;;;;;;;;;;;;;8.10;8.10;8.09;8.09;8.10;8.10;8.11;8.11;8.12;8.14;8.15;8.17;8.19;8.21;8.23;8.26;;;;;;;;;;;;;;;;;;;;;;;;;;;;;;;;;;;;;;;;;;;;;;;;;;;;;;;;;;
-5.300;;;;;;;;;;;;;;;;;;;;;;;;;;;;;;;;;;;;;;;;;;;;;;;;;;;;;;;;;;;;;;;;;;;;;;;;;;;;;;;;;;;;;;;;;;;;;;;;;;;;;;;;;;;;;;;;;;;;;;;;;;;;;;;;;;;;;;;;;;;;;;
-5.400;;;;;;;;;;;;;;;;;;;;;;;;;;;;;;;;;;;;;;;;;;;;;;;;;;;;;;;;;;;;;;;;;;;;;;;;;;;;;;;;;;;;;;;;;;;;;;;;;;;;;;;;;;;;;;;;;;;;;;;;;;;;;;;;;;;;;;;;;;;;;;
-5.500;;;;;;;;;;;;;;;;;;;;;;;;;;;;;;;;;;;;;;;;;;;;;;;;;;;;;;;;;;;;;;;;;;;;;;;;;;;;;;;;;;;;;;;;;;;;;;;;;;;;;;;;;;;;;;;;;;;;;;;;;;;;;;;;;;;;;;;;;;;;;;
-5.600;;;;;;;;;;;;;;;;;;;;;;;;;;;;;;;;;;;;;;;;;;;;;;;;;;;;;;;;;;;;;;;;;;;;;;;;;;;;;;;;;;;;;;;;;;;;;;;;;;;;;;;;;;;;;;;;;;;;;;;;;;;;;;;;;;;;;;;;;;;;;;
-5.700;;;;;;;;;;;;;;;;;;;;;;;;;;;;;;;;;;;;;;;;;;;;;;;;;;;;;;;;;;;;;;;;;;;;;;;;;;;;;;;;;;;;;;;;;;;;;;;;;;;;;;;;;;;;;;;;;;;;;;;;;;;;;;;;;;;;;;;;;;;;;;
-5.800;;;;;;;;;;;;;;;;;;;;;;;;;;;;;;;;;;;;;;;;;;;;;;;;;;;;;;;;;;;;;;;;;;;;;;;;;;;;;;;;;;;;;;;;;;;;;;;;;;;;;;;;;;;;;;;;;;;;;;;;;;;;;;;;;;;;;;;;;;;;;;
-5.900;;;;;;;;;;;;;;;;;;;;;;;;;;;;;;;;;;;;;;;;;;;;;;;;;;;;;;;;;;;;;;;;;;;;;;;;;;;;;;;;;;;;;;;;;;;;;;;;;;;;;;;;;;;;;;;;;;;;;;;;;;;;;;;;;;;;;;;;;;;;;;
-6.000;;;;;;;;;;;;;;;;;;;;;;;;;;;;;;;;;;;;;;;;;;;;;;;;;;;;;;;;;;;;;;;;;;;;;;;;;;;;;;;;;;;;;;;;;;;;;;;;;;;;;;;;;;;;;;;;;;;;;;;;;;;;;;;;;;;;;;;;;;;;;;
-6.100;;;;;;;;;;;;;;;;;;;;;;;;;;;;;;;;;;;;;;;;;;;;;;;;;;;;;;;;;;;;;;;;;;;;;;;;;;;;;;;;;;;;;;;;;;;;;;;;;;;;;;;;;;;;;;;;;;;;;;;;;;;;;;;;;;;;;;;;;;;;;;
-6.200;;;;;;;;;;;;;;;;;;;;;;;;;;;;;;;;;;;;;;;;;;;;;;;;;;;;;;;;;;;;;;;;;;;;;;;;;;;;;;;;;;;;;;;;;;;;;;;;;;;;;;;;;;;;;;;;;;;;;;;;;;;;;;;;;;;;;;;;;;;;;;
-6.300;;;;;;;;;;;;;;;;;;;;;;;;;;;;;;;;;;;;;;;;;;;;;;;;;;;;;;;;;;;;;;;;;;;;;;;;;;;;;;;;;;;;;;;;;;;;;;;;;;;;;;;;;;;;;;;;;;;;;;;;;;;;;;;;;;;;;;;;;;;;;;
-6.400;;;;;;;;;;;;;;;;;;;;;;;;;;;;;;;;;;;;;;;;;;;;;;;;;;;;;;;;;;;;;;;;;;;;;;;;;;;;;;;;;;;;;;;;;;;;;;;;;;;;;;;;;;;;;;;;;;;;;;;;;;;;;;;;;;;;;;;;;;;;;;
-6.500;;;;;;;;;;;;;;;;;;;;;;;;;;;;;;;;;;;;;;;;;;;;;;;;;;;;;;;;;;;;;;;;;;;;;;;;;;;;;;;;;;;;;;;;;;;;;;;;;;;;;;;;;;;;;;;;;;;;;;;;;;;;;;;;;;;;;;;;;;;;;;
-6.600;;;;;;;;;;;;;;;;;;;;;;;;;;;;;;;;;;;;;;;;;;;;;;;;;;;;;;;;;;;;;;;;;;;;;;;;;;;;;;;;;;;;;;;;;;;;;;;;;;;;;;;;;;;;;;;;;;;;;;;;;;;;;;;;;;;;;;;;;;;;;;
-6.700;;;;;;;;;;;;;;;;;;;;;;;;;;;;;;;;;;;;;;;;;;;;;;;;;;;;;;;;;;;;;;;;;;;;;;;;;;;;;;;;;;;;;;;;;;;;;;;;;;;;;;;;;;;;;;;;;;;;;;;;;;;;;;;;;;;;;;;;;;;;;;
-6.800;;;;;;;;;;;;;;;;;;;;;;;;;;;;;;;;;;;;;;;;;;;;;;;;;;;;;;;;;;;;;;;;;;;;;;;;;;;;;;;;;;;;;;;;;;;;;;;;;;;;;;;;;;;;;;;;;;;;;;;;;;;;;;;;;;;;;;;;;;;;;;
-6.900;;;;;;;;;;;;;;;;;;;;;;;;;;;;;;;;;;;;;;;;;;;;;;;;;;;;;;;;;;;;;;;;;;;;;;;;;;;;;;;;;;;;;;;;;;;;;;;;;;;;;;;;;;;;;;;;;;;;;;;;;;;;;;;;;;;;;;;;;;;;;;
-7.000;;;;;;;;;;;;;;;;;;;;;;;;;;;;;;;;;;;;;;;;;;;;;;;;;;;;;;;;;;;;;;;;;;;;;;;;;;;;;;;;;;;;;;;;;;;;;;;;;;;;;;;;;;;;;;;;;;;;;;;;;;;;;;;;;;;;;;;;;;;;;;
BACK;-7.000;-6.900;-6.800;-6.700;-6.600;-6.500;-6.400;-6.300;-6.200;-6.100;-6.000;-5.900;-5.800;-5.700;-5.600;-5.500;-5.400;-5.300;-5.200;-5.100;-5.000;-4.900;-4.800;-4.700;-4.600;-4.500;-4.400;-4.300;-4.200;-4.100;-4.000;-3.900;-3.800;-3.700;-3.600;-3.500;-3.400;-3.300;-3.200;-3.100;-3.000;-2.900;-2.800;-2.700;-2.600;-2.500;-2.400;-2.300;-2.200;-2.100;-2.000;-1.900;-1.800;-1.700;-1.600;-1.500;-1.400;-1.300;-1.200;-1.100;-1.000;-0.900;-0.800;-0.700;-0.600;-0.500;-0.400;-0.300;-0.200;-0.100;0.000;0.100;0.200;0.300;0.400;0.500;0.600;0.700;0.800;0.900;1.000;1.100;1.200;1.300;1.400;1.500;1.600;1.700;1.800;1.900;2.000;2.100;2.200;2.300;2.400;2.500;2.600;2.700;2.800;2.900;3.000;3.100;3.200;3.300;3.400;3.500;3.600;3.700;3.800;3.900;4.000;4.100;4.200;4.300;4.400;4.500;4.600;4.700;4.800;4.900;5.000;5.100;5.200;5.300;5.400;5.500;5.600;5.700;5.800;5.900;6.000;6.100;6.200;6.300;6.400;6.500;6.600;6.700;6.800;6.900;7.000;
7.000;;;;;;;;;;;;;;;;;;;;;;;;;;;;;;;;;;;;;;;;;;;;;;;;;;;;;;;;;;;;;;;;;;;;;;;;;;;;;;;;;;;;;;;;;;;;;;;;;;;;;;;;;;;;;;;;;;;;;;;;;;;;;;;;;;;;;;;;;;;;;;
6.900;;;;;;;;;;;;;;;;;;;;;;;;;;;;;;;;;;;;;;;;;;;;;;;;;;;;;;;;;;;;;;;;;;;;;;;;;;;;;;;;;;;;;;;;;;;;;;;;;;;;;;;;;;;;;;;;;;;;;;;;;;;;;;;;;;;;;;;;;;;;;;
6.800;;;;;;;;;;;;;;;;;;;;;;;;;;;;;;;;;;;;;;;;;;;;;;;;;;;;;;;;;;;;;;;;;;;;;;;;;;;;;;;;;;;;;;;;;;;;;;;;;;;;;;;;;;;;;;;;;;;;;;;;;;;;;;;;;;;;;;;;;;;;;;
6.700;;;;;;;;;;;;;;;;;;;;;;;;;;;;;;;;;;;;;;;;;;;;;;;;;;;;;;;;;;;;;;;;;;;;;;;;;;;;;;;;;;;;;;;;;;;;;;;;;;;;;;;;;;;;;;;;;;;;;;;;;;;;;;;;;;;;;;;;;;;;;;
6.600;;;;;;;;;;;;;;;;;;;;;;;;;;;;;;;;;;;;;;;;;;;;;;;;;;;;;;;;;;;;;;;;;;;;;;;;;;;;;;;;;;;;;;;;;;;;;;;;;;;;;;;;;;;;;;;;;;;;;;;;;;;;;;;;;;;;;;;;;;;;;;
6.500;;;;;;;;;;;;;;;;;;;;;;;;;;;;;;;;;;;;;;;;;;;;;;;;;;;;;;;;;;;;;;;;;;;;;;;;;;;;;;;;;;;;;;;;;;;;;;;;;;;;;;;;;;;;;;;;;;;;;;;;;;;;;;;;;;;;;;;;;;;;;;
6.400;;;;;;;;;;;;;;;;;;;;;;;;;;;;;;;;;;;;;;;;;;;;;;;;;;;;;;;;;;;;;;;;;;;;;;;;;;;;;;;;;;;;;;;;;;;;;;;;;;;;;;;;;;;;;;;;;;;;;;;;;;;;;;;;;;;;;;;;;;;;;;
6.300;;;;;;;;;;;;;;;;;;;;;;;;;;;;;;;;;;;;;;;;;;;;;;;;;;;;;;;;;;;;;;;;;;;;;;;;;;;;;;;;;;;;;;;;;;;;;;;;;;;;;;;;;;;;;;;;;;;;;;;;;;;;;;;;;;;;;;;;;;;;;;
6.200;;;;;;;;;;;;;;;;;;;;;;;;;;;;;;;;;;;;;;;;;;;;;;;;;;;;;;;;;;;;;;;;;;;;;;;;;;;;;;;;;;;;;;;;;;;;;;;;;;;;;;;;;;;;;;;;;;;;;;;;;;;;;;;;;;;;;;;;;;;;;;
6.100;;;;;;;;;;;;;;;;;;;;;;;;;;;;;;;;;;;;;;;;;;;;;;;;;;;;;;;;;;;;;;;;;;;;;;;;;;;;;;;;;;;;;;;;;;;;;;;;;;;;;;;;;;;;;;;;;;;;;;;;;;;;;;;;;;;;;;;;;;;;;;
6.000;;;;;;;;;;;;;;;;;;;;;;;;;;;;;;;;;;;;;;;;;;;;;;;;;;;;;;;;;;;;;;;;;;;;;;;;;;;;;;;;;;;;;;;;;;;;;;;;;;;;;;;;;;;;;;;;;;;;;;;;;;;;;;;;;;;;;;;;;;;;;;
5.900;;;;;;;;;;;;;;;;;;;;;;;;;;;;;;;;;;;;;;;;;;;;;;;;;;;;;;;;;;;;;;;;;;;;;;;;;;;;;;;;;;;;;;;;;;;;;;;;;;;;;;;;;;;;;;;;;;;;;;;;;;;;;;;;;;;;;;;;;;;;;;
5.800;;;;;;;;;;;;;;;;;;;;;;;;;;;;;;;;;;;;;;;;;;;;;;;;;;;;;;;;;;;;;;;;;;;;;;;;;;;;;;;;;;;;;;;;;;;;;;;;;;;;;;;;;;;;;;;;;;;;;;;;;;;;;;;;;;;;;;;;;;;;;;
5.700;;;;;;;;;;;;;;;;;;;;;;;;;;;;;;;;;;;;;;;;;;;;;;;;;;;;;;;;;;;;;;;;;;;;;;;;;;;;;;;;;;;;;;;;;;;;;;;;;;;;;;;;;;;;;;;;;;;;;;;;;;;;;;;;;;;;;;;;;;;;;;
5.600;;;;;;;;;;;;;;;;;;;;;;;;;;;;;;;;;;;;;;;;;;;;;;;;;;;;;;;;;;;;;;;;;;;;;;;;;;;;;;;;;;;;;;;;;;;;;;;;;;;;;;;;;;;;;;;;;;;;;;;;;;;;;;;;;;;;;;;;;;;;;;
5.500;;;;;;;;;;;;;;;;;;;;;;;;;;;;;;;;;;;;;;;;;;;;;;;;;;;;;;;;;;;;;;;;;;;;;;;;;;;;;;;;;;;;;;;;;;;;;;;;;;;;;;;;;;;;;;;;;;;;;;;;;;;;;;;;;;;;;;;;;;;;;;
5.400;;;;;;;;;;;;;;;;;;;;;;;;;;;;;;;;;;;;;;;;;;;;;;;;;;;;;;;;;;;;;;;;;;;;;;;;;;;;;;;;;;;;;;;;;;;;;;;;;;;;;;;;;;;;;;;;;;;;;;;;;;;;;;;;;;;;;;;;;;;;;;
5.300;;;;;;;;;;;;;;;;;;;;;;;;;;;;;;;;;;;;;;;;;;;;;;;;;;;;;;;;;;;;;;;;;;;;;;;;;;;;;;;;;;;;;;;;;;;;;;;;;;;;;;;;;;;;;;;;;;;;;;;;;;;;;;;;;;;;;;;;;;;;;;
5.200;;;;;;;;;;;;;;;;;;;;;;;;;;;;;;;;;;;;;;;;;;;;;;;;;;;;;;;;;;;;;;;;;;;;;;;;;;;;;;;;;;;;;;;;;;;;;;;;;;;;;;;;;;;;;;;;;;;;;;;;;;;;;;;;;;;;;;;;;;;;;;
5.100;;;;;;;;;;;;;;;;;;;;;;;;;;;;;;;;;;;;;;;;;;;;;;;;;;;;;;;;;;;;;;;;;;;;;;;;;;;;;;;;;;;;;;;;;;;;;;;;;;;;;;;;;;;;;;;;;;;;;;;;;;;;;;;;;;;;;;;;;;;;;;
5.000;;;;;;;;;;;;;;;;;;;;;;;;;;;;;;;;;;;;;;;;;;;;;;;;;;;;;;;;;;;;;;;;;;;;;;;;;;;;;;;;;;;;;;;;;;;;;;;;;;;;;;;;;;;;;;;;;;;;;;;;;;;;;;;;;;;;;;;;;;;;;;
4.900;;;;;;;;;;;;;;;;;;;;;;;;;;;;;;;;;;;;;;;;;;;;;;;;;;;;;;;;;;;;;;;;;;;6.90;6.91;6.93;6.96;6.99;7.02;7.06;7.09;7.13;7.16;7.20;7.23;7.25;7.27;7.29;7.30;7.30;;;;;;;;;;;;;;;;;;;;;;;;;;;;;;;;;;;;;;;;;;;;;;;;;;;;;;;;;;;
4.800;;;;;;;;;;;;;;;;;;;;;;;;;;;;;;;;;;;;;;;;;;;;;;;;;;;;;;;;;;;;;;6.82;6.80;6.79;6.79;6.79;6.80;6.81;6.83;6.86;6.89;6.92;6.95;6.99;7.02;7.06;7.09;7.11;7.14;7.16;7.17;7.18;7.19;7.19;7.18;7.18;7.17;7.16;;;;;;;;;;;;;;;;;;;;;;;;;;;;;;;;;;;;;;;;;;;;;;;;;;;;;;
4.700;;;;;;;;;;;;;;;;;;;;;;;;;;;;;;;;;;;;;;;;;;;;;;;;;;;;;;;;;;;6.81;6.78;6.75;6.72;6.71;6.70;6.69;6.69;6.70;6.72;6.74;6.76;6.79;6.82;6.85;6.88;6.92;6.95;6.98;7.00;7.03;7.05;7.06;7.07;7.07;7.07;7.07;7.07;7.06;7.05;7.04;7.03;7.03;;;;;;;;;;;;;;;;;;;;;;;;;;;;;;;;;;;;;;;;;;;;;;;;;;;
4.600;;;;;;;;;;;;;;;;;;;;;;;;;;;;;;;;;;;;;;;;;;;;;;;;;;;;;;;;;6.81;6.76;6.72;6.68;6.65;6.63;6.61;6.60;6.60;6.60;6.61;6.62;6.64;6.66;6.69;6.72;6.75;6.78;6.81;6.84;6.87;6.90;6.92;6.94;6.95;6.96;6.96;6.96;6.96;6.96;6.95;6.94;6.93;6.93;6.93;6.93;6.93;6.95;;;;;;;;;;;;;;;;;;;;;;;;;;;;;;;;;;;;;;;;;;;;;;;;
4.500;;;;;;;;;;;;;;;;;;;;;;;;;;;;;;;;;;;;;;;;;;;;;;;;;;;;;;6.88;6.82;6.76;6.71;6.67;6.62;6.59;6.56;6.54;6.52;6.51;6.51;6.51;6.52;6.53;6.55;6.57;6.60;6.62;6.65;6.68;6.71;6.74;6.77;6.79;6.81;6.83;6.84;6.85;6.85;6.85;6.85;6.85;6.84;6.84;6.83;6.83;6.83;6.83;6.83;6.85;6.86;6.89;;;;;;;;;;;;;;;;;;;;;;;;;;;;;;;;;;;;;;;;;;;;;;
4.400;;;;;;;;;;;;;;;;;;;;;;;;;;;;;;;;;;;;;;;;;;;;;;;;;;;;6.91;6.85;6.78;6.72;6.67;6.62;6.57;6.54;6.50;6.47;6.45;6.44;6.43;6.42;6.43;6.43;6.44;6.46;6.48;6.50;6.53;6.56;6.59;6.61;6.64;6.67;6.69;6.71;6.72;6.74;6.74;6.75;6.75;6.75;6.74;6.74;6.73;6.73;6.73;6.73;6.73;6.74;6.75;6.77;6.79;6.83;6.87;;;;;;;;;;;;;;;;;;;;;;;;;;;;;;;;;;;;;;;;;;;;
4.300;;;;;;;;;;;;;;;;;;;;;;;;;;;;;;;;;;;;;;;;;;;;;;;;;;;6.88;6.81;6.75;6.69;6.63;6.58;6.53;6.49;6.45;6.42;6.39;6.37;6.35;6.35;6.34;6.34;6.35;6.36;6.38;6.39;6.42;6.44;6.47;6.49;6.52;6.55;6.57;6.59;6.61;6.62;6.64;6.64;6.65;6.65;6.65;6.64;6.64;6.63;6.63;6.63;6.63;6.63;6.64;6.65;6.67;6.70;6.73;6.77;6.82;6.88;;;;;;;;;;;;;;;;;;;;;;;;;;;;;;;;;;;;;;;;;;
4.200;;;;;;;;;;;;;;;;;;;;;;;;;;;;;;;;;;;;;;;;;;;;;;;;;6.90;6.84;6.77;6.71;6.65;6.59;6.54;6.49;6.44;6.40;6.37;6.34;6.31;6.29;6.28;6.27;6.26;6.26;6.27;6.28;6.29;6.31;6.33;6.36;6.38;6.41;6.43;6.46;6.48;6.50;6.52;6.53;6.54;6.55;6.55;6.55;6.55;6.55;6.54;6.54;6.54;6.53;6.53;6.54;6.55;6.56;6.58;6.60;6.64;6.68;6.72;6.78;6.84;;;;;;;;;;;;;;;;;;;;;;;;;;;;;;;;;;;;;;;;;
4.100;;;;;;;;;;;;;;;;;;;;;;;;;;;;;;;;;;;;;;;;;;;;;;;6.92;6.86;6.80;6.74;6.68;6.62;6.56;6.51;6.46;6.41;6.36;6.32;6.29;6.26;6.23;6.21;6.20;6.19;6.19;6.19;6.19;6.20;6.22;6.23;6.25;6.28;6.30;6.32;6.35;6.37;6.39;6.41;6.43;6.44;6.45;6.46;6.46;6.46;6.46;6.46;6.45;6.45;6.45;6.44;6.45;6.45;6.46;6.47;6.49;6.52;6.55;6.59;6.63;6.68;6.75;6.82;6.90;;;;;;;;;;;;;;;;;;;;;;;;;;;;;;;;;;;;;;;
4.000;;;;;;;;;;;;;;;;;;;;;;;;;;;;;;;;;;;;;;;;;;;;;;6.87;6.82;6.76;6.70;6.64;6.59;6.53;6.48;6.42;6.37;6.33;6.29;6.25;6.22;6.19;6.16;6.14;6.13;6.12;6.12;6.12;6.12;6.13;6.14;6.16;6.18;6.20;6.22;6.24;6.27;6.29;6.31;6.33;6.34;6.35;6.36;6.37;6.37;6.37;6.37;6.37;6.36;6.36;6.36;6.36;6.36;6.37;6.37;6.39;6.41;6.43;6.46;6.50;6.54;6.60;6.66;6.73;6.80;6.89;;;;;;;;;;;;;;;;;;;;;;;;;;;;;;;;;;;;;;
3.900;;;;;;;;;;;;;;;;;;;;;;;;;;;;;;;;;;;;;;;;;;;;;6.83;6.77;6.72;6.66;6.61;6.55;6.50;6.45;6.39;6.34;6.30;6.25;6.21;6.18;6.15;6.12;6.09;6.08;6.06;6.05;6.05;6.05;6.05;6.06;6.07;6.09;6.11;6.13;6.15;6.17;6.19;6.21;6.23;6.25;6.26;6.27;6.28;6.29;6.29;6.29;6.29;6.29;6.28;6.28;6.28;6.28;6.28;6.29;6.30;6.31;6.33;6.35;6.38;6.42;6.46;6.51;6.57;6.64;6.71;6.80;6.89;;;;;;;;;;;;;;;;;;;;;;;;;;;;;;;;;;;;;
3.800;;;;;;;;;;;;;;;;;;;;;;;;;;;;;;;;;;;;;;;;;;;6.83;6.78;6.73;6.68;6.63;6.57;6.52;6.47;6.42;6.37;6.32;6.27;6.23;6.18;6.15;6.11;6.08;6.05;6.03;6.01;6.00;5.99;5.98;5.98;5.99;6.00;6.01;6.02;6.04;6.06;6.08;6.10;6.12;6.14;6.16;6.17;6.19;6.20;6.20;6.21;6.21;6.21;6.21;6.21;6.21;6.20;6.20;6.20;6.20;6.21;6.22;6.23;6.25;6.28;6.31;6.34;6.38;6.43;6.49;6.55;6.62;6.70;6.79;6.89;7.00;;;;;;;;;;;;;;;;;;;;;;;;;;;;;;;;;;;
3.700;;;;;;;;;;;;;;;;;;;;;;;;;;;;;;;;;;;;;;;;;;6.79;6.74;6.69;6.64;6.59;6.54;6.49;6.44;6.39;6.34;6.29;6.24;6.20;6.16;6.12;6.08;6.05;6.02;5.99;5.97;5.95;5.94;5.93;5.92;5.92;5.93;5.94;5.95;5.96;5.98;6.00;6.01;6.03;6.05;6.07;6.09;6.10;6.12;6.13;6.13;6.14;6.14;6.14;6.14;6.14;6.13;6.13;6.13;6.13;6.13;6.14;6.15;6.16;6.18;6.21;6.24;6.27;6.31;6.36;6.41;6.47;6.54;6.62;6.70;6.80;6.90;7.01;;;;;;;;;;;;;;;;;;;;;;;;;;;;;;;;;;
3.600;;;;;;;;;;;;;;;;;;;;;;;;;;;;;;;;;;;;;;;;;6.75;6.70;6.65;6.60;6.55;6.50;6.46;6.41;6.36;6.31;6.27;6.22;6.18;6.13;6.09;6.06;6.02;5.99;5.96;5.93;5.91;5.90;5.88;5.87;5.87;5.87;5.87;5.88;5.89;5.90;5.92;5.94;5.95;5.97;5.99;6.01;6.02;6.04;6.05;6.06;6.07;6.07;6.07;6.07;6.07;6.07;6.07;6.07;6.06;6.07;6.07;6.07;6.09;6.10;6.12;6.14;6.17;6.20;6.24;6.29;6.34;6.40;6.46;6.54;6.62;6.71;6.80;6.91;7.03;;;;;;;;;;;;;;;;;;;;;;;;;;;;;;;;;
3.500;;;;;;;;;;;;;;;;;;;;;;;;;;;;;;;;;;;;;;;;6.71;6.66;6.61;6.56;6.52;6.47;6.42;6.38;6.33;6.29;6.24;6.20;6.16;6.11;6.07;6.03;6.00;5.96;5.93;5.91;5.88;5.86;5.84;5.83;5.82;5.82;5.82;5.82;5.83;5.84;5.85;5.86;5.88;5.90;5.92;5.93;5.95;5.97;5.98;5.99;6.00;6.01;6.01;6.01;6.01;6.01;6.01;6.01;6.00;6.00;6.00;6.01;6.01;6.02;6.04;6.06;6.08;6.11;6.14;6.18;6.22;6.28;6.33;6.39;6.46;6.54;6.62;6.72;6.81;6.92;7.04;;;;;;;;;;;;;;;;;;;;;;;;;;;;;;;;
3.400;;;;;;;;;;;;;;;;;;;;;;;;;;;;;;;;;;;;;;;6.69;6.63;6.58;6.53;6.49;6.44;6.39;6.35;6.31;6.26;6.22;6.18;6.14;6.10;6.06;6.02;5.98;5.94;5.91;5.88;5.86;5.83;5.81;5.80;5.78;5.77;5.77;5.77;5.77;5.78;5.79;5.80;5.81;5.83;5.85;5.86;5.88;5.90;5.91;5.92;5.93;5.94;5.95;5.95;5.95;5.95;5.95;5.95;5.95;5.95;5.95;5.95;5.95;5.96;5.97;5.98;6.00;6.02;6.05;6.08;6.12;6.17;6.22;6.27;6.33;6.40;6.47;6.55;6.64;6.73;6.83;6.94;7.05;;;;;;;;;;;;;;;;;;;;;;;;;;;;;;;
3.300;;;;;;;;;;;;;;;;;;;;;;;;;;;;;;;;;;;;;;6.67;6.61;6.56;6.51;6.46;6.41;6.37;6.32;6.28;6.24;6.20;6.16;6.12;6.08;6.04;6.00;5.96;5.93;5.90;5.86;5.84;5.81;5.79;5.77;5.75;5.74;5.73;5.73;5.72;5.73;5.73;5.74;5.75;5.77;5.78;5.80;5.82;5.83;5.85;5.86;5.87;5.88;5.89;5.90;5.90;5.90;5.90;5.90;5.90;5.90;5.90;5.90;5.90;5.90;5.91;5.92;5.93;5.95;5.97;6.00;6.03;6.07;6.11;6.16;6.21;6.27;6.33;6.40;6.48;6.56;6.65;6.74;6.84;6.95;7.07;;;;;;;;;;;;;;;;;;;;;;;;;;;;;;
3.200;;;;;;;;;;;;;;;;;;;;;;;;;;;;;;;;;;;;;;6.60;6.54;6.49;6.44;6.39;6.34;6.30;6.26;6.22;6.18;6.14;6.10;6.06;6.02;5.99;5.95;5.92;5.88;5.85;5.82;5.79;5.77;5.75;5.73;5.71;5.70;5.69;5.68;5.68;5.69;5.69;5.70;5.71;5.72;5.74;5.76;5.77;5.79;5.80;5.82;5.83;5.84;5.85;5.85;5.85;5.86;5.86;5.85;5.85;5.85;5.85;5.85;5.85;5.86;5.86;5.87;5.89;5.91;5.93;5.96;5.99;6.02;6.06;6.11;6.16;6.22;6.28;6.35;6.42;6.50;6.58;6.67;6.76;6.86;6.97;7.08;;;;;;;;;;;;;;;;;;;;;;;;;;;;;
3.100;;;;;;;;;;;;;;;;;;;;;;;;;;;;;;;;;;;;;6.60;6.53;6.48;6.42;6.37;6.32;6.28;6.24;6.20;6.16;6.12;6.08;6.04;6.01;5.97;5.94;5.90;5.87;5.84;5.81;5.78;5.75;5.73;5.71;5.69;5.67;5.66;5.65;5.65;5.65;5.65;5.65;5.66;5.67;5.69;5.70;5.72;5.73;5.75;5.76;5.77;5.79;5.80;5.80;5.81;5.81;5.81;5.81;5.81;5.81;5.81;5.81;5.81;5.81;5.82;5.82;5.83;5.85;5.87;5.89;5.91;5.94;5.98;6.02;6.06;6.11;6.17;6.23;6.29;6.36;6.43;6.51;6.60;6.69;6.78;6.88;6.99;;;;;;;;;;;;;;;;;;;;;;;;;;;;;
3.000;;;;;;;;;;;;;;;;;;;;;;;;;;;;;;;;;;;;6.60;6.53;6.47;6.41;6.36;6.31;6.26;6.22;6.18;6.14;6.10;6.07;6.03;6.00;5.96;5.93;5.89;5.86;5.83;5.80;5.77;5.74;5.72;5.70;5.67;5.66;5.64;5.63;5.62;5.62;5.61;5.62;5.62;5.63;5.64;5.65;5.67;5.68;5.70;5.71;5.73;5.74;5.75;5.76;5.77;5.77;5.78;5.78;5.78;5.78;5.78;5.77;5.77;5.78;5.78;5.78;5.79;5.80;5.81;5.83;5.85;5.88;5.91;5.94;5.98;6.02;6.07;6.13;6.18;6.24;6.31;6.38;6.46;6.54;6.62;6.71;6.80;6.90;7.00;;;;;;;;;;;;;;;;;;;;;;;;;;;;
2.900;;;;;;;;;;;;;;;;;;;;;;;;;;;;;;;;;;;6.62;6.54;6.48;6.41;6.36;6.30;6.25;6.21;6.17;6.13;6.09;6.05;6.02;5.98;5.95;5.92;5.89;5.85;5.82;5.79;5.77;5.74;5.71;5.69;5.66;5.64;5.63;5.61;5.60;5.59;5.59;5.58;5.59;5.59;5.60;5.61;5.62;5.63;5.65;5.66;5.68;5.69;5.71;5.72;5.73;5.74;5.74;5.74;5.75;5.75;5.75;5.75;5.74;5.74;5.74;5.75;5.75;5.76;5.77;5.78;5.80;5.82;5.85;5.88;5.91;5.95;5.99;6.04;6.09;6.14;6.20;6.26;6.33;6.40;6.48;6.56;6.64;6.73;6.82;6.92;7.02;;;;;;;;;;;;;;;;;;;;;;;;;;;
2.800;;;;;;;;;;;;;;;;;;;;;;;;;;;;;;;;;;;6.57;6.49;6.42;6.36;6.30;6.25;6.20;6.16;6.12;6.08;6.04;6.00;5.97;5.94;5.91;5.88;5.85;5.82;5.79;5.76;5.74;5.71;5.68;5.66;5.64;5.62;5.60;5.59;5.57;5.57;5.56;5.56;5.56;5.56;5.57;5.58;5.59;5.61;5.62;5.64;5.65;5.67;5.68;5.69;5.70;5.71;5.71;5.72;5.72;5.72;5.72;5.72;5.72;5.72;5.72;5.72;5.73;5.73;5.75;5.76;5.78;5.80;5.82;5.85;5.88;5.92;5.96;6.00;6.05;6.11;6.16;6.22;6.29;6.36;6.43;6.50;6.58;6.67;6.75;6.84;6.94;7.03;;;;;;;;;;;;;;;;;;;;;;;;;;
2.700;;;;;;;;;;;;;;;;;;;;;;;;;;;;;;;;;;6.60;6.52;6.44;6.37;6.31;6.25;6.20;6.15;6.11;6.07;6.03;6.00;5.96;5.93;5.90;5.87;5.84;5.81;5.79;5.76;5.73;5.71;5.68;5.66;5.64;5.62;5.60;5.58;5.56;5.55;5.54;5.54;5.54;5.54;5.54;5.55;5.56;5.57;5.58;5.60;5.61;5.63;5.64;5.66;5.67;5.68;5.69;5.69;5.70;5.70;5.70;5.70;5.70;5.70;5.70;5.70;5.70;5.71;5.71;5.73;5.74;5.75;5.77;5.80;5.83;5.86;5.89;5.93;5.98;6.02;6.07;6.13;6.19;6.25;6.31;6.38;6.46;6.53;6.61;6.69;6.78;6.87;6.96;;;;;;;;;;;;;;;;;;;;;;;;;;
2.600;;;;;;;;;;;;;;;;;;;;;;;;;;;;;;;;;6.64;6.55;6.47;6.40;6.33;6.27;6.21;6.16;6.11;6.07;6.03;5.99;5.96;5.92;5.89;5.87;5.84;5.81;5.78;5.76;5.73;5.71;5.68;5.66;5.64;5.62;5.60;5.58;5.56;5.55;5.53;5.52;5.52;5.52;5.52;5.52;5.53;5.54;5.55;5.56;5.58;5.59;5.61;5.62;5.64;5.65;5.66;5.67;5.67;5.68;5.68;5.68;5.68;5.68;5.68;5.68;5.69;5.69;5.69;5.70;5.71;5.72;5.74;5.76;5.78;5.81;5.84;5.87;5.91;5.95;6.00;6.05;6.10;6.15;6.21;6.28;6.34;6.41;6.48;6.56;6.64;6.72;6.80;6.89;6.98;;;;;;;;;;;;;;;;;;;;;;;;;
2.500;;;;;;;;;;;;;;;;;;;;;;;;;;;;;;;;;6.59;6.51;6.43;6.35;6.29;6.22;6.17;6.12;6.07;6.03;5.99;5.95;5.92;5.89;5.86;5.83;5.81;5.78;5.76;5.73;5.71;5.69;5.67;5.64;5.62;5.60;5.58;5.56;5.54;5.53;5.52;5.51;5.50;5.50;5.50;5.50;5.51;5.52;5.53;5.55;5.56;5.58;5.59;5.61;5.62;5.63;5.64;5.65;5.66;5.67;5.67;5.67;5.67;5.67;5.67;5.67;5.67;5.68;5.68;5.69;5.70;5.71;5.73;5.75;5.77;5.79;5.82;5.86;5.89;5.93;5.98;6.02;6.07;6.13;6.18;6.24;6.31;6.37;6.44;6.51;6.59;6.67;6.75;6.83;6.91;;;;;;;;;;;;;;;;;;;;;;;;;
2.400;;;;;;;;;;;;;;;;;;;;;;;;;;;;;;;;6.65;6.55;6.47;6.39;6.31;6.25;6.19;6.13;6.08;6.03;5.99;5.95;5.92;5.89;5.86;5.83;5.81;5.78;5.76;5.74;5.71;5.69;5.67;5.65;5.63;5.61;5.59;5.57;5.55;5.53;5.52;5.51;5.50;5.49;5.49;5.49;5.49;5.50;5.51;5.52;5.53;5.55;5.56;5.58;5.60;5.61;5.62;5.64;5.65;5.65;5.66;5.66;5.66;5.67;5.67;5.67;5.67;5.67;5.67;5.68;5.68;5.69;5.70;5.72;5.74;5.76;5.78;5.81;5.84;5.88;5.92;5.96;6.00;6.05;6.10;6.16;6.22;6.28;6.34;6.40;6.47;6.55;6.62;6.70;6.78;6.86;6.94;;;;;;;;;;;;;;;;;;;;;;;;
2.300;;;;;;;;;;;;;;;;;;;;;;;;;;;;;;;;6.61;6.52;6.43;6.35;6.28;6.21;6.15;6.10;6.05;6.00;5.96;5.92;5.89;5.86;5.83;5.80;5.78;5.76;5.74;5.72;5.70;5.68;5.66;5.64;5.62;5.60;5.58;5.56;5.54;5.52;5.51;5.50;5.49;5.48;5.48;5.48;5.48;5.49;5.50;5.51;5.52;5.54;5.55;5.57;5.59;5.60;5.62;5.63;5.64;5.65;5.65;5.66;5.66;5.66;5.66;5.67;5.67;5.67;5.67;5.68;5.68;5.69;5.70;5.72;5.73;5.75;5.78;5.80;5.83;5.87;5.90;5.94;5.99;6.03;6.08;6.13;6.19;6.25;6.31;6.37;6.44;6.51;6.58;6.65;6.73;6.81;6.89;6.97;;;;;;;;;;;;;;;;;;;;;;;
2.200;;;;;;;;;;;;;;;;;;;;;;;;;;;;;;;6.68;6.58;6.48;6.40;6.32;6.25;6.18;6.12;6.06;6.01;5.97;5.93;5.89;5.86;5.83;5.81;5.78;5.76;5.74;5.72;5.70;5.68;5.66;5.64;5.63;5.61;5.59;5.57;5.55;5.53;5.52;5.50;5.49;5.48;5.47;5.47;5.47;5.47;5.48;5.49;5.50;5.51;5.53;5.55;5.57;5.58;5.60;5.62;5.63;5.64;5.65;5.66;5.66;5.66;5.67;5.67;5.67;5.67;5.67;5.67;5.68;5.68;5.69;5.70;5.72;5.73;5.75;5.77;5.80;5.83;5.86;5.89;5.93;5.97;6.02;6.06;6.11;6.17;6.22;6.28;6.34;6.41;6.47;6.54;6.61;6.69;6.76;6.84;6.92;;;;;;;;;;;;;;;;;;;;;;;
2.100;;;;;;;;;;;;;;;;;;;;;;;;;;;;;;;6.64;6.54;6.45;6.37;6.29;6.22;6.15;6.09;6.04;5.99;5.94;5.90;5.87;5.84;5.81;5.78;5.76;5.74;5.72;5.70;5.69;5.67;5.65;5.64;5.62;5.60;5.58;5.57;5.55;5.53;5.51;5.50;5.49;5.48;5.47;5.46;5.46;5.47;5.47;5.48;5.49;5.51;5.53;5.54;5.56;5.58;5.60;5.62;5.63;5.64;5.65;5.66;5.67;5.67;5.67;5.68;5.68;5.68;5.68;5.68;5.68;5.69;5.70;5.71;5.72;5.73;5.75;5.77;5.80;5.82;5.85;5.89;5.92;5.96;6.00;6.05;6.10;6.15;6.20;6.26;6.32;6.38;6.44;6.51;6.58;6.65;6.72;6.80;6.88;6.96;;;;;;;;;;;;;;;;;;;;;;
2.000;;;;;;;;;;;;;;;;;;;;;;;;;;;;;;6.72;6.61;6.51;6.42;6.34;6.26;6.19;6.12;6.06;6.01;5.96;5.92;5.88;5.85;5.82;5.79;5.77;5.74;5.73;5.71;5.69;5.68;5.66;5.65;5.63;5.62;5.60;5.58;5.57;5.55;5.53;5.52;5.50;5.49;5.48;5.47;5.46;5.46;5.46;5.47;5.48;5.49;5.51;5.53;5.54;5.57;5.59;5.60;5.62;5.64;5.65;5.66;5.67;5.68;5.68;5.69;5.69;5.69;5.69;5.69;5.69;5.69;5.70;5.71;5.71;5.73;5.74;5.76;5.77;5.80;5.82;5.85;5.88;5.92;5.95;5.99;6.04;6.08;6.13;6.18;6.24;6.29;6.35;6.41;6.48;6.55;6.62;6.69;6.77;6.84;6.93;;;;;;;;;;;;;;;;;;;;;;
1.900;;;;;;;;;;;;;;;;;;;;;;;;;;;;;;6.69;6.58;6.49;6.40;6.31;6.24;6.17;6.10;6.04;5.99;5.94;5.90;5.86;5.83;5.80;5.77;5.75;5.73;5.71;5.70;5.68;5.67;5.66;5.64;5.63;5.61;5.60;5.58;5.57;5.55;5.53;5.52;5.50;5.49;5.48;5.47;5.46;5.46;5.46;5.47;5.48;5.49;5.51;5.53;5.55;5.57;5.59;5.61;5.63;5.65;5.66;5.68;5.69;5.69;5.70;5.70;5.70;5.70;5.70;5.70;5.70;5.71;5.71;5.72;5.72;5.73;5.75;5.76;5.78;5.80;5.82;5.85;5.88;5.91;5.95;5.98;6.03;6.07;6.12;6.17;6.22;6.27;6.33;6.39;6.45;6.52;6.59;6.66;6.73;6.81;6.89;;;;;;;;;;;;;;;;;;;;;;
1.800;;;;;;;;;;;;;;;;;;;;;;;;;;;;;6.77;6.66;6.56;6.46;6.37;6.29;6.21;6.14;6.08;6.02;5.97;5.92;5.88;5.84;5.81;5.78;5.76;5.74;5.72;5.70;5.69;5.67;5.66;5.65;5.64;5.63;5.62;5.60;5.59;5.57;5.56;5.54;5.52;5.51;5.49;5.48;5.47;5.47;5.46;5.46;5.47;5.48;5.49;5.51;5.53;5.55;5.58;5.60;5.62;5.65;5.66;5.68;5.69;5.70;5.71;5.72;5.72;5.72;5.72;5.72;5.72;5.72;5.72;5.73;5.73;5.74;5.74;5.76;5.77;5.78;5.80;5.83;5.85;5.88;5.91;5.94;5.98;6.02;6.06;6.10;6.15;6.20;6.25;6.31;6.37;6.43;6.49;6.56;6.63;6.71;6.78;6.86;6.95;;;;;;;;;;;;;;;;;;;;;
1.700;;;;;;;;;;;;;;;;;;;;;;;;;;;;;6.74;6.64;6.53;6.44;6.35;6.27;6.19;6.12;6.06;6.00;5.95;5.90;5.86;5.83;5.80;5.77;5.74;5.72;5.71;5.69;5.68;5.67;5.66;5.65;5.64;5.63;5.62;5.61;5.59;5.58;5.57;5.55;5.53;5.52;5.50;5.49;5.48;5.47;5.47;5.47;5.47;5.48;5.50;5.52;5.54;5.56;5.59;5.61;5.64;5.66;5.68;5.70;5.71;5.72;5.73;5.74;5.74;5.74;5.74;5.74;5.74;5.74;5.74;5.74;5.74;5.75;5.76;5.77;5.78;5.79;5.81;5.83;5.85;5.88;5.91;5.94;5.97;6.01;6.05;6.09;6.14;6.19;6.24;6.29;6.35;6.41;6.47;6.54;6.61;6.68;6.76;6.84;6.92;;;;;;;;;;;;;;;;;;;;;
1.600;;;;;;;;;;;;;;;;;;;;;;;;;;;;;6.72;6.61;6.51;6.42;6.33;6.25;6.18;6.11;6.05;5.99;5.94;5.89;5.85;5.81;5.78;5.76;5.73;5.71;5.70;5.68;5.67;5.66;5.66;5.65;5.64;5.63;5.62;5.61;5.60;5.59;5.58;5.56;5.54;5.53;5.51;5.50;5.49;5.48;5.47;5.47;5.48;5.49;5.50;5.52;5.55;5.57;5.60;5.63;5.66;5.68;5.70;5.72;5.74;5.75;5.76;5.76;5.77;5.77;5.77;5.76;5.76;5.76;5.76;5.76;5.76;5.76;5.77;5.78;5.79;5.80;5.82;5.83;5.85;5.88;5.90;5.93;5.97;6.00;6.04;6.08;6.12;6.17;6.22;6.27;6.33;6.39;6.45;6.52;6.59;6.66;6.74;6.82;6.90;;;;;;;;;;;;;;;;;;;;;
1.500;;;;;;;;;;;;;;;;;;;;;;;;;;;;6.80;6.70;6.59;6.50;6.40;6.32;6.24;6.16;6.09;6.03;5.97;5.92;5.88;5.84;5.80;5.77;5.74;5.72;5.70;5.69;5.68;5.67;5.66;5.66;5.65;5.64;5.64;5.63;5.62;5.61;5.60;5.59;5.57;5.56;5.54;5.53;5.51;5.50;5.49;5.48;5.48;5.49;5.50;5.51;5.53;5.56;5.59;5.62;5.65;5.68;5.71;5.73;5.75;5.77;5.78;5.79;5.79;5.79;5.79;5.79;5.79;5.78;5.78;5.78;5.78;5.78;5.78;5.78;5.79;5.80;5.81;5.82;5.84;5.86;5.88;5.90;5.93;5.96;6.00;6.03;6.07;6.11;6.16;6.21;6.26;6.31;6.37;6.43;6.50;6.57;6.64;6.72;6.80;6.88;6.97;;;;;;;;;;;;;;;;;;;;
1.400;;;;;;;;;;;;;;;;;;;;;;;;;;;;6.78;6.68;6.58;6.48;6.39;6.30;6.22;6.15;6.08;6.02;5.96;5.91;5.87;5.83;5.79;5.76;5.74;5.71;5.70;5.68;5.67;5.67;5.66;5.66;5.65;5.65;5.64;5.64;5.63;5.63;5.62;5.60;5.59;5.58;5.56;5.54;5.53;5.51;5.50;5.49;5.49;5.49;5.51;5.52;5.55;5.57;5.61;5.64;5.67;5.70;5.73;5.76;5.78;5.80;5.81;5.82;5.82;5.82;5.82;5.82;5.81;5.81;5.80;5.80;5.80;5.80;5.80;5.80;5.80;5.81;5.82;5.83;5.84;5.86;5.88;5.90;5.93;5.96;5.99;6.02;6.06;6.10;6.15;6.20;6.25;6.30;6.36;6.42;6.48;6.55;6.62;6.70;6.78;6.86;6.95;;;;;;;;;;;;;;;;;;;;
1.300;;;;;;;;;;;;;;;;;;;;;;;;;;;;6.77;6.66;6.56;6.47;6.38;6.29;6.21;6.14;6.07;6.01;5.95;5.90;5.86;5.82;5.78;5.75;5.73;5.71;5.69;5.68;5.67;5.66;5.66;5.66;5.65;5.65;5.65;5.65;5.65;5.64;5.63;5.62;5.61;5.59;5.58;5.56;5.54;5.53;5.51;5.50;5.50;5.50;5.52;5.53;5.56;5.59;5.63;5.66;5.70;5.73;5.76;5.79;5.81;5.83;5.84;5.85;5.85;5.85;5.85;5.84;5.84;5.83;5.83;5.82;5.82;5.81;5.81;5.81;5.81;5.82;5.82;5.83;5.85;5.86;5.88;5.90;5.93;5.95;5.98;6.02;6.05;6.09;6.14;6.18;6.23;6.29;6.34;6.40;6.47;6.54;6.61;6.68;6.76;6.85;6.94;;;;;;;;;;;;;;;;;;;;
1.200;;;;;;;;;;;;;;;;;;;;;;;;;;;6.86;6.75;6.65;6.55;6.46;6.37;6.29;6.21;6.13;6.06;6.00;5.95;5.89;5.85;5.81;5.77;5.74;5.72;5.70;5.68;5.67;5.66;5.66;5.66;5.66;5.66;5.66;5.66;5.66;5.66;5.65;5.65;5.64;5.63;5.61;5.60;5.58;5.56;5.54;5.53;5.52;5.51;5.52;5.53;5.55;5.58;5.61;5.65;5.69;5.73;5.76;5.80;5.83;5.85;5.86;5.87;5.88;5.88;5.88;5.88;5.87;5.86;5.86;5.85;5.84;5.83;5.83;5.82;5.82;5.82;5.83;5.83;5.84;5.85;5.86;5.88;5.90;5.92;5.95;5.98;6.01;6.05;6.09;6.13;6.17;6.22;6.27;6.33;6.39;6.45;6.52;6.59;6.67;6.75;6.83;6.93;7.02;;;;;;;;;;;;;;;;;;;
1.100;;;;;;;;;;;;;;;;;;;;;;;;;;;6.84;6.74;6.64;6.55;6.45;6.36;6.28;6.20;6.13;6.06;6.00;5.94;5.89;5.84;5.80;5.77;5.74;5.71;5.69;5.68;5.67;5.66;5.66;5.66;5.66;5.66;5.66;5.66;5.67;5.67;5.67;5.66;5.66;5.65;5.64;5.62;5.60;5.59;5.57;5.55;5.54;5.53;5.53;5.54;5.56;5.59;5.63;5.67;5.72;5.76;5.80;5.83;5.86;5.88;5.90;5.91;5.91;5.91;5.91;5.90;5.90;5.89;5.88;5.87;5.86;5.85;5.84;5.84;5.83;5.83;5.83;5.84;5.84;5.85;5.87;5.88;5.90;5.92;5.95;5.97;6.00;6.04;6.08;6.12;6.16;6.21;6.26;6.32;6.38;6.44;6.51;6.58;6.66;6.74;6.82;6.91;7.01;;;;;;;;;;;;;;;;;;;
1.000;;;;;;;;;;;;;;;;;;;;;;;;;;;6.84;6.74;6.64;6.54;6.45;6.36;6.28;6.20;6.12;6.05;5.99;5.93;5.88;5.84;5.80;5.76;5.73;5.71;5.69;5.67;5.66;5.66;5.65;5.65;5.66;5.66;5.66;5.67;5.68;5.68;5.68;5.68;5.68;5.67;5.66;5.65;5.63;5.61;5.59;5.57;5.55;5.55;5.54;5.56;5.58;5.61;5.65;5.70;5.75;5.80;5.84;5.87;5.90;5.92;5.94;5.95;5.95;5.95;5.94;5.93;5.92;5.91;5.90;5.89;5.88;5.86;5.86;5.85;5.84;5.84;5.84;5.84;5.85;5.86;5.87;5.88;5.90;5.92;5.94;5.97;6.00;6.03;6.07;6.11;6.15;6.20;6.25;6.31;6.37;6.43;6.50;6.57;6.65;6.73;6.81;6.90;7.00;;;;;;;;;;;;;;;;;;;
0.900;;;;;;;;;;;;;;;;;;;;;;;;;;;6.83;6.73;6.63;6.54;6.45;6.36;6.27;6.19;6.12;6.05;5.99;5.93;5.88;5.83;5.79;5.76;5.73;5.70;5.68;5.67;5.66;5.65;5.65;5.65;5.65;5.66;5.67;5.67;5.68;5.69;5.69;5.70;5.70;5.69;5.69;5.67;5.66;5.64;5.62;5.60;5.58;5.56;5.56;5.57;5.59;5.63;5.68;5.73;5.78;5.83;5.88;5.92;5.94;5.96;5.97;5.98;5.98;5.97;5.97;5.96;5.94;5.93;5.92;5.90;5.89;5.88;5.87;5.86;5.85;5.85;5.85;5.85;5.85;5.86;5.87;5.88;5.90;5.91;5.94;5.96;5.99;6.02;6.06;6.10;6.14;6.19;6.24;6.30;6.36;6.42;6.49;6.56;6.64;6.72;6.80;6.90;6.99;;;;;;;;;;;;;;;;;;;
0.800;;;;;;;;;;;;;;;;;;;;;;;;;;;6.83;6.73;6.64;6.54;6.45;6.36;6.27;6.19;6.12;6.05;5.99;5.93;5.87;5.83;5.79;5.75;5.72;5.70;5.68;5.66;5.65;5.65;5.64;5.65;5.65;5.66;5.67;5.68;5.69;5.70;5.71;5.71;5.72;5.72;5.71;5.70;5.69;5.67;5.65;5.62;5.60;5.58;5.58;5.59;5.61;5.65;5.71;5.77;5.82;5.88;5.92;5.96;5.99;6.00;6.01;6.01;6.01;6.00;5.99;5.98;5.96;5.95;5.93;5.92;5.90;5.89;5.88;5.87;5.86;5.85;5.85;5.85;5.85;5.86;5.87;5.88;5.89;5.91;5.93;5.96;5.99;6.02;6.05;6.09;6.14;6.18;6.23;6.29;6.35;6.41;6.48;6.55;6.63;6.71;6.80;6.89;6.99;;;;;;;;;;;;;;;;;;;
0.700;;;;;;;;;;;;;;;;;;;;;;;;;;;6.83;6.74;6.64;6.55;6.45;6.36;6.28;6.20;6.12;6.05;5.99;5.93;5.87;5.82;5.78;5.75;5.72;5.69;5.67;5.65;5.64;5.64;5.64;5.64;5.65;5.65;5.66;5.68;5.69;5.70;5.71;5.72;5.73;5.74;5.74;5.73;5.72;5.70;5.68;5.66;5.63;5.61;5.60;5.60;5.63;5.68;5.74;5.80;5.87;5.92;5.97;6.00;6.03;6.04;6.04;6.04;6.03;6.02;6.01;6.00;5.98;5.96;5.94;5.93;5.91;5.90;5.89;5.87;5.87;5.86;5.85;5.85;5.85;5.86;5.87;5.88;5.89;5.91;5.93;5.95;5.98;6.01;6.05;6.09;6.13;6.18;6.23;6.28;6.34;6.40;6.47;6.54;6.62;6.70;6.79;6.88;6.98;7.09;;;;;;;;;;;;;;;;;;
0.600;;;;;;;;;;;;;;;;;;;;;;;;;;6.94;6.84;6.75;6.65;6.55;6.46;6.37;6.28;6.20;6.12;6.05;5.99;5.93;5.87;5.82;5.78;5.74;5.71;5.68;5.66;5.65;5.64;5.63;5.63;5.63;5.64;5.65;5.66;5.67;5.69;5.70;5.72;5.73;5.74;5.75;5.76;5.76;5.75;5.74;5.72;5.69;5.66;5.64;5.62;5.62;5.65;5.70;5.77;5.85;5.92;5.97;6.02;6.05;6.06;6.07;6.07;6.07;6.06;6.04;6.03;6.01;5.99;5.97;5.95;5.94;5.92;5.90;5.89;5.88;5.87;5.86;5.86;5.85;5.85;5.86;5.86;5.87;5.89;5.90;5.92;5.95;5.97;6.01;6.04;6.08;6.12;6.17;6.22;6.27;6.33;6.40;6.46;6.54;6.61;6.70;6.78;6.88;6.98;7.08;;;;;;;;;;;;;;;;;;
0.500;;;;;;;;;;;;;;;;;;;;;;;;;;6.95;6.86;6.76;6.66;6.56;6.47;6.38;6.29;6.21;6.13;6.06;5.99;5.93;5.87;5.82;5.78;5.74;5.71;5.68;5.66;5.64;5.63;5.62;5.62;5.62;5.63;5.64;5.65;5.67;5.68;5.70;5.72;5.74;5.75;5.77;5.78;5.78;5.78;5.78;5.76;5.73;5.70;5.67;5.64;5.64;5.67;5.73;5.82;5.90;5.97;6.03;6.06;6.09;6.10;6.10;6.09;6.08;6.07;6.06;6.04;6.02;6.00;5.98;5.96;5.94;5.93;5.91;5.89;5.88;5.87;5.86;5.86;5.85;5.85;5.86;5.86;5.87;5.88;5.90;5.92;5.94;5.97;6.00;6.03;6.07;6.12;6.16;6.21;6.27;6.33;6.39;6.46;6.53;6.61;6.69;6.78;6.87;6.97;7.08;;;;;;;;;;;;;;;;;;
0.400;;;;;;;;;;;;;;;;;;;;;;;;;;6.97;6.87;6.77;6.68;6.58;6.48;6.39;6.30;6.22;6.14;6.06;5.99;5.93;5.87;5.82;5.78;5.74;5.70;5.67;5.65;5.63;5.62;5.61;5.61;5.61;5.62;5.63;5.64;5.66;5.68;5.70;5.72;5.74;5.76;5.78;5.79;5.80;5.81;5.81;5.80;5.78;5.75;5.71;5.67;5.66;5.69;5.77;5.87;5.96;6.03;6.08;6.10;6.12;6.12;6.12;6.11;6.10;6.08;6.06;6.04;6.02;6.00;5.98;5.96;5.95;5.93;5.91;5.90;5.88;5.87;5.86;5.86;5.85;5.85;5.86;5.86;5.87;5.88;5.90;5.92;5.94;5.97;6.00;6.03;6.07;6.11;6.16;6.21;6.26;6.32;6.38;6.45;6.53;6.60;6.69;6.77;6.87;6.97;7.07;;;;;;;;;;;;;;;;;;
0.300;;;;;;;;;;;;;;;;;;;;;;;;;;6.99;6.89;6.79;6.69;6.60;6.50;6.40;6.31;6.23;6.15;6.07;6.00;5.93;5.88;5.82;5.77;5.73;5.70;5.67;5.64;5.62;5.61;5.60;5.60;5.60;5.61;5.61;5.63;5.64;5.66;5.68;5.71;5.73;5.75;5.78;5.80;5.82;5.83;5.84;5.84;5.83;5.81;5.77;5.72;5.68;5.71;5.81;5.94;6.03;6.09;6.12;6.13;6.14;6.13;6.13;6.11;6.10;6.08;6.06;6.05;6.03;6.01;5.99;5.97;5.95;5.93;5.91;5.90;5.88;5.87;5.86;5.86;5.85;5.85;5.86;5.86;5.87;5.88;5.90;5.91;5.94;5.96;5.99;6.03;6.06;6.11;6.15;6.20;6.26;6.32;6.38;6.45;6.52;6.60;6.68;6.77;6.87;6.96;7.07;;;;;;;;;;;;;;;;;;
0.200;;;;;;;;;;;;;;;;;;;;;;;;;;7.01;6.92;6.82;6.72;6.62;6.52;6.42;6.33;6.24;6.16;6.08;6.01;5.94;5.88;5.82;5.77;5.73;5.69;5.66;5.64;5.61;5.60;5.59;5.59;5.59;5.59;5.60;5.61;5.63;5.65;5.67;5.70;5.72;5.75;5.77;5.80;5.82;5.85;5.86;5.88;5.88;5.87;5.84;5.78;5.72;5.72;5.88;6.02;6.09;6.13;6.14;6.14;6.14;6.13;6.12;6.11;6.10;6.08;6.06;6.04;6.02;6.00;5.98;5.97;5.95;5.93;5.91;5.90;5.89;5.87;5.86;5.86;5.85;5.85;5.85;5.86;5.87;5.88;5.89;5.91;5.93;5.96;5.99;6.02;6.06;6.10;6.15;6.20;6.25;6.31;6.38;6.45;6.52;6.60;6.68;6.77;6.86;6.96;7.07;;;;;;;;;;;;;;;;;;
0.100;;;;;;;;;;;;;;;;;;;;;;;;;;7.04;6.95;6.84;6.74;6.64;6.54;6.44;6.35;6.26;6.17;6.09;6.02;5.95;5.88;5.83;5.77;5.73;5.69;5.66;5.63;5.61;5.59;5.58;5.57;5.57;5.58;5.58;5.60;5.61;5.63;5.65;5.68;5.71;5.73;5.76;5.79;5.82;5.85;5.87;5.90;5.92;5.93;5.92;5.90;5.81;5.74;6.00;6.10;6.12;6.13;6.13;6.13;6.13;6.12;6.11;6.10;6.08;6.07;6.05;6.04;6.02;6.00;5.98;5.96;5.94;5.93;5.91;5.90;5.88;5.87;5.86;5.86;5.85;5.85;5.85;5.86;5.87;5.88;5.89;5.91;5.93;5.96;5.99;6.02;6.06;6.10;6.15;6.20;6.25;6.31;6.38;6.44;6.52;6.60;6.68;6.77;6.86;6.96;7.07;;;;;;;;;;;;;;;;;;
0.000;;;;;;;;;;;;;;;;;;;;;;;;;;7.08;6.98;6.87;6.77;6.67;6.56;6.46;6.36;6.27;6.18;6.10;6.03;5.95;5.89;5.83;5.78;5.73;5.69;5.65;5.62;5.60;5.58;5.57;5.56;5.56;5.56;5.57;5.58;5.60;5.61;5.64;5.66;5.69;5.72;5.75;5.78;5.81;5.84;5.87;5.90;5.93;5.96;5.99;6.01;6.03;5.91;6.07;6.08;6.09;6.10;6.10;6.10;6.10;6.09;6.09;6.08;6.07;6.05;6.04;6.03;6.01;5.99;5.98;5.96;5.94;5.93;5.91;5.90;5.88;5.87;5.87;5.86;5.85;5.85;5.85;5.86;5.87;5.88;5.89;5.91;5.93;5.96;5.99;6.02;6.06;6.10;6.15;6.20;6.25;6.31;6.38;6.44;6.52;6.60;6.68;6.77;6.86;6.96;7.06;;;;;;;;;;;;;;;;;;
-0.100;;;;;;;;;;;;;;;;;;;;;;;;;;7.11;7.01;6.91;6.80;6.69;6.59;6.49;6.39;6.29;6.20;6.12;6.04;5.96;5.90;5.84;5.78;5.73;5.69;5.65;5.62;5.59;5.57;5.56;5.55;5.55;5.55;5.55;5.56;5.58;5.59;5.62;5.64;5.67;5.70;5.73;5.76;5.79;5.83;5.86;5.89;5.93;5.96;5.98;6.00;5.96;5.78;5.84;5.94;5.99;6.02;6.04;6.05;6.06;6.06;6.06;6.05;6.05;6.04;6.03;6.01;6.00;5.99;5.97;5.95;5.94;5.92;5.91;5.90;5.89;5.87;5.87;5.86;5.86;5.85;5.86;5.86;5.87;5.88;5.89;5.91;5.93;5.96;5.99;6.02;6.06;6.10;6.15;6.20;6.25;6.31;6.38;6.45;6.52;6.60;6.68;6.77;6.86;6.96;7.06;;;;;;;;;;;;;;;;;;
-0.200;;;;;;;;;;;;;;;;;;;;;;;;;;7.15;7.05;6.94;6.84;6.73;6.62;6.51;6.41;6.31;6.22;6.13;6.05;5.98;5.91;5.84;5.78;5.73;5.69;5.65;5.61;5.59;5.57;5.55;5.54;5.53;5.53;5.54;5.55;5.56;5.58;5.60;5.62;5.65;5.68;5.71;5.74;5.77;5.81;5.84;5.87;5.90;5.93;5.95;5.94;5.88;5.80;5.79;5.85;5.91;5.95;5.98;6.00;6.02;6.03;6.03;6.03;6.03;6.02;6.01;6.00;5.99;5.98;5.96;5.95;5.94;5.92;5.91;5.90;5.89;5.88;5.87;5.86;5.86;5.86;5.86;5.86;5.87;5.88;5.90;5.91;5.94;5.96;5.99;6.03;6.06;6.11;6.15;6.20;6.26;6.32;6.38;6.45;6.52;6.60;6.68;6.77;6.86;6.96;7.07;;;;;;;;;;;;;;;;;;
-0.300;;;;;;;;;;;;;;;;;;;;;;;;;;7.20;7.09;6.98;6.87;6.76;6.65;6.54;6.44;6.34;6.24;6.15;6.07;5.99;5.92;5.85;5.79;5.74;5.69;5.65;5.61;5.58;5.56;5.54;5.53;5.52;5.52;5.52;5.53;5.54;5.56;5.58;5.60;5.63;5.66;5.69;5.72;5.75;5.78;5.82;5.85;5.88;5.90;5.91;5.90;5.86;5.81;5.80;5.83;5.87;5.91;5.94;5.96;5.98;5.99;6.00;6.01;6.01;6.00;6.00;5.99;5.98;5.97;5.96;5.95;5.93;5.92;5.91;5.90;5.89;5.88;5.87;5.86;5.86;5.86;5.86;5.87;5.87;5.89;5.90;5.92;5.94;5.97;6.00;6.03;6.07;6.11;6.16;6.21;6.26;6.32;6.39;6.45;6.53;6.61;6.69;6.78;6.87;6.97;7.07;;;;;;;;;;;;;;;;;;
-0.400;;;;;;;;;;;;;;;;;;;;;;;;;;7.24;7.14;7.03;6.91;6.80;6.68;6.57;6.46;6.36;6.26;6.17;6.08;6.00;5.93;5.86;5.80;5.74;5.69;5.65;5.61;5.58;5.56;5.54;5.52;5.51;5.51;5.51;5.52;5.53;5.54;5.56;5.58;5.61;5.64;5.67;5.70;5.73;5.76;5.80;5.83;5.85;5.87;5.88;5.88;5.85;5.83;5.82;5.83;5.85;5.88;5.91;5.93;5.95;5.97;5.98;5.99;5.99;5.99;5.99;5.98;5.97;5.96;5.95;5.94;5.93;5.92;5.91;5.90;5.89;5.88;5.87;5.87;5.87;5.87;5.87;5.87;5.88;5.89;5.91;5.92;5.95;5.97;6.00;6.04;6.07;6.12;6.16;6.21;6.27;6.33;6.39;6.46;6.53;6.61;6.69;6.78;6.87;6.97;7.07;;;;;;;;;;;;;;;;;;
-0.500;;;;;;;;;;;;;;;;;;;;;;;;;;;7.18;7.07;6.95;6.83;6.72;6.60;6.49;6.39;6.29;6.19;6.10;6.02;5.94;5.87;5.81;5.75;5.70;5.65;5.62;5.58;5.55;5.53;5.52;5.51;5.50;5.50;5.51;5.52;5.53;5.55;5.57;5.59;5.62;5.65;5.68;5.72;5.75;5.78;5.81;5.84;5.86;5.87;5.87;5.86;5.84;5.84;5.84;5.85;5.87;5.89;5.92;5.93;5.95;5.96;5.97;5.97;5.98;5.98;5.97;5.97;5.96;5.95;5.94;5.93;5.92;5.91;5.90;5.89;5.88;5.88;5.87;5.87;5.87;5.87;5.88;5.89;5.90;5.91;5.93;5.95;5.98;6.01;6.04;6.08;6.12;6.17;6.22;6.28;6.34;6.40;6.47;6.54;6.62;6.70;6.79;6.88;6.98;7.08;;;;;;;;;;;;;;;;;;
-0.600;;;;;;;;;;;;;;;;;;;;;;;;;;;7.23;7.11;6.99;6.87;6.75;6.64;6.52;6.42;6.31;6.22;6.12;6.04;5.96;5.89;5.82;5.76;5.71;5.66;5.62;5.58;5.56;5.53;5.52;5.50;5.50;5.50;5.50;5.51;5.52;5.54;5.56;5.58;5.61;5.64;5.67;5.70;5.74;5.77;5.80;5.83;5.85;5.86;5.87;5.86;5.86;5.85;5.85;5.86;5.87;5.89;5.91;5.92;5.94;5.95;5.96;5.96;5.97;5.97;5.96;5.96;5.96;5.95;5.94;5.93;5.92;5.91;5.90;5.90;5.89;5.88;5.88;5.88;5.88;5.88;5.89;5.89;5.91;5.92;5.94;5.96;5.99;6.02;6.05;6.09;6.13;6.18;6.23;6.29;6.35;6.41;6.48;6.55;6.63;6.71;6.80;6.89;6.99;7.09;;;;;;;;;;;;;;;;;;
-0.700;;;;;;;;;;;;;;;;;;;;;;;;;;;7.28;7.16;7.04;6.91;6.79;6.67;6.56;6.45;6.34;6.24;6.15;6.06;5.98;5.91;5.84;5.78;5.72;5.67;5.63;5.59;5.56;5.54;5.52;5.50;5.50;5.49;5.50;5.50;5.52;5.53;5.55;5.58;5.60;5.63;5.66;5.70;5.73;5.76;5.79;5.82;5.84;5.86;5.87;5.87;5.87;5.87;5.87;5.87;5.88;5.89;5.91;5.92;5.93;5.94;5.95;5.96;5.96;5.96;5.96;5.96;5.95;5.95;5.94;5.93;5.92;5.92;5.91;5.90;5.89;5.89;5.89;5.88;5.88;5.89;5.89;5.90;5.91;5.93;5.95;5.97;6.00;6.03;6.06;6.10;6.14;6.19;6.24;6.30;6.36;6.42;6.49;6.56;6.64;6.72;6.81;6.90;7.00;;;;;;;;;;;;;;;;;;;
-0.800;;;;;;;;;;;;;;;;;;;;;;;;;;;7.33;7.21;7.08;6.96;6.83;6.71;6.59;6.48;6.37;6.27;6.17;6.08;6.00;5.93;5.86;5.79;5.73;5.68;5.64;5.60;5.57;5.54;5.52;5.51;5.50;5.49;5.50;5.50;5.51;5.53;5.55;5.57;5.60;5.63;5.66;5.69;5.73;5.76;5.79;5.82;5.84;5.86;5.87;5.88;5.88;5.88;5.88;5.89;5.89;5.90;5.91;5.92;5.93;5.94;5.94;5.95;5.95;5.96;5.96;5.95;5.95;5.95;5.94;5.93;5.93;5.92;5.91;5.91;5.90;5.90;5.89;5.89;5.89;5.90;5.90;5.91;5.92;5.94;5.96;5.98;6.01;6.04;6.07;6.11;6.16;6.20;6.26;6.31;6.37;6.44;6.50;6.58;6.65;6.74;6.82;6.91;7.01;;;;;;;;;;;;;;;;;;;
-0.900;;;;;;;;;;;;;;;;;;;;;;;;;;;7.37;7.25;7.13;7.00;6.87;6.75;6.63;6.51;6.40;6.30;6.20;6.11;6.03;5.95;5.88;5.81;5.75;5.70;5.65;5.61;5.58;5.55;5.53;5.51;5.50;5.50;5.50;5.51;5.52;5.53;5.55;5.57;5.60;5.63;5.66;5.69;5.73;5.76;5.79;5.82;5.85;5.87;5.88;5.89;5.89;5.89;5.90;5.90;5.90;5.91;5.91;5.92;5.93;5.94;5.94;5.95;5.95;5.95;5.95;5.95;5.95;5.95;5.94;5.94;5.93;5.92;5.92;5.91;5.91;5.90;5.90;5.90;5.90;5.91;5.91;5.92;5.94;5.95;5.97;5.99;6.02;6.05;6.09;6.13;6.17;6.22;6.27;6.33;6.39;6.45;6.52;6.59;6.67;6.75;6.84;6.93;7.02;;;;;;;;;;;;;;;;;;;
-1.000;;;;;;;;;;;;;;;;;;;;;;;;;;;7.42;7.30;7.17;7.04;6.91;6.79;6.67;6.55;6.44;6.33;6.23;6.14;6.05;5.97;5.90;5.83;5.77;5.72;5.67;5.63;5.59;5.56;5.54;5.52;5.51;5.51;5.51;5.51;5.52;5.54;5.56;5.58;5.61;5.63;5.67;5.70;5.73;5.77;5.80;5.83;5.85;5.87;5.89;5.90;5.90;5.91;5.91;5.91;5.91;5.91;5.92;5.93;5.93;5.94;5.94;5.95;5.95;5.95;5.95;5.95;5.95;5.95;5.94;5.94;5.93;5.93;5.92;5.92;5.91;5.91;5.91;5.91;5.91;5.92;5.92;5.93;5.95;5.96;5.98;6.01;6.04;6.07;6.10;6.14;6.19;6.23;6.29;6.34;6.40;6.47;6.54;6.61;6.69;6.77;6.86;6.95;7.04;;;;;;;;;;;;;;;;;;;
-1.100;;;;;;;;;;;;;;;;;;;;;;;;;;;;7.34;7.21;7.08;6.96;6.83;6.70;6.59;6.47;6.37;6.26;6.17;6.08;6.00;5.92;5.86;5.79;5.74;5.69;5.65;5.61;5.58;5.56;5.54;5.53;5.52;5.52;5.52;5.53;5.55;5.56;5.59;5.61;5.64;5.67;5.71;5.74;5.77;5.80;5.83;5.86;5.88;5.89;5.90;5.91;5.91;5.92;5.92;5.92;5.92;5.93;5.93;5.93;5.94;5.94;5.95;5.95;5.95;5.95;5.95;5.95;5.95;5.94;5.94;5.94;5.93;5.93;5.92;5.92;5.92;5.92;5.92;5.92;5.93;5.93;5.95;5.96;5.98;6.00;6.02;6.05;6.08;6.12;6.16;6.20;6.25;6.30;6.36;6.42;6.49;6.56;6.63;6.71;6.79;6.87;6.96;7.06;;;;;;;;;;;;;;;;;;;
-1.200;;;;;;;;;;;;;;;;;;;;;;;;;;;;7.38;7.26;7.13;7.00;6.87;6.74;6.63;6.51;6.40;6.30;6.20;6.11;6.03;5.95;5.88;5.82;5.76;5.71;5.67;5.63;5.60;5.58;5.56;5.54;5.54;5.53;5.54;5.55;5.56;5.58;5.60;5.62;5.65;5.68;5.71;5.75;5.78;5.81;5.84;5.86;5.88;5.90;5.91;5.92;5.92;5.93;5.93;5.93;5.93;5.93;5.94;5.94;5.94;5.95;5.95;5.95;5.95;5.95;5.95;5.95;5.95;5.95;5.94;5.94;5.94;5.93;5.93;5.93;5.92;5.93;5.93;5.93;5.94;5.95;5.96;5.97;5.99;6.01;6.04;6.07;6.10;6.14;6.18;6.22;6.27;6.32;6.38;6.44;6.51;6.58;6.65;6.73;6.81;6.90;6.99;;;;;;;;;;;;;;;;;;;;
-1.300;;;;;;;;;;;;;;;;;;;;;;;;;;;;7.42;7.30;7.17;7.04;6.91;6.79;6.67;6.55;6.44;6.34;6.24;6.15;6.06;5.99;5.91;5.85;5.79;5.74;5.70;5.66;5.62;5.60;5.58;5.56;5.56;5.55;5.56;5.56;5.58;5.59;5.61;5.64;5.66;5.69;5.72;5.76;5.79;5.82;5.84;5.87;5.89;5.90;5.92;5.92;5.93;5.93;5.94;5.94;5.94;5.94;5.94;5.94;5.95;5.95;5.95;5.95;5.95;5.95;5.95;5.95;5.95;5.95;5.95;5.94;5.94;5.94;5.93;5.93;5.93;5.93;5.94;5.94;5.95;5.96;5.97;5.99;6.01;6.03;6.06;6.08;6.12;6.16;6.20;6.24;6.29;6.35;6.40;6.47;6.53;6.60;6.68;6.75;6.84;6.92;7.01;;;;;;;;;;;;;;;;;;;;
-1.400;;;;;;;;;;;;;;;;;;;;;;;;;;;;;7.34;7.21;7.08;6.95;6.83;6.71;6.59;6.48;6.38;6.28;6.19;6.10;6.02;5.95;5.88;5.82;5.77;5.73;5.69;5.65;5.63;5.60;5.59;5.58;5.58;5.58;5.58;5.59;5.61;5.63;5.65;5.68;5.71;5.74;5.77;5.80;5.82;5.85;5.87;5.89;5.91;5.92;5.93;5.94;5.94;5.94;5.94;5.94;5.94;5.95;5.95;5.95;5.95;5.95;5.95;5.95;5.95;5.95;5.95;5.95;5.95;5.95;5.95;5.94;5.94;5.94;5.94;5.94;5.94;5.95;5.95;5.96;5.97;5.99;6.00;6.02;6.05;6.07;6.10;6.14;6.18;6.22;6.26;6.31;6.37;6.43;6.49;6.56;6.63;6.70;6.78;6.86;6.95;7.04;;;;;;;;;;;;;;;;;;;;
-1.500;;;;;;;;;;;;;;;;;;;;;;;;;;;;;7.37;7.25;7.12;7.00;6.87;6.75;6.63;6.52;6.42;6.32;6.23;6.14;6.06;5.99;5.92;5.86;5.81;5.76;5.72;5.68;5.66;5.63;5.62;5.61;5.60;5.60;5.61;5.62;5.63;5.65;5.67;5.70;5.72;5.75;5.78;5.81;5.83;5.86;5.88;5.90;5.91;5.93;5.94;5.94;5.94;5.95;5.95;5.95;5.95;5.95;5.95;5.95;5.95;5.95;5.95;5.96;5.96;5.96;5.96;5.95;5.95;5.95;5.95;5.95;5.95;5.95;5.95;5.95;5.95;5.96;5.97;5.98;5.99;6.00;6.02;6.04;6.06;6.09;6.12;6.16;6.20;6.24;6.29;6.34;6.39;6.45;6.52;6.58;6.65;6.73;6.81;6.89;6.98;;;;;;;;;;;;;;;;;;;;;
-1.600;;;;;;;;;;;;;;;;;;;;;;;;;;;;;7.41;7.29;7.16;7.04;6.91;6.79;6.68;6.57;6.46;6.36;6.27;6.18;6.10;6.03;5.96;5.90;5.84;5.80;5.75;5.72;5.69;5.67;5.65;5.64;5.63;5.63;5.63;5.64;5.65;5.67;5.69;5.71;5.74;5.76;5.79;5.82;5.84;5.87;5.89;5.90;5.92;5.93;5.94;5.95;5.95;5.95;5.95;5.95;5.95;5.95;5.95;5.96;5.96;5.96;5.96;5.96;5.96;5.96;5.96;5.96;5.96;5.96;5.95;5.95;5.95;5.95;5.96;5.96;5.96;5.97;5.98;5.99;6.00;6.02;6.04;6.06;6.08;6.11;6.15;6.18;6.22;6.26;6.31;6.36;6.42;6.48;6.54;6.61;6.68;6.76;6.84;6.92;7.01;;;;;;;;;;;;;;;;;;;;;
-1.700;;;;;;;;;;;;;;;;;;;;;;;;;;;;;;7.32;7.20;7.08;6.96;6.84;6.73;6.62;6.51;6.41;6.32;6.23;6.15;6.07;6.00;5.94;5.89;5.84;5.79;5.76;5.73;5.70;5.68;5.67;5.66;5.66;5.66;5.67;5.68;5.69;5.71;5.73;5.76;5.78;5.80;5.83;5.85;5.87;5.89;5.91;5.92;5.94;5.94;5.95;5.95;5.96;5.96;5.96;5.96;5.96;5.96;5.96;5.96;5.96;5.96;5.96;5.96;5.96;5.96;5.96;5.96;5.96;5.96;5.96;5.96;5.96;5.97;5.97;5.98;5.98;5.99;6.00;6.02;6.04;6.06;6.08;6.10;6.13;6.17;6.20;6.25;6.29;6.34;6.39;6.45;6.51;6.57;6.64;6.71;6.79;6.87;6.95;7.04;;;;;;;;;;;;;;;;;;;;;
-1.800;;;;;;;;;;;;;;;;;;;;;;;;;;;;;;7.36;7.24;7.12;7.00;6.89;6.77;6.66;6.56;6.46;6.37;6.28;6.20;6.12;6.05;5.99;5.93;5.88;5.84;5.80;5.77;5.74;5.72;5.71;5.70;5.69;5.69;5.70;5.71;5.72;5.74;5.75;5.78;5.80;5.82;5.84;5.86;5.88;5.90;5.92;5.93;5.94;5.95;5.96;5.96;5.96;5.96;5.96;5.96;5.96;5.96;5.96;5.96;5.96;5.96;5.96;5.96;5.96;5.96;5.96;5.96;5.96;5.96;5.97;5.97;5.97;5.98;5.98;5.99;6.00;6.01;6.02;6.04;6.05;6.07;6.10;6.13;6.16;6.19;6.23;6.27;6.32;6.37;6.42;6.48;6.54;6.61;6.67;6.75;6.82;6.91;6.99;;;;;;;;;;;;;;;;;;;;;;
-1.900;;;;;;;;;;;;;;;;;;;;;;;;;;;;;;;7.28;7.16;7.05;6.94;6.82;6.72;6.61;6.51;6.42;6.33;6.25;6.17;6.10;6.04;5.98;5.93;5.88;5.84;5.81;5.78;5.76;5.74;5.73;5.73;5.73;5.73;5.74;5.75;5.76;5.78;5.80;5.82;5.84;5.86;5.88;5.89;5.91;5.92;5.94;5.95;5.95;5.96;5.96;5.97;5.97;5.97;5.97;5.97;5.97;5.97;5.97;5.97;5.97;5.97;5.97;5.97;5.97;5.97;5.97;5.97;5.97;5.97;5.98;5.98;5.99;5.99;6.00;6.01;6.02;6.04;6.05;6.07;6.10;6.12;6.15;6.18;6.22;6.26;6.30;6.35;6.40;6.45;6.51;6.57;6.64;6.71;6.78;6.86;6.94;7.03;;;;;;;;;;;;;;;;;;;;;;
-2.000;;;;;;;;;;;;;;;;;;;;;;;;;;;;;;;7.31;7.20;7.09;6.98;6.87;6.77;6.67;6.57;6.47;6.39;6.30;6.23;6.16;6.09;6.03;5.98;5.93;5.89;5.86;5.83;5.81;5.79;5.77;5.77;5.76;5.76;5.77;5.78;5.79;5.80;5.82;5.84;5.85;5.87;5.89;5.91;5.92;5.93;5.94;5.95;5.96;5.97;5.97;5.97;5.97;5.97;5.97;5.97;5.97;5.97;5.97;5.97;5.97;5.97;5.97;5.97;5.97;5.97;5.97;5.98;5.98;5.98;5.99;5.99;6.00;6.01;6.02;6.03;6.04;6.06;6.07;6.10;6.12;6.15;6.18;6.21;6.25;6.29;6.33;6.38;6.43;6.49;6.55;6.61;6.68;6.75;6.82;6.90;6.98;7.07;;;;;;;;;;;;;;;;;;;;;;
-2.100;;;;;;;;;;;;;;;;;;;;;;;;;;;;;;;;7.24;7.14;7.03;6.93;6.82;6.72;6.63;6.53;6.45;6.36;6.29;6.21;6.15;6.09;6.04;5.99;5.94;5.91;5.88;5.85;5.83;5.82;5.81;5.80;5.80;5.80;5.81;5.82;5.83;5.84;5.86;5.87;5.89;5.90;5.92;5.93;5.94;5.95;5.96;5.97;5.97;5.98;5.98;5.98;5.98;5.98;5.98;5.98;5.98;5.98;5.98;5.98;5.98;5.98;5.98;5.98;5.98;5.98;5.99;5.99;5.99;6.00;6.00;6.01;6.02;6.03;6.04;6.06;6.08;6.10;6.12;6.14;6.17;6.20;6.24;6.28;6.32;6.36;6.41;6.46;6.52;6.58;6.65;6.71;6.79;6.86;6.94;7.02;;;;;;;;;;;;;;;;;;;;;;;
-2.200;;;;;;;;;;;;;;;;;;;;;;;;;;;;;;;;7.28;7.18;7.08;6.98;6.88;6.78;6.69;6.60;6.51;6.43;6.35;6.28;6.21;6.15;6.09;6.04;6.00;5.96;5.93;5.90;5.88;5.86;5.85;5.84;5.84;5.84;5.84;5.85;5.86;5.87;5.88;5.89;5.91;5.92;5.93;5.94;5.95;5.96;5.97;5.98;5.98;5.98;5.99;5.99;5.99;5.99;5.99;5.98;5.98;5.98;5.98;5.98;5.98;5.98;5.99;5.99;5.99;5.99;6.00;6.00;6.01;6.01;6.02;6.03;6.04;6.05;6.07;6.08;6.10;6.12;6.14;6.17;6.20;6.23;6.27;6.31;6.35;6.40;6.45;6.50;6.56;6.62;6.69;6.75;6.83;6.90;6.98;7.07;;;;;;;;;;;;;;;;;;;;;;;
-2.300;;;;;;;;;;;;;;;;;;;;;;;;;;;;;;;;;7.23;7.13;7.04;6.94;6.84;6.75;6.66;6.57;6.49;6.41;6.34;6.27;6.21;6.16;6.10;6.06;6.02;5.98;5.96;5.93;5.91;5.90;5.89;5.88;5.88;5.88;5.88;5.89;5.90;5.91;5.92;5.93;5.94;5.95;5.96;5.97;5.98;5.98;5.99;5.99;5.99;5.99;6.00;6.00;5.99;5.99;5.99;5.99;5.99;5.99;5.99;5.99;5.99;6.00;6.00;6.00;6.01;6.01;6.01;6.02;6.03;6.04;6.05;6.06;6.07;6.09;6.10;6.12;6.15;6.17;6.20;6.23;6.26;6.30;6.34;6.39;6.43;6.48;6.54;6.60;6.66;6.73;6.80;6.87;6.95;7.03;;;;;;;;;;;;;;;;;;;;;;;;
-2.400;;;;;;;;;;;;;;;;;;;;;;;;;;;;;;;;;7.27;7.18;7.09;7.00;6.91;6.82;6.73;6.64;6.56;6.48;6.41;6.34;6.28;6.22;6.17;6.12;6.08;6.04;6.01;5.98;5.96;5.95;5.93;5.92;5.92;5.92;5.92;5.92;5.93;5.93;5.94;5.95;5.96;5.97;5.98;5.98;5.99;6.00;6.00;6.00;6.01;6.01;6.01;6.01;6.01;6.01;6.01;6.00;6.00;6.00;6.01;6.01;6.01;6.01;6.01;6.02;6.02;6.03;6.03;6.04;6.05;6.06;6.07;6.08;6.10;6.11;6.13;6.15;6.18;6.20;6.23;6.26;6.30;6.34;6.38;6.42;6.47;6.53;6.58;6.64;6.70;6.77;6.84;6.92;7.00;7.08;;;;;;;;;;;;;;;;;;;;;;;;
-2.500;;;;;;;;;;;;;;;;;;;;;;;;;;;;;;;;;;7.23;7.15;7.06;6.97;6.88;6.80;6.71;6.63;6.55;6.48;6.41;6.35;6.29;6.24;6.19;6.14;6.10;6.07;6.04;6.02;6.00;5.98;5.97;5.96;5.96;5.96;5.96;5.96;5.96;5.97;5.98;5.98;5.99;6.00;6.00;6.01;6.01;6.01;6.02;6.02;6.02;6.02;6.02;6.02;6.02;6.02;6.02;6.02;6.02;6.02;6.02;6.02;6.03;6.03;6.03;6.04;6.04;6.05;6.06;6.07;6.08;6.09;6.11;6.12;6.14;6.16;6.18;6.21;6.24;6.27;6.30;6.34;6.38;6.42;6.47;6.52;6.57;6.63;6.69;6.75;6.82;6.89;6.97;7.05;;;;;;;;;;;;;;;;;;;;;;;;;
-2.600;;;;;;;;;;;;;;;;;;;;;;;;;;;;;;;;;;;7.21;7.13;7.04;6.96;6.87;6.79;6.71;6.63;6.56;6.49;6.42;6.36;6.31;6.26;6.21;6.17;6.13;6.10;6.07;6.05;6.03;6.02;6.01;6.00;6.00;5.99;5.99;6.00;6.00;6.00;6.01;6.01;6.02;6.02;6.03;6.03;6.03;6.03;6.04;6.04;6.04;6.04;6.04;6.04;6.04;6.04;6.04;6.04;6.04;6.04;6.04;6.05;6.05;6.05;6.06;6.07;6.08;6.08;6.10;6.11;6.12;6.14;6.15;6.17;6.19;6.22;6.24;6.27;6.31;6.34;6.38;6.42;6.46;6.51;6.56;6.61;6.67;6.73;6.80;6.87;6.94;7.02;;;;;;;;;;;;;;;;;;;;;;;;;;
-2.700;;;;;;;;;;;;;;;;;;;;;;;;;;;;;;;;;;;7.26;7.19;7.11;7.03;6.95;6.87;6.79;6.71;6.64;6.57;6.50;6.44;6.38;6.33;6.28;6.24;6.20;6.16;6.13;6.11;6.09;6.07;6.06;6.05;6.04;6.03;6.03;6.03;6.03;6.03;6.04;6.04;6.04;6.05;6.05;6.05;6.05;6.05;6.06;6.06;6.06;6.06;6.06;6.06;6.06;6.06;6.06;6.06;6.06;6.06;6.06;6.07;6.07;6.08;6.09;6.09;6.10;6.11;6.12;6.14;6.15;6.17;6.19;6.21;6.23;6.26;6.28;6.31;6.35;6.38;6.42;6.46;6.51;6.56;6.61;6.66;6.72;6.79;6.85;6.92;6.99;7.07;;;;;;;;;;;;;;;;;;;;;;;;;;
-2.800;;;;;;;;;;;;;;;;;;;;;;;;;;;;;;;;;;;;7.25;7.18;7.10;7.03;6.95;6.87;6.79;6.72;6.65;6.58;6.52;6.46;6.40;6.35;6.31;6.27;6.23;6.20;6.17;6.15;6.13;6.11;6.10;6.09;6.08;6.07;6.07;6.07;6.07;6.07;6.07;6.07;6.07;6.08;6.08;6.08;6.08;6.08;6.08;6.08;6.08;6.08;6.08;6.08;6.08;6.08;6.08;6.08;6.09;6.09;6.10;6.10;6.11;6.12;6.12;6.13;6.15;6.16;6.17;6.19;6.21;6.23;6.25;6.27;6.30;6.33;6.36;6.39;6.43;6.47;6.51;6.56;6.61;6.66;6.72;6.78;6.84;6.91;6.98;7.05;;;;;;;;;;;;;;;;;;;;;;;;;;;
-2.900;;;;;;;;;;;;;;;;;;;;;;;;;;;;;;;;;;;;;7.25;7.18;7.11;7.03;6.95;6.88;6.80;6.73;6.66;6.60;6.54;6.48;6.43;6.38;6.34;6.30;6.26;6.23;6.21;6.18;6.16;6.15;6.13;6.12;6.12;6.11;6.11;6.10;6.10;6.10;6.10;6.10;6.10;6.11;6.11;6.11;6.11;6.11;6.11;6.11;6.11;6.11;6.11;6.11;6.11;6.11;6.11;6.12;6.12;6.13;6.13;6.14;6.15;6.16;6.17;6.18;6.20;6.21;6.23;6.25;6.27;6.29;6.32;6.34;6.37;6.41;6.44;6.48;6.52;6.56;6.61;6.66;6.71;6.77;6.83;6.90;6.96;7.03;;;;;;;;;;;;;;;;;;;;;;;;;;;;
-3.000;;;;;;;;;;;;;;;;;;;;;;;;;;;;;;;;;;;;;;7.26;7.19;7.11;7.04;6.97;6.89;6.82;6.75;6.68;6.62;6.56;6.51;6.46;6.41;6.37;6.33;6.30;6.27;6.24;6.22;6.20;6.19;6.17;6.16;6.16;6.15;6.15;6.14;6.14;6.14;6.14;6.14;6.14;6.14;6.14;6.14;6.14;6.14;6.14;6.14;6.14;6.14;6.14;6.14;6.14;6.15;6.15;6.16;6.16;6.17;6.18;6.19;6.20;6.21;6.22;6.24;6.25;6.27;6.29;6.31;6.34;6.37;6.39;6.42;6.46;6.49;6.53;6.57;6.62;6.67;6.72;6.77;6.83;6.89;6.95;7.02;;;;;;;;;;;;;;;;;;;;;;;;;;;;;
-3.100;;;;;;;;;;;;;;;;;;;;;;;;;;;;;;;;;;;;;;7.33;7.27;7.20;7.13;7.06;6.98;6.91;6.84;6.77;6.71;6.65;6.59;6.54;6.49;6.45;6.40;6.37;6.34;6.31;6.28;6.26;6.24;6.23;6.21;6.20;6.20;6.19;6.19;6.18;6.18;6.18;6.18;6.18;6.17;6.17;6.17;6.17;6.17;6.17;6.17;6.17;6.18;6.18;6.18;6.18;6.19;6.19;6.20;6.20;6.21;6.22;6.23;6.24;6.25;6.27;6.28;6.30;6.32;6.34;6.37;6.39;6.42;6.45;6.48;6.51;6.55;6.59;6.63;6.68;6.73;6.78;6.83;6.89;6.95;7.02;7.08;;;;;;;;;;;;;;;;;;;;;;;;;;;;;
-3.200;;;;;;;;;;;;;;;;;;;;;;;;;;;;;;;;;;;;;;;7.35;7.29;7.22;7.15;7.08;7.00;6.93;6.87;6.80;6.74;6.68;6.62;6.57;6.52;6.48;6.44;6.41;6.37;6.35;6.32;6.30;6.28;6.27;6.26;6.25;6.24;6.23;6.23;6.22;6.22;6.22;6.22;6.22;6.21;6.21;6.21;6.21;6.21;6.21;6.22;6.22;6.22;6.22;6.23;6.23;6.23;6.24;6.25;6.26;6.27;6.28;6.29;6.30;6.32;6.34;6.36;6.38;6.40;6.42;6.45;6.48;6.51;6.54;6.57;6.61;6.65;6.70;6.74;6.79;6.84;6.90;6.95;7.02;7.08;;;;;;;;;;;;;;;;;;;;;;;;;;;;;;
-3.300;;;;;;;;;;;;;;;;;;;;;;;;;;;;;;;;;;;;;;;;7.38;7.31;7.24;7.17;7.10;7.03;6.96;6.89;6.83;6.77;6.71;6.65;6.60;6.56;6.52;6.48;6.45;6.42;6.39;6.37;6.35;6.33;6.31;6.30;6.29;6.28;6.28;6.27;6.27;6.27;6.26;6.26;6.26;6.26;6.26;6.26;6.26;6.26;6.26;6.26;6.27;6.27;6.27;6.28;6.28;6.29;6.30;6.31;6.32;6.33;6.34;6.36;6.38;6.39;6.41;6.43;6.46;6.48;6.51;6.54;6.57;6.60;6.64;6.68;6.72;6.76;6.81;6.86;6.91;6.96;7.02;7.08;;;;;;;;;;;;;;;;;;;;;;;;;;;;;;;
-3.400;;;;;;;;;;;;;;;;;;;;;;;;;;;;;;;;;;;;;;;;;7.40;7.34;7.27;7.20;7.13;7.06;6.99;6.92;6.86;6.80;6.74;6.69;6.64;6.60;6.56;6.52;6.49;6.46;6.43;6.41;6.39;6.38;6.36;6.35;6.34;6.33;6.33;6.32;6.32;6.31;6.31;6.31;6.31;6.31;6.31;6.31;6.31;6.31;6.31;6.32;6.32;6.33;6.33;6.34;6.35;6.35;6.36;6.38;6.39;6.40;6.42;6.44;6.45;6.48;6.50;6.52;6.55;6.57;6.60;6.64;6.67;6.71;6.75;6.79;6.83;6.88;6.93;6.98;7.03;7.09;;;;;;;;;;;;;;;;;;;;;;;;;;;;;;;;
-3.500;;;;;;;;;;;;;;;;;;;;;;;;;;;;;;;;;;;;;;;;;;7.43;7.36;7.30;7.23;7.15;7.08;7.02;6.95;6.89;6.83;6.78;6.73;6.68;6.64;6.60;6.56;6.53;6.50;6.48;6.46;6.44;6.42;6.41;6.40;6.39;6.38;6.38;6.37;6.37;6.37;6.37;6.36;6.36;6.36;6.37;6.37;6.37;6.37;6.37;6.38;6.38;6.39;6.40;6.41;6.42;6.43;6.44;6.45;6.47;6.48;6.50;6.52;6.54;6.57;6.59;6.62;6.65;6.68;6.71;6.74;6.78;6.82;6.86;6.90;6.95;7.00;7.05;7.10;;;;;;;;;;;;;;;;;;;;;;;;;;;;;;;;;
-3.600;;;;;;;;;;;;;;;;;;;;;;;;;;;;;;;;;;;;;;;;;;;7.46;7.39;7.32;7.25;7.18;7.11;7.05;6.98;6.92;6.87;6.81;6.76;6.72;6.68;6.64;6.61;6.58;6.55;6.53;6.51;6.49;6.48;6.47;6.46;6.45;6.44;6.44;6.43;6.43;6.43;6.43;6.43;6.43;6.43;6.43;6.43;6.43;6.44;6.44;6.45;6.45;6.46;6.47;6.48;6.49;6.51;6.52;6.54;6.55;6.57;6.59;6.61;6.64;6.66;6.69;6.72;6.75;6.78;6.82;6.86;6.90;6.94;6.98;7.03;7.07;7.12;;;;;;;;;;;;;;;;;;;;;;;;;;;;;;;;;;
-3.700;;;;;;;;;;;;;;;;;;;;;;;;;;;;;;;;;;;;;;;;;;;;;7.42;7.35;7.28;7.21;7.15;7.08;7.02;6.96;6.90;6.85;6.81;6.76;6.72;6.69;6.66;6.63;6.60;6.58;6.57;6.55;6.54;6.53;6.52;6.51;6.50;6.50;6.50;6.49;6.49;6.49;6.49;6.49;6.49;6.50;6.50;6.50;6.51;6.52;6.52;6.53;6.54;6.55;6.56;6.58;6.59;6.61;6.63;6.65;6.67;6.69;6.72;6.74;6.77;6.80;6.83;6.86;6.90;6.94;6.97;7.01;7.06;7.10;7.15;;;;;;;;;;;;;;;;;;;;;;;;;;;;;;;;;;;
-3.800;;;;;;;;;;;;;;;;;;;;;;;;;;;;;;;;;;;;;;;;;;;;;;7.45;7.38;7.31;7.24;7.18;7.11;7.05;7.00;6.94;6.89;6.85;6.81;6.77;6.74;6.71;6.68;6.66;6.64;6.63;6.61;6.60;6.59;6.58;6.58;6.57;6.57;6.57;6.56;6.56;6.56;6.56;6.57;6.57;6.57;6.58;6.58;6.59;6.60;6.61;6.62;6.63;6.64;6.66;6.67;6.69;6.71;6.73;6.75;6.77;6.80;6.82;6.85;6.88;6.91;6.95;6.98;7.02;7.05;7.09;7.14;;;;;;;;;;;;;;;;;;;;;;;;;;;;;;;;;;;;;
-3.900;;;;;;;;;;;;;;;;;;;;;;;;;;;;;;;;;;;;;;;;;;;;;;;7.48;7.41;7.34;7.27;7.21;7.15;7.09;7.04;6.99;6.94;6.90;6.86;6.83;6.79;6.77;6.74;6.72;6.71;6.69;6.68;6.67;6.66;6.65;6.65;6.65;6.64;6.64;6.64;6.64;6.64;6.64;6.65;6.65;6.66;6.66;6.67;6.68;6.69;6.70;6.71;6.72;6.74;6.75;6.77;6.79;6.81;6.83;6.86;6.88;6.91;6.94;6.97;7.00;7.03;7.06;7.10;7.14;7.18;;;;;;;;;;;;;;;;;;;;;;;;;;;;;;;;;;;;;;
-4.000;;;;;;;;;;;;;;;;;;;;;;;;;;;;;;;;;;;;;;;;;;;;;;;;;7.44;7.37;7.31;7.24;7.19;7.13;7.08;7.03;6.99;6.95;6.91;6.88;6.85;6.83;6.81;6.79;6.78;6.76;6.75;6.74;6.74;6.73;6.73;6.73;6.72;6.72;6.72;6.73;6.73;6.73;6.74;6.74;6.75;6.75;6.76;6.77;6.78;6.80;6.81;6.83;6.84;6.86;6.88;6.90;6.92;6.95;6.97;7.00;7.02;7.05;7.08;7.12;7.15;7.18;7.22;;;;;;;;;;;;;;;;;;;;;;;;;;;;;;;;;;;;;;;
-4.100;;;;;;;;;;;;;;;;;;;;;;;;;;;;;;;;;;;;;;;;;;;;;;;;;;7.47;7.40;7.34;7.28;7.23;7.17;7.13;7.08;7.04;7.01;6.97;6.95;6.92;6.90;6.88;6.86;6.85;6.84;6.83;6.83;6.82;6.82;6.81;6.81;6.81;6.81;6.81;6.82;6.82;6.82;6.83;6.84;6.84;6.85;6.86;6.87;6.89;6.90;6.92;6.93;6.95;6.97;6.99;7.01;7.04;7.06;7.09;7.11;7.14;7.17;7.20;7.23;;;;;;;;;;;;;;;;;;;;;;;;;;;;;;;;;;;;;;;;;
-4.200;;;;;;;;;;;;;;;;;;;;;;;;;;;;;;;;;;;;;;;;;;;;;;;;;;;;7.43;7.38;7.32;7.27;7.22;7.18;7.14;7.10;7.07;7.04;7.01;6.99;6.97;6.96;6.94;6.93;6.92;6.92;6.91;6.91;6.91;6.90;6.90;6.91;6.91;6.91;6.91;6.92;6.92;6.93;6.94;6.95;6.96;6.97;6.98;6.99;7.01;7.03;7.04;7.06;7.08;7.11;7.13;7.15;7.18;7.20;7.23;7.26;;;;;;;;;;;;;;;;;;;;;;;;;;;;;;;;;;;;;;;;;;;
-4.300;;;;;;;;;;;;;;;;;;;;;;;;;;;;;;;;;;;;;;;;;;;;;;;;;;;;;;7.41;7.36;7.31;7.27;7.23;7.20;7.16;7.13;7.11;7.09;7.07;7.05;7.04;7.03;7.02;7.01;7.01;7.01;7.00;7.00;7.00;7.00;7.00;7.01;7.01;7.02;7.02;7.03;7.04;7.04;7.05;7.07;7.08;7.09;7.11;7.12;7.14;7.16;7.18;7.20;7.22;7.24;7.27;7.29;7.32;;;;;;;;;;;;;;;;;;;;;;;;;;;;;;;;;;;;;;;;;;;;
-4.400;;;;;;;;;;;;;;;;;;;;;;;;;;;;;;;;;;;;;;;;;;;;;;;;;;;;;;;;7.41;7.36;7.33;7.29;7.26;7.23;7.21;7.19;7.17;7.15;7.14;7.13;7.12;7.12;7.11;7.11;7.10;7.10;7.10;7.10;7.11;7.11;7.11;7.12;7.12;7.13;7.14;7.14;7.15;7.16;7.18;7.19;7.20;7.22;7.24;7.25;7.27;7.29;7.31;7.33;;;;;;;;;;;;;;;;;;;;;;;;;;;;;;;;;;;;;;;;;;;;;;;
-4.500;;;;;;;;;;;;;;;;;;;;;;;;;;;;;;;;;;;;;;;;;;;;;;;;;;;;;;;;;;;7.38;7.36;7.33;7.31;7.29;7.27;7.25;7.24;7.23;7.23;7.22;7.21;7.21;7.21;7.21;7.21;7.21;7.21;7.21;7.22;7.22;7.23;7.23;7.24;7.25;7.25;7.26;7.28;7.29;7.30;7.31;7.33;7.34;7.36;7.38;;;;;;;;;;;;;;;;;;;;;;;;;;;;;;;;;;;;;;;;;;;;;;;;;
-4.600;;;;;;;;;;;;;;;;;;;;;;;;;;;;;;;;;;;;;;;;;;;;;;;;;;;;;;;;;;;;;;7.40;7.38;7.37;7.36;7.35;7.34;7.33;7.32;7.32;7.32;7.32;7.32;7.32;7.32;7.32;7.32;7.32;7.33;7.33;7.34;7.34;7.35;7.36;7.36;7.37;7.38;7.39;7.41;7.42;;;;;;;;;;;;;;;;;;;;;;;;;;;;;;;;;;;;;;;;;;;;;;;;;;;;
-4.700;;;;;;;;;;;;;;;;;;;;;;;;;;;;;;;;;;;;;;;;;;;;;;;;;;;;;;;;;;;;;;;;;7.46;7.45;7.44;7.43;7.43;7.43;7.42;7.42;7.42;7.42;7.42;7.42;7.43;7.43;7.43;7.43;7.44;7.44;7.45;7.45;7.46;7.47;;;;;;;;;;;;;;;;;;;;;;;;;;;;;;;;;;;;;;;;;;;;;;;;;;;;;;;;
-4.800;;;;;;;;;;;;;;;;;;;;;;;;;;;;;;;;;;;;;;;;;;;;;;;;;;;;;;;;;;;;;;;;;;;;;;;7.53;7.53;7.53;7.53;7.53;7.53;7.53;7.53;7.53;7.53;;;;;;;;;;;;;;;;;;;;;;;;;;;;;;;;;;;;;;;;;;;;;;;;;;;;;;;;;;;;;;
-4.900;;;;;;;;;;;;;;;;;;;;;;;;;;;;;;;;;;;;;;;;;;;;;;;;;;;;;;;;;;;;;;;;;;;;;;;;;;;;;;;;;;;;;;;;;;;;;;;;;;;;;;;;;;;;;;;;;;;;;;;;;;;;;;;;;;;;;;;;;;;;;;
-5.000;;;;;;;;;;;;;;;;;;;;;;;;;;;;;;;;;;;;;;;;;;;;;;;;;;;;;;;;;;;;;;;;;;;;;;;;;;;;;;;;;;;;;;;;;;;;;;;;;;;;;;;;;;;;;;;;;;;;;;;;;;;;;;;;;;;;;;;;;;;;;;
-5.100;;;;;;;;;;;;;;;;;;;;;;;;;;;;;;;;;;;;;;;;;;;;;;;;;;;;;;;;;;;;;;;;;;;;;;;;;;;;;;;;;;;;;;;;;;;;;;;;;;;;;;;;;;;;;;;;;;;;;;;;;;;;;;;;;;;;;;;;;;;;;;
-5.200;;;;;;;;;;;;;;;;;;;;;;;;;;;;;;;;;;;;;;;;;;;;;;;;;;;;;;;;;;;;;;;;;;;;;;;;;;;;;;;;;;;;;;;;;;;;;;;;;;;;;;;;;;;;;;;;;;;;;;;;;;;;;;;;;;;;;;;;;;;;;;
-5.300;;;;;;;;;;;;;;;;;;;;;;;;;;;;;;;;;;;;;;;;;;;;;;;;;;;;;;;;;;;;;;;;;;;;;;;;;;;;;;;;;;;;;;;;;;;;;;;;;;;;;;;;;;;;;;;;;;;;;;;;;;;;;;;;;;;;;;;;;;;;;;
-5.400;;;;;;;;;;;;;;;;;;;;;;;;;;;;;;;;;;;;;;;;;;;;;;;;;;;;;;;;;;;;;;;;;;;;;;;;;;;;;;;;;;;;;;;;;;;;;;;;;;;;;;;;;;;;;;;;;;;;;;;;;;;;;;;;;;;;;;;;;;;;;;
-5.500;;;;;;;;;;;;;;;;;;;;;;;;;;;;;;;;;;;;;;;;;;;;;;;;;;;;;;;;;;;;;;;;;;;;;;;;;;;;;;;;;;;;;;;;;;;;;;;;;;;;;;;;;;;;;;;;;;;;;;;;;;;;;;;;;;;;;;;;;;;;;;
-5.600;;;;;;;;;;;;;;;;;;;;;;;;;;;;;;;;;;;;;;;;;;;;;;;;;;;;;;;;;;;;;;;;;;;;;;;;;;;;;;;;;;;;;;;;;;;;;;;;;;;;;;;;;;;;;;;;;;;;;;;;;;;;;;;;;;;;;;;;;;;;;;
-5.700;;;;;;;;;;;;;;;;;;;;;;;;;;;;;;;;;;;;;;;;;;;;;;;;;;;;;;;;;;;;;;;;;;;;;;;;;;;;;;;;;;;;;;;;;;;;;;;;;;;;;;;;;;;;;;;;;;;;;;;;;;;;;;;;;;;;;;;;;;;;;;
-5.800;;;;;;;;;;;;;;;;;;;;;;;;;;;;;;;;;;;;;;;;;;;;;;;;;;;;;;;;;;;;;;;;;;;;;;;;;;;;;;;;;;;;;;;;;;;;;;;;;;;;;;;;;;;;;;;;;;;;;;;;;;;;;;;;;;;;;;;;;;;;;;
-5.900;;;;;;;;;;;;;;;;;;;;;;;;;;;;;;;;;;;;;;;;;;;;;;;;;;;;;;;;;;;;;;;;;;;;;;;;;;;;;;;;;;;;;;;;;;;;;;;;;;;;;;;;;;;;;;;;;;;;;;;;;;;;;;;;;;;;;;;;;;;;;;
-6.000;;;;;;;;;;;;;;;;;;;;;;;;;;;;;;;;;;;;;;;;;;;;;;;;;;;;;;;;;;;;;;;;;;;;;;;;;;;;;;;;;;;;;;;;;;;;;;;;;;;;;;;;;;;;;;;;;;;;;;;;;;;;;;;;;;;;;;;;;;;;;;
-6.100;;;;;;;;;;;;;;;;;;;;;;;;;;;;;;;;;;;;;;;;;;;;;;;;;;;;;;;;;;;;;;;;;;;;;;;;;;;;;;;;;;;;;;;;;;;;;;;;;;;;;;;;;;;;;;;;;;;;;;;;;;;;;;;;;;;;;;;;;;;;;;
-6.200;;;;;;;;;;;;;;;;;;;;;;;;;;;;;;;;;;;;;;;;;;;;;;;;;;;;;;;;;;;;;;;;;;;;;;;;;;;;;;;;;;;;;;;;;;;;;;;;;;;;;;;;;;;;;;;;;;;;;;;;;;;;;;;;;;;;;;;;;;;;;;
-6.300;;;;;;;;;;;;;;;;;;;;;;;;;;;;;;;;;;;;;;;;;;;;;;;;;;;;;;;;;;;;;;;;;;;;;;;;;;;;;;;;;;;;;;;;;;;;;;;;;;;;;;;;;;;;;;;;;;;;;;;;;;;;;;;;;;;;;;;;;;;;;;
-6.400;;;;;;;;;;;;;;;;;;;;;;;;;;;;;;;;;;;;;;;;;;;;;;;;;;;;;;;;;;;;;;;;;;;;;;;;;;;;;;;;;;;;;;;;;;;;;;;;;;;;;;;;;;;;;;;;;;;;;;;;;;;;;;;;;;;;;;;;;;;;;;
-6.500;;;;;;;;;;;;;;;;;;;;;;;;;;;;;;;;;;;;;;;;;;;;;;;;;;;;;;;;;;;;;;;;;;;;;;;;;;;;;;;;;;;;;;;;;;;;;;;;;;;;;;;;;;;;;;;;;;;;;;;;;;;;;;;;;;;;;;;;;;;;;;
-6.600;;;;;;;;;;;;;;;;;;;;;;;;;;;;;;;;;;;;;;;;;;;;;;;;;;;;;;;;;;;;;;;;;;;;;;;;;;;;;;;;;;;;;;;;;;;;;;;;;;;;;;;;;;;;;;;;;;;;;;;;;;;;;;;;;;;;;;;;;;;;;;
-6.700;;;;;;;;;;;;;;;;;;;;;;;;;;;;;;;;;;;;;;;;;;;;;;;;;;;;;;;;;;;;;;;;;;;;;;;;;;;;;;;;;;;;;;;;;;;;;;;;;;;;;;;;;;;;;;;;;;;;;;;;;;;;;;;;;;;;;;;;;;;;;;
-6.800;;;;;;;;;;;;;;;;;;;;;;;;;;;;;;;;;;;;;;;;;;;;;;;;;;;;;;;;;;;;;;;;;;;;;;;;;;;;;;;;;;;;;;;;;;;;;;;;;;;;;;;;;;;;;;;;;;;;;;;;;;;;;;;;;;;;;;;;;;;;;;
-6.900;;;;;;;;;;;;;;;;;;;;;;;;;;;;;;;;;;;;;;;;;;;;;;;;;;;;;;;;;;;;;;;;;;;;;;;;;;;;;;;;;;;;;;;;;;;;;;;;;;;;;;;;;;;;;;;;;;;;;;;;;;;;;;;;;;;;;;;;;;;;;;
-7.000;;;;;;;;;;;;;;;;;;;;;;;;;;;;;;;;;;;;;;;;;;;;;;;;;;;;;;;;;;;;;;;;;;;;;;;;;;;;;;;;;;;;;;;;;;;;;;;;;;;;;;;;;;;;;;;;;;;;;;;;;;;;;;;;;;;;;;;;;;;;;;
TANGENTIAL FRONT;-7.000;-6.900;-6.800;-6.700;-6.600;-6.500;-6.400;-6.300;-6.200;-6.100;-6.000;-5.900;-5.800;-5.700;-5.600;-5.500;-5.400;-5.300;-5.200;-5.100;-5.000;-4.900;-4.800;-4.700;-4.600;-4.500;-4.400;-4.300;-4.200;-4.100;-4.000;-3.900;-3.800;-3.700;-3.600;-3.500;-3.400;-3.300;-3.200;-3.100;-3.000;-2.900;-2.800;-2.700;-2.600;-2.500;-2.400;-2.300;-2.200;-2.100;-2.000;-1.900;-1.800;-1.700;-1.600;-1.500;-1.400;-1.300;-1.200;-1.100;-1.000;-0.900;-0.800;-0.700;-0.600;-0.500;-0.400;-0.300;-0.200;-0.100;0.000;0.100;0.200;0.300;0.400;0.500;0.600;0.700;0.800;0.900;1.000;1.100;1.200;1.300;1.400;1.500;1.600;1.700;1.800;1.900;2.000;2.100;2.200;2.300;2.400;2.500;2.600;2.700;2.800;2.900;3.000;3.100;3.200;3.300;3.400;3.500;3.600;3.700;3.800;3.900;4.000;4.100;4.200;4.300;4.400;4.500;4.600;4.700;4.800;4.900;5.000;5.100;5.200;5.300;5.400;5.500;5.600;5.700;5.800;5.900;6.000;6.100;6.200;6.300;6.400;6.500;6.600;6.700;6.800;6.900;7.000;
7.000;;;;;;;;;;;;;;;;;;;;;;;;;;;;;;;;;;;;;;;;;;;;;;;;;;;;;;;;;;;;;;;;;;;;;;;;;;;;;;;;;;;;;;;;;;;;;;;;;;;;;;;;;;;;;;;;;;;;;;;;;;;;;;;;;;;;;;;;;;;;;;
6.900;;;;;;;;;;;;;;;;;;;;;;;;;;;;;;;;;;;;;;;;;;;;;;;;;;;;;;;;;;;;;;;;;;;;;;;;;;;;;;;;;;;;;;;;;;;;;;;;;;;;;;;;;;;;;;;;;;;;;;;;;;;;;;;;;;;;;;;;;;;;;;
6.800;;;;;;;;;;;;;;;;;;;;;;;;;;;;;;;;;;;;;;;;;;;;;;;;;;;;;;;;;;;;;;;;;;;;;;;;;;;;;;;;;;;;;;;;;;;;;;;;;;;;;;;;;;;;;;;;;;;;;;;;;;;;;;;;;;;;;;;;;;;;;;
6.700;;;;;;;;;;;;;;;;;;;;;;;;;;;;;;;;;;;;;;;;;;;;;;;;;;;;;;;;;;;;;;;;;;;;;;;;;;;;;;;;;;;;;;;;;;;;;;;;;;;;;;;;;;;;;;;;;;;;;;;;;;;;;;;;;;;;;;;;;;;;;;
6.600;;;;;;;;;;;;;;;;;;;;;;;;;;;;;;;;;;;;;;;;;;;;;;;;;;;;;;;;;;;;;;;;;;;;;;;;;;;;;;;;;;;;;;;;;;;;;;;;;;;;;;;;;;;;;;;;;;;;;;;;;;;;;;;;;;;;;;;;;;;;;;
6.500;;;;;;;;;;;;;;;;;;;;;;;;;;;;;;;;;;;;;;;;;;;;;;;;;;;;;;;;;;;;;;;;;;;;;;;;;;;;;;;;;;;;;;;;;;;;;;;;;;;;;;;;;;;;;;;;;;;;;;;;;;;;;;;;;;;;;;;;;;;;;;
6.400;;;;;;;;;;;;;;;;;;;;;;;;;;;;;;;;;;;;;;;;;;;;;;;;;;;;;;;;;;;;;;;;;;;;;;;;;;;;;;;;;;;;;;;;;;;;;;;;;;;;;;;;;;;;;;;;;;;;;;;;;;;;;;;;;;;;;;;;;;;;;;
6.300;;;;;;;;;;;;;;;;;;;;;;;;;;;;;;;;;;;;;;;;;;;;;;;;;;;;;;;;;;;;;;;;;;;;;;;;;;;;;;;;;;;;;;;;;;;;;;;;;;;;;;;;;;;;;;;;;;;;;;;;;;;;;;;;;;;;;;;;;;;;;;
6.200;;;;;;;;;;;;;;;;;;;;;;;;;;;;;;;;;;;;;;;;;;;;;;;;;;;;;;;;;;;;;;;;;;;;;;;;;;;;;;;;;;;;;;;;;;;;;;;;;;;;;;;;;;;;;;;;;;;;;;;;;;;;;;;;;;;;;;;;;;;;;;
6.100;;;;;;;;;;;;;;;;;;;;;;;;;;;;;;;;;;;;;;;;;;;;;;;;;;;;;;;;;;;;;;;;;;;;;;;;;;;;;;;;;;;;;;;;;;;;;;;;;;;;;;;;;;;;;;;;;;;;;;;;;;;;;;;;;;;;;;;;;;;;;;
6.000;;;;;;;;;;;;;;;;;;;;;;;;;;;;;;;;;;;;;;;;;;;;;;;;;;;;;;;;;;;;;;;;;;;;;;;;;;;;;;;;;;;;;;;;;;;;;;;;;;;;;;;;;;;;;;;;;;;;;;;;;;;;;;;;;;;;;;;;;;;;;;
5.900;;;;;;;;;;;;;;;;;;;;;;;;;;;;;;;;;;;;;;;;;;;;;;;;;;;;;;;;;;;;;;;;;;;;;;;;;;;;;;;;;;;;;;;;;;;;;;;;;;;;;;;;;;;;;;;;;;;;;;;;;;;;;;;;;;;;;;;;;;;;;;
5.800;;;;;;;;;;;;;;;;;;;;;;;;;;;;;;;;;;;;;;;;;;;;;;;;;;;;;;;;;;;;;;;;;;;;;;;;;;;;;;;;;;;;;;;;;;;;;;;;;;;;;;;;;;;;;;;;;;;;;;;;;;;;;;;;;;;;;;;;;;;;;;
5.700;;;;;;;;;;;;;;;;;;;;;;;;;;;;;;;;;;;;;;;;;;;;;;;;;;;;;;;;;;;;;;;;;;;;;;;;;;;;;;;;;;;;;;;;;;;;;;;;;;;;;;;;;;;;;;;;;;;;;;;;;;;;;;;;;;;;;;;;;;;;;;
5.600;;;;;;;;;;;;;;;;;;;;;;;;;;;;;;;;;;;;;;;;;;;;;;;;;;;;;;;;;;;;;;;;;;;;;;;;;;;;;;;;;;;;;;;;;;;;;;;;;;;;;;;;;;;;;;;;;;;;;;;;;;;;;;;;;;;;;;;;;;;;;;
5.500;;;;;;;;;;;;;;;;;;;;;;;;;;;;;;;;;;;;;;;;;;;;;;;;;;;;;;;;;;;;;;;;;;;;;;;;;;;;;;;;;;;;;;;;;;;;;;;;;;;;;;;;;;;;;;;;;;;;;;;;;;;;;;;;;;;;;;;;;;;;;;
5.400;;;;;;;;;;;;;;;;;;;;;;;;;;;;;;;;;;;;;;;;;;;;;;;;;;;;;;;;;;;;;;;;;;-115.26;-424.46;444.00;128.44;86.79;69.31;63.13;62.51;68.23;81.47;113.50;219.89;-545.71;-206.24;-93.24;-57.02;-40.27;-30.37;-23.95;-19.46;-16.15;;;;;;;;;;;;;;;;;;;;;;;;;;;;;;;;;;;;;;;;;;;;;;;;;;;;;;;;
5.300;;;;;;;;;;;;;;;;;;;;;;;;;;;;;;;;;;;;;;;;;;;;;;;;;;;;;;;;;;;;;;-34.14;-448.37;128.98;57.75;41.20;33.39;29.17;26.49;24.88;23.86;23.40;23.32;23.68;24.42;25.70;27.60;30.49;34.86;42.12;55.94;92.14;63.74;-157.43;-28.98;10.47;5.73;-73.92;-35.08;-23.99;;;;;;;;;;;;;;;;;;;;;;;;;;;;;;;;;;;;;;;;;;;;;;;;;;;;
5.200;;;;;;;;;;;;;;;;;;;;;;;;;;;;;;;;;;;;;;;;;;;;;;;;;;;;;;;;;;-35.87;142.54;-83.70;-53.10;30.90;24.00;20.38;18.07;16.52;15.41;14.62;14.04;13.65;13.39;13.25;13.22;13.30;13.47;13.76;14.16;14.70;15.40;16.32;17.51;19.08;21.24;24.33;29.41;39.86;41.13;21.93;62.43;190.83;-376.44;-67.80;-39.47;;;;;;;;;;;;;;;;;;;;;;;;;;;;;;;;;;;;;;;;;;;;;;;;;
5.100;;;;;;;;;;;;;;;;;;;;;;;;;;;;;;;;;;;;;;;;;;;;;;;;;;;;;;;;33.73;172.72;38.67;26.31;20.61;17.38;15.29;13.82;12.77;11.97;11.37;10.91;10.56;10.29;10.10;9.97;9.90;9.87;9.90;9.98;10.11;10.28;10.51;10.80;11.16;11.60;12.14;12.79;13.58;14.57;15.81;17.43;19.55;22.59;27.03;34.89;50.33;138.11;-179.26;-22.16;-17.14;;;;;;;;;;;;;;;;;;;;;;;;;;;;;;;;;;;;;;;;;;;;;;
5.000;;;;;;;;;;;;;;;;;;;;;;;;;;;;;;;;;;;;;;;;;;;;;;;;;;;;;1320.85;69.06;33.36;27.68;20.58;16.80;14.49;12.91;11.77;10.91;10.25;9.74;9.32;9.00;8.74;8.54;8.38;8.27;8.19;8.14;8.13;8.14;8.18;8.25;8.34;8.47;8.63;8.82;9.04;9.31;9.62;9.98;10.41;10.90;11.50;12.20;13.07;14.12;15.46;17.18;19.58;22.95;28.99;31.01;-83.06;65.94;;;;;;;;;;;;;;;;;;;;;;;;;;;;;;;;;;;;;;;;;;;;
4.900;;;;;;;;;;;;;;;;;;;;;;;;;;;;;;;;;;;;;;;;;;;;;;;;;;;46.63;245.55;42.01;24.81;18.80;15.41;13.32;11.87;10.82;10.02;9.40;8.91;8.51;8.19;7.93;7.72;7.55;7.41;7.30;7.22;7.17;7.13;7.12;7.13;7.15;7.19;7.26;7.34;7.43;7.55;7.69;7.85;8.04;8.25;8.50;8.78;9.09;9.46;9.89;10.38;10.96;11.65;12.50;13.52;14.87;16.59;19.04;22.57;28.63;40.79;;;;;;;;;;;;;;;;;;;;;;;;;;;;;;;;;;;;;;;;;;
4.800;;;;;;;;;;;;;;;;;;;;;;;;;;;;;;;;;;;;;;;;;;;;;;;;;267.26;66.54;40.59;23.01;17.68;14.56;12.62;11.24;10.24;9.47;8.88;8.40;8.01;7.69;7.43;7.21;7.03;6.88;6.76;6.66;6.58;6.52;6.48;6.46;6.45;6.45;6.47;6.50;6.54;6.59;6.66;6.74;6.83;6.94;7.06;7.19;7.35;7.52;7.71;7.93;8.17;8.45;8.76;9.12;9.54;10.02;10.60;11.29;12.15;13.22;14.62;16.48;19.19;23.38;;;;;;;;;;;;;;;;;;;;;;;;;;;;;;;;;;;;;;;;
4.700;;;;;;;;;;;;;;;;;;;;;;;;;;;;;;;;;;;;;;;;;;;;;;;;-750.55;46.05;24.56;18.22;14.70;12.60;11.13;10.09;9.29;8.67;8.18;7.78;7.45;7.17;6.94;6.75;6.59;6.46;6.35;6.26;6.19;6.13;6.09;6.06;6.05;6.04;6.04;6.06;6.08;6.11;6.14;6.19;6.24;6.31;6.38;6.46;6.55;6.65;6.76;6.89;7.03;7.19;7.37;7.57;7.79;8.04;8.33;8.67;9.06;9.52;10.07;10.76;11.59;12.68;14.10;16.09;19.04;;;;;;;;;;;;;;;;;;;;;;;;;;;;;;;;;;;;;;
4.600;;;;;;;;;;;;;;;;;;;;;;;;;;;;;;;;;;;;;;;;;;;;;;204.22;47.29;25.54;18.73;14.93;12.71;11.15;10.07;9.23;8.59;8.08;7.67;7.32;7.03;6.79;6.59;6.42;6.28;6.17;6.07;5.99;5.93;5.88;5.85;5.82;5.81;5.80;5.80;5.80;5.81;5.83;5.85;5.87;5.90;5.94;5.98;6.02;6.07;6.13;6.19;6.26;6.34;6.43;6.53;6.65;6.78;6.92;7.08;7.27;7.48;7.72;8.00;8.32;8.71;9.17;9.74;10.43;11.31;12.46;14.00;;;;;;;;;;;;;;;;;;;;;;;;;;;;;;;;;;;;;
4.500;;;;;;;;;;;;;;;;;;;;;;;;;;;;;;;;;;;;;;;;;;;;;-322.33;33.08;21.39;16.15;13.42;11.58;10.34;9.41;8.71;8.15;7.70;7.33;7.02;6.77;6.55;6.38;6.23;6.11;6.01;5.93;5.87;5.82;5.78;5.75;5.73;5.72;5.71;5.71;5.71;5.72;5.73;5.74;5.75;5.77;5.79;5.81;5.83;5.85;5.88;5.91;5.94;5.98;6.02;6.07;6.13;6.20;6.28;6.38;6.48;6.61;6.75;6.91;7.10;7.31;7.57;7.87;8.23;8.66;9.20;9.86;10.70;11.81;13.31;;;;;;;;;;;;;;;;;;;;;;;;;;;;;;;;;;;
4.400;;;;;;;;;;;;;;;;;;;;;;;;;;;;;;;;;;;;;;;;;;;-1240.29;42.03;24.42;17.64;14.29;12.13;10.72;9.67;8.90;8.29;7.80;7.40;7.07;6.80;6.58;6.39;6.24;6.12;6.02;5.94;5.87;5.83;5.79;5.76;5.74;5.73;5.72;5.72;5.72;5.72;5.73;5.74;5.75;5.76;5.77;5.77;5.78;5.79;5.80;5.80;5.81;5.82;5.83;5.84;5.85;5.87;5.89;5.92;5.96;6.01;6.07;6.15;6.24;6.34;6.47;6.62;6.79;6.99;7.24;7.53;7.88;8.30;8.82;9.47;10.31;11.40;;;;;;;;;;;;;;;;;;;;;;;;;;;;;;;;;;
4.300;;;;;;;;;;;;;;;;;;;;;;;;;;;;;;;;;;;;;;;;;;89.97;34.42;21.10;16.08;13.20;11.43;10.17;9.27;8.56;8.02;7.57;7.21;6.92;6.68;6.48;6.32;6.19;6.09;6.01;5.95;5.90;5.86;5.84;5.82;5.81;5.81;5.81;5.82;5.82;5.83;5.84;5.85;5.86;5.87;5.87;5.88;5.88;5.88;5.88;5.87;5.86;5.86;5.84;5.83;5.82;5.81;5.80;5.79;5.79;5.79;5.81;5.83;5.87;5.92;5.98;6.06;6.16;6.28;6.42;6.60;6.80;7.05;7.35;7.71;8.16;8.71;9.42;10.32;;;;;;;;;;;;;;;;;;;;;;;;;;;;;;;;;
4.200;;;;;;;;;;;;;;;;;;;;;;;;;;;;;;;;;;;;;;;;;53.11;26.32;18.55;14.62;12.36;10.81;9.74;8.92;8.30;7.80;7.40;7.07;6.81;6.60;6.43;6.29;6.19;6.10;6.04;6.00;5.97;5.95;5.94;5.94;5.94;5.95;5.96;5.97;5.98;5.99;6.00;6.02;6.03;6.04;6.04;6.05;6.05;6.04;6.04;6.03;6.01;6.00;5.97;5.95;5.92;5.89;5.85;5.82;5.79;5.76;5.73;5.71;5.70;5.70;5.71;5.74;5.78;5.84;5.92;6.01;6.13;6.28;6.46;6.68;6.94;7.26;7.66;8.14;8.75;9.53;10.54;;;;;;;;;;;;;;;;;;;;;;;;;;;;;;;
4.100;;;;;;;;;;;;;;;;;;;;;;;;;;;;;;;;;;;;;;;;48.13;23.95;17.23;13.91;11.83;10.46;9.46;8.72;8.13;7.67;7.30;7.00;6.76;6.58;6.43;6.31;6.23;6.17;6.12;6.10;6.08;6.08;6.08;6.09;6.11;6.12;6.14;6.15;6.17;6.19;6.20;6.21;6.23;6.23;6.24;6.25;6.25;6.25;6.24;6.23;6.22;6.20;6.17;6.14;6.11;6.07;6.02;5.97;5.92;5.87;5.81;5.76;5.72;5.68;5.64;5.62;5.61;5.62;5.64;5.68;5.74;5.82;5.93;6.06;6.22;6.42;6.66;6.95;7.31;7.76;8.32;9.02;9.95;;;;;;;;;;;;;;;;;;;;;;;;;;;;;;
4.000;;;;;;;;;;;;;;;;;;;;;;;;;;;;;;;;;;;;;;-17.29;34.67;21.47;16.18;13.24;11.43;10.16;9.25;8.55;8.01;7.57;7.23;6.96;6.75;6.58;6.45;6.36;6.30;6.25;6.23;6.22;6.22;6.23;6.25;6.27;6.29;6.31;6.33;6.35;6.37;6.39;6.40;6.41;6.42;6.43;6.43;6.43;6.44;6.44;6.43;6.43;6.42;6.40;6.38;6.36;6.33;6.29;6.24;6.19;6.13;6.07;6.00;5.93;5.86;5.79;5.72;5.66;5.61;5.57;5.55;5.53;5.54;5.56;5.61;5.67;5.76;5.88;6.03;6.21;6.44;6.71;7.05;7.47;7.99;8.65;9.49;;;;;;;;;;;;;;;;;;;;;;;;;;;;;
3.900;;;;;;;;;;;;;;;;;;;;;;;;;;;;;;;;;;;;;7167.74;33.09;20.58;15.64;12.94;11.19;10.01;9.12;8.46;7.94;7.53;7.21;6.96;6.76;6.62;6.51;6.43;6.38;6.36;6.35;6.36;6.37;6.39;6.42;6.45;6.47;6.50;6.52;6.54;6.55;6.56;6.56;6.56;6.55;6.54;6.54;6.53;6.53;6.53;6.53;6.53;6.54;6.54;6.54;6.53;6.51;6.49;6.45;6.41;6.36;6.30;6.24;6.16;6.08;6.00;5.91;5.83;5.75;5.67;5.61;5.55;5.51;5.48;5.47;5.48;5.51;5.57;5.65;5.76;5.90;6.07;6.29;6.55;6.88;7.28;7.78;8.41;9.22;;;;;;;;;;;;;;;;;;;;;;;;;;;;
3.800;;;;;;;;;;;;;;;;;;;;;;;;;;;;;;;;;;;;116.24;29.87;19.77;15.25;12.69;11.05;9.89;9.05;8.41;7.91;7.51;7.21;6.97;6.80;6.66;6.57;6.51;6.48;6.47;6.48;6.49;6.52;6.55;6.59;6.62;6.64;6.67;6.68;6.68;6.67;6.65;6.62;6.59;6.57;6.55;6.53;6.52;6.51;6.50;6.50;6.50;6.50;6.51;6.52;6.53;6.54;6.55;6.57;6.56;6.54;6.50;6.45;6.39;6.32;6.24;6.16;6.06;5.97;5.87;5.78;5.69;5.61;5.54;5.49;5.45;5.43;5.43;5.45;5.49;5.57;5.67;5.80;5.97;6.18;6.44;6.75;7.15;7.63;8.25;9.02;;;;;;;;;;;;;;;;;;;;;;;;;;;
3.700;;;;;;;;;;;;;;;;;;;;;;;;;;;;;;;;;;;;30.34;19.66;15.18;12.65;11.01;9.88;9.04;8.41;7.92;7.54;7.24;7.02;6.85;6.73;6.65;6.60;6.58;6.58;6.60;6.63;6.66;6.70;6.74;6.77;6.79;6.78;6.76;6.73;6.70;6.67;6.64;6.61;6.58;6.55;6.53;6.51;6.49;6.48;6.47;6.46;6.46;6.46;6.46;6.47;6.48;6.49;6.51;6.52;6.53;6.54;6.55;6.54;6.51;6.46;6.39;6.31;6.22;6.12;6.02;5.92;5.82;5.72;5.63;5.55;5.49;5.44;5.41;5.40;5.41;5.45;5.51;5.61;5.74;5.91;6.11;6.37;6.69;7.07;7.56;8.16;8.95;;;;;;;;;;;;;;;;;;;;;;;;;;
3.600;;;;;;;;;;;;;;;;;;;;;;;;;;;;;;;;;;;29.82;19.78;15.24;12.69;11.06;9.91;9.08;8.44;7.96;7.58;7.29;7.07;6.91;6.80;6.73;6.69;6.68;6.69;6.71;6.75;6.79;6.83;6.86;6.88;6.87;6.83;6.79;6.76;6.72;6.69;6.65;6.62;6.59;6.56;6.53;6.51;6.48;6.47;6.45;6.44;6.43;6.43;6.43;6.43;6.44;6.45;6.46;6.47;6.49;6.50;6.51;6.52;6.53;6.53;6.52;6.49;6.43;6.36;6.27;6.17;6.07;5.96;5.85;5.75;5.65;5.57;5.49;5.44;5.40;5.38;5.39;5.42;5.48;5.58;5.71;5.87;6.08;6.34;6.65;7.05;7.53;8.14;8.91;;;;;;;;;;;;;;;;;;;;;;;;;
3.500;;;;;;;;;;;;;;;;;;;;;;;;;;;;;;;;;;32.43;20.34;15.58;12.90;11.20;10.03;9.17;8.53;8.03;7.65;7.36;7.14;6.98;6.87;6.80;6.77;6.77;6.78;6.81;6.85;6.89;6.93;6.95;6.92;6.89;6.85;6.82;6.78;6.74;6.70;6.67;6.63;6.60;6.57;6.54;6.51;6.49;6.47;6.45;6.43;6.42;6.42;6.41;6.41;6.42;6.42;6.43;6.44;6.46;6.47;6.49;6.50;6.51;6.51;6.52;6.51;6.50;6.48;6.45;6.39;6.30;6.21;6.10;5.99;5.89;5.78;5.68;5.59;5.51;5.45;5.40;5.38;5.39;5.42;5.48;5.57;5.70;5.87;6.08;6.33;6.66;7.05;7.55;8.17;;;;;;;;;;;;;;;;;;;;;;;;;
3.400;;;;;;;;;;;;;;;;;;;;;;;;;;;;;;;;;34.13;21.44;16.08;13.23;11.43;10.20;9.31;8.64;8.14;7.74;7.45;7.22;7.06;6.95;6.88;6.85;6.85;6.86;6.89;6.93;6.97;6.99;6.98;6.95;6.91;6.87;6.83;6.79;6.75;6.71;6.68;6.64;6.61;6.58;6.55;6.52;6.49;6.47;6.45;6.44;6.43;6.42;6.41;6.41;6.41;6.41;6.42;6.43;6.44;6.46;6.47;6.49;6.50;6.51;6.52;6.52;6.52;6.51;6.50;6.47;6.44;6.39;6.32;6.23;6.13;6.02;5.91;5.81;5.71;5.61;5.53;5.47;5.42;5.40;5.40;5.43;5.49;5.58;5.71;5.88;6.10;6.37;6.69;7.10;7.60;8.25;;;;;;;;;;;;;;;;;;;;;;;;
3.300;;;;;;;;;;;;;;;;;;;;;;;;;;;;;;;;41.87;22.92;16.93;13.72;11.77;10.45;9.51;8.81;8.27;7.87;7.55;7.32;7.15;7.04;6.96;6.93;6.92;6.93;6.96;7.00;7.03;7.03;6.99;6.96;6.92;6.88;6.84;6.80;6.76;6.72;6.68;6.65;6.62;6.59;6.56;6.53;6.51;6.49;6.47;6.45;6.44;6.43;6.42;6.42;6.42;6.42;6.43;6.44;6.45;6.46;6.48;6.49;6.51;6.52;6.54;6.55;6.55;6.55;6.54;6.52;6.50;6.47;6.43;6.39;6.33;6.24;6.15;6.05;5.94;5.83;5.73;5.64;5.56;5.49;5.44;5.42;5.42;5.45;5.51;5.61;5.75;5.92;6.14;6.42;6.76;7.17;7.70;8.35;;;;;;;;;;;;;;;;;;;;;;;
3.200;;;;;;;;;;;;;;;;;;;;;;;;;;;;;;;48.22;25.71;18.05;14.43;12.24;10.79;9.77;9.02;8.45;8.02;7.69;7.44;7.25;7.12;7.04;7.00;6.98;6.99;7.01;7.04;7.06;7.04;7.00;6.96;6.92;6.88;6.84;6.80;6.76;6.72;6.69;6.65;6.62;6.59;6.57;6.54;6.52;6.50;6.49;6.47;6.46;6.45;6.45;6.44;6.44;6.45;6.45;6.46;6.47;6.48;6.50;6.52;6.53;6.55;6.57;6.58;6.59;6.59;6.59;6.58;6.57;6.54;6.51;6.47;6.43;6.38;6.32;6.25;6.16;6.06;5.96;5.86;5.76;5.67;5.59;5.52;5.48;5.45;5.45;5.48;5.55;5.65;5.80;5.98;6.21;6.50;6.85;7.29;7.82;8.51;;;;;;;;;;;;;;;;;;;;;;
3.100;;;;;;;;;;;;;;;;;;;;;;;;;;;;;;;29.16;19.81;15.35;12.86;11.23;10.11;9.29;8.67;8.20;7.84;7.57;7.37;7.22;7.12;7.07;7.04;7.04;7.06;7.08;7.08;7.04;7.00;6.96;6.92;6.88;6.84;6.80;6.76;6.72;6.69;6.66;6.63;6.60;6.57;6.55;6.53;6.52;6.51;6.50;6.49;6.48;6.48;6.48;6.48;6.48;6.49;6.50;6.51;6.52;6.54;6.55;6.57;6.59;6.61;6.62;6.64;6.65;6.65;6.65;6.64;6.62;6.60;6.57;6.53;6.48;6.43;6.37;6.31;6.25;6.17;6.08;5.98;5.88;5.79;5.70;5.62;5.56;5.51;5.49;5.49;5.53;5.60;5.71;5.86;6.05;6.29;6.59;6.96;7.41;7.98;;;;;;;;;;;;;;;;;;;;;;
3.000;;;;;;;;;;;;;;;;;;;;;;;;;;;;;;37.12;22.13;16.71;13.67;11.81;10.53;9.62;8.95;8.43;8.04;7.73;7.50;7.33;7.22;7.14;7.10;7.09;7.09;7.10;7.08;7.04;7.00;6.96;6.92;6.88;6.84;6.80;6.76;6.72;6.69;6.65;6.63;6.60;6.58;6.56;6.54;6.53;6.52;6.52;6.51;6.51;6.51;6.52;6.52;6.53;6.53;6.54;6.56;6.57;6.59;6.60;6.62;6.64;6.66;6.68;6.70;6.71;6.72;6.73;6.72;6.72;6.70;6.67;6.64;6.60;6.55;6.49;6.43;6.37;6.30;6.24;6.17;6.09;6.00;5.91;5.82;5.73;5.66;5.60;5.56;5.54;5.54;5.59;5.66;5.78;5.94;6.15;6.39;6.71;7.09;7.57;8.15;;;;;;;;;;;;;;;;;;;;;
2.900;;;;;;;;;;;;;;;;;;;;;;;;;;;;;;26.12;18.42;14.78;12.53;11.07;10.03;9.27;8.70;8.26;7.92;7.66;7.46;7.32;7.22;7.16;7.13;7.12;7.12;7.09;7.04;7.00;6.96;6.92;6.88;6.84;6.80;6.76;6.72;6.68;6.65;6.62;6.60;6.58;6.56;6.55;6.54;6.54;6.54;6.54;6.54;6.55;6.56;6.57;6.58;6.59;6.60;6.62;6.63;6.65;6.67;6.69;6.71;6.73;6.75;6.77;6.79;6.80;6.81;6.82;6.81;6.80;6.78;6.76;6.72;6.68;6.62;6.56;6.50;6.43;6.36;6.29;6.23;6.17;6.10;6.02;5.93;5.85;5.77;5.70;5.64;5.60;5.59;5.60;5.65;5.74;5.86;6.04;6.25;6.51;6.84;7.24;7.73;8.34;;;;;;;;;;;;;;;;;;;;
2.800;;;;;;;;;;;;;;;;;;;;;;;;;;;;;31.80;21.21;16.22;13.52;11.75;10.55;9.68;9.03;8.54;8.15;7.85;7.62;7.44;7.32;7.23;7.18;7.15;7.13;7.09;7.04;7.00;6.96;6.92;6.88;6.83;6.79;6.75;6.71;6.68;6.64;6.62;6.59;6.57;6.56;6.55;6.55;6.55;6.55;6.56;6.57;6.58;6.60;6.61;6.63;6.65;6.66;6.68;6.70;6.72;6.74;6.77;6.79;6.81;6.83;6.86;6.88;6.89;6.91;6.92;6.92;6.92;6.90;6.88;6.85;6.81;6.77;6.71;6.64;6.57;6.50;6.43;6.36;6.29;6.23;6.17;6.10;6.03;5.95;5.88;5.80;5.74;5.69;5.65;5.64;5.66;5.72;5.82;5.96;6.14;6.37;6.64;6.99;7.40;7.92;;;;;;;;;;;;;;;;;;;;
2.700;;;;;;;;;;;;;;;;;;;;;;;;;;;;45.54;24.85;18.31;14.74;12.62;11.17;10.17;9.43;8.86;8.42;8.07;7.80;7.59;7.43;7.32;7.24;7.19;7.15;7.10;7.05;7.00;6.96;6.92;6.88;6.83;6.79;6.75;6.71;6.67;6.64;6.61;6.59;6.57;6.55;6.55;6.54;6.55;6.56;6.57;6.59;6.61;6.63;6.65;6.68;6.70;6.73;6.75;6.78;6.80;6.83;6.85;6.88;6.90;6.92;6.95;6.97;6.99;7.01;7.02;7.03;7.04;7.03;7.02;6.99;6.96;6.92;6.86;6.80;6.73;6.66;6.58;6.50;6.42;6.35;6.28;6.22;6.17;6.11;6.05;5.98;5.91;5.84;5.78;5.73;5.71;5.70;5.73;5.80;5.92;6.06;6.26;6.49;6.79;7.14;7.58;8.11;;;;;;;;;;;;;;;;;;;
2.600;;;;;;;;;;;;;;;;;;;;;;;;;;;;32.33;21.18;16.52;13.74;12.00;10.78;9.91;9.26;8.75;8.34;8.02;7.77;7.57;7.42;7.31;7.23;7.18;7.12;7.06;7.01;6.96;6.92;6.88;6.84;6.79;6.75;6.71;6.67;6.64;6.61;6.58;6.56;6.55;6.54;6.54;6.55;6.56;6.58;6.60;6.63;6.66;6.69;6.72;6.76;6.79;6.82;6.85;6.88;6.91;6.94;6.97;7.00;7.02;7.05;7.08;7.10;7.12;7.14;7.15;7.16;7.16;7.15;7.14;7.11;7.07;7.03;6.97;6.90;6.83;6.75;6.67;6.58;6.50;6.41;6.34;6.27;6.22;6.18;6.13;6.07;6.00;5.94;5.88;5.82;5.78;5.76;5.77;5.81;5.89;6.02;6.18;6.38;6.63;6.94;7.31;7.76;;;;;;;;;;;;;;;;;;;
2.500;;;;;;;;;;;;;;;;;;;;;;;;;;;43.57;26.02;18.81;15.26;13.01;11.54;10.49;9.73;9.14;8.66;8.29;7.98;7.74;7.55;7.41;7.30;7.22;7.14;7.08;7.02;6.97;6.92;6.88;6.84;6.80;6.75;6.71;6.67;6.64;6.60;6.57;6.55;6.54;6.53;6.53;6.54;6.55;6.57;6.60;6.63;6.67;6.71;6.75;6.80;6.84;6.88;6.92;6.96;7.00;7.03;7.07;7.10;7.13;7.16;7.19;7.21;7.24;7.26;7.27;7.29;7.29;7.29;7.28;7.26;7.23;7.19;7.14;7.08;7.01;6.93;6.85;6.76;6.67;6.57;6.48;6.40;6.32;6.26;6.22;6.18;6.14;6.09;6.03;5.97;5.91;5.87;5.83;5.82;5.84;5.90;5.99;6.13;6.30;6.51;6.77;7.09;7.48;7.94;;;;;;;;;;;;;;;;;;
2.400;;;;;;;;;;;;;;;;;;;;;;;;;;;33.54;22.59;17.28;14.40;12.49;11.23;10.31;9.61;9.06;8.61;8.25;7.95;7.72;7.53;7.39;7.27;7.18;7.10;7.04;6.98;6.93;6.89;6.84;6.80;6.76;6.72;6.68;6.64;6.60;6.57;6.55;6.53;6.52;6.52;6.52;6.54;6.56;6.59;6.63;6.67;6.72;6.77;6.83;6.88;6.93;6.98;7.03;7.08;7.12;7.16;7.20;7.23;7.27;7.30;7.33;7.35;7.38;7.40;7.42;7.43;7.43;7.43;7.42;7.40;7.36;7.32;7.26;7.20;7.12;7.04;6.95;6.85;6.75;6.66;6.56;6.47;6.38;6.31;6.25;6.22;6.19;6.16;6.11;6.06;6.00;5.96;5.91;5.89;5.89;5.92;5.99;6.10;6.24;6.42;6.65;6.92;7.25;7.65;;;;;;;;;;;;;;;;;;
2.300;;;;;;;;;;;;;;;;;;;;;;;;;;53.32;27.92;20.31;16.17;13.76;12.12;11.01;10.17;9.53;9.00;8.57;8.22;7.93;7.69;7.50;7.36;7.24;7.14;7.06;7.00;6.94;6.90;6.85;6.81;6.77;6.72;6.68;6.64;6.61;6.57;6.55;6.53;6.51;6.51;6.51;6.52;6.55;6.58;6.62;6.67;6.72;6.78;6.84;6.91;6.97;7.03;7.09;7.15;7.20;7.25;7.30;7.34;7.38;7.41;7.44;7.47;7.50;7.52;7.54;7.56;7.57;7.57;7.57;7.55;7.53;7.49;7.45;7.39;7.32;7.24;7.15;7.05;6.95;6.85;6.74;6.64;6.54;6.45;6.37;6.30;6.25;6.23;6.21;6.18;6.13;6.09;6.04;6.00;5.96;5.95;5.96;6.00;6.09;6.20;6.36;6.55;6.79;7.07;7.41;7.81;;;;;;;;;;;;;;;;;
2.200;;;;;;;;;;;;;;;;;;;;;;;;;;40.08;24.68;18.83;15.40;13.31;11.87;10.87;10.09;9.47;8.96;8.54;8.19;7.90;7.66;7.47;7.32;7.19;7.10;7.02;6.96;6.91;6.86;6.82;6.77;6.73;6.69;6.65;6.61;6.58;6.55;6.52;6.51;6.50;6.50;6.51;6.53;6.56;6.60;6.65;6.71;6.77;6.84;6.91;6.99;7.06;7.14;7.21;7.27;7.33;7.39;7.44;7.48;7.52;7.56;7.59;7.62;7.65;7.67;7.69;7.70;7.71;7.71;7.71;7.69;7.66;7.62;7.57;7.51;7.44;7.35;7.26;7.16;7.05;6.94;6.83;6.72;6.62;6.52;6.43;6.35;6.29;6.25;6.24;6.22;6.20;6.16;6.12;6.08;6.04;6.02;6.01;6.03;6.09;6.19;6.32;6.48;6.68;6.93;7.22;7.56;;;;;;;;;;;;;;;;;
2.100;;;;;;;;;;;;;;;;;;;;;;;;;;33.00;22.45;17.74;14.82;12.98;11.70;10.78;10.04;9.44;8.93;8.51;8.16;7.87;7.62;7.43;7.27;7.15;7.06;6.99;6.93;6.88;6.83;6.78;6.74;6.70;6.66;6.62;6.58;6.55;6.53;6.50;6.49;6.49;6.49;6.51;6.54;6.57;6.62;6.68;6.75;6.82;6.90;6.99;7.08;7.16;7.25;7.32;7.40;7.46;7.52;7.58;7.62;7.67;7.70;7.74;7.77;7.79;7.81;7.83;7.84;7.85;7.85;7.84;7.82;7.79;7.75;7.70;7.63;7.55;7.47;7.37;7.26;7.15;7.04;6.92;6.80;6.69;6.59;6.49;6.41;6.33;6.28;6.26;6.26;6.25;6.22;6.19;6.15;6.12;6.09;6.07;6.07;6.11;6.19;6.29;6.43;6.60;6.81;7.06;7.35;7.69;;;;;;;;;;;;;;;;
2.000;;;;;;;;;;;;;;;;;;;;;;;;;47.93;29.03;20.96;16.97;14.40;12.77;11.60;10.72;10.00;9.41;8.91;8.48;8.13;7.83;7.58;7.38;7.23;7.12;7.03;6.95;6.89;6.84;6.79;6.75;6.71;6.67;6.63;6.59;6.56;6.53;6.51;6.49;6.48;6.48;6.49;6.51;6.55;6.59;6.65;6.72;6.79;6.88;6.97;7.07;7.17;7.26;7.36;7.44;7.52;7.60;7.66;7.72;7.77;7.81;7.85;7.88;7.91;7.93;7.95;7.97;7.98;7.99;7.98;7.97;7.95;7.92;7.87;7.82;7.75;7.67;7.58;7.48;7.37;7.25;7.13;7.01;6.89;6.77;6.66;6.56;6.46;6.38;6.32;6.28;6.28;6.28;6.27;6.25;6.22;6.19;6.16;6.14;6.13;6.15;6.20;6.29;6.40;6.55;6.73;6.94;7.19;7.48;;;;;;;;;;;;;;;;
1.900;;;;;;;;;;;;;;;;;;;;;;;;;39.64;26.33;19.85;16.39;14.11;12.64;11.54;10.69;9.99;9.39;8.89;8.46;8.09;7.78;7.53;7.33;7.19;7.08;6.99;6.92;6.86;6.81;6.76;6.72;6.68;6.64;6.60;6.57;6.54;6.51;6.49;6.48;6.47;6.48;6.49;6.52;6.56;6.61;6.68;6.76;6.84;6.94;7.04;7.15;7.26;7.36;7.47;7.56;7.65;7.73;7.80;7.85;7.91;7.95;7.99;8.02;8.05;8.07;8.09;8.10;8.11;8.11;8.11;8.09;8.07;8.04;7.99;7.93;7.86;7.78;7.69;7.58;7.47;7.35;7.23;7.10;6.98;6.85;6.74;6.63;6.52;6.44;6.36;6.31;6.29;6.30;6.30;6.30;6.28;6.25;6.23;6.20;6.19;6.19;6.22;6.29;6.39;6.51;6.66;6.84;7.05;7.30;;;;;;;;;;;;;;;;
1.800;;;;;;;;;;;;;;;;;;;;;;;;76.22;34.83;24.53;19.06;15.98;13.92;12.56;11.51;10.68;9.98;9.38;8.86;8.42;8.05;7.74;7.48;7.30;7.16;7.04;6.96;6.88;6.83;6.77;6.73;6.69;6.65;6.61;6.57;6.54;6.51;6.49;6.48;6.47;6.47;6.48;6.50;6.53;6.58;6.64;6.71;6.80;6.89;7.00;7.11;7.23;7.35;7.46;7.58;7.68;7.77;7.85;7.93;7.99;8.04;8.08;8.12;8.15;8.17;8.19;8.21;8.22;8.23;8.23;8.22;8.21;8.18;8.15;8.10;8.04;7.97;7.89;7.79;7.68;7.57;7.45;7.32;7.19;7.06;6.93;6.81;6.70;6.59;6.49;6.41;6.35;6.31;6.32;6.33;6.33;6.33;6.31;6.29;6.27;6.25;6.25;6.26;6.31;6.39;6.49;6.62;6.77;6.95;7.16;7.40;;;;;;;;;;;;;;;
1.700;;;;;;;;;;;;;;;;;;;;;;;;56.94;31.56;23.20;18.46;15.67;13.81;12.52;11.51;10.68;9.97;9.36;8.84;8.39;8.01;7.69;7.44;7.26;7.12;7.01;6.92;6.85;6.79;6.74;6.69;6.65;6.61;6.58;6.55;6.52;6.49;6.48;6.46;6.46;6.46;6.48;6.51;6.55;6.60;6.67;6.75;6.84;6.94;7.06;7.18;7.31;7.44;7.56;7.68;7.79;7.89;7.98;8.05;8.11;8.16;8.21;8.24;8.27;8.29;8.31;8.33;8.34;8.34;8.34;8.33;8.32;8.29;8.25;8.20;8.14;8.07;7.98;7.89;7.78;7.66;7.54;7.41;7.28;7.15;7.02;6.89;6.77;6.65;6.55;6.46;6.39;6.33;6.32;6.34;6.36;6.36;6.36;6.35;6.33;6.31;6.30;6.30;6.34;6.40;6.48;6.59;6.72;6.87;7.05;7.25;;;;;;;;;;;;;;;
1.600;;;;;;;;;;;;;;;;;;;;;;;;47.67;29.33;22.24;18.02;15.47;13.75;12.51;11.51;10.68;9.97;9.35;8.81;8.35;7.96;7.64;7.41;7.23;7.09;6.98;6.89;6.82;6.76;6.70;6.66;6.62;6.58;6.55;6.52;6.49;6.47;6.46;6.45;6.45;6.46;6.48;6.52;6.56;6.62;6.69;6.78;6.88;7.00;7.12;7.25;7.39;7.53;7.66;7.79;7.90;8.01;8.09;8.17;8.23;8.28;8.32;8.35;8.38;8.40;8.42;8.43;8.44;8.44;8.44;8.43;8.41;8.38;8.35;8.30;8.24;8.16;8.08;7.98;7.87;7.76;7.63;7.50;7.37;7.23;7.10;6.96;6.84;6.72;6.61;6.51;6.43;6.37;6.33;6.35;6.37;6.39;6.40;6.40;6.39;6.37;6.36;6.36;6.37;6.42;6.49;6.58;6.68;6.81;6.96;7.13;;;;;;;;;;;;;;;
1.500;;;;;;;;;;;;;;;;;;;;;;;;41.90;27.69;21.52;17.68;15.35;13.73;12.52;11.53;10.69;9.96;9.33;8.79;8.32;7.92;7.61;7.38;7.20;7.06;6.95;6.86;6.78;6.72;6.67;6.62;6.58;6.55;6.52;6.49;6.47;6.46;6.45;6.44;6.45;6.46;6.49;6.53;6.58;6.64;6.72;6.82;6.93;7.05;7.18;7.32;7.47;7.61;7.75;7.89;8.01;8.12;8.20;8.28;8.34;8.39;8.42;8.45;8.48;8.50;8.51;8.52;8.53;8.53;8.53;8.52;8.50;8.47;8.43;8.38;8.32;8.25;8.16;8.07;7.96;7.84;7.72;7.59;7.45;7.31;7.18;7.04;6.91;6.79;6.67;6.57;6.48;6.41;6.36;6.36;6.39;6.41;6.43;6.44;6.44;6.43;6.42;6.41;6.42;6.45;6.50;6.58;6.66;6.77;6.89;7.03;7.19;;;;;;;;;;;;;;
1.400;;;;;;;;;;;;;;;;;;;;;;;69.11;38.14;26.48;20.97;17.44;15.28;13.73;12.55;11.55;10.70;9.96;9.32;8.76;8.28;7.88;7.58;7.35;7.17;7.03;6.91;6.82;6.74;6.68;6.63;6.58;6.55;6.51;6.49;6.46;6.45;6.44;6.43;6.43;6.45;6.47;6.50;6.54;6.60;6.67;6.75;6.85;6.97;7.10;7.24;7.39;7.54;7.69;7.84;7.98;8.11;8.22;8.31;8.38;8.44;8.48;8.52;8.54;8.56;8.58;8.59;8.60;8.61;8.61;8.60;8.59;8.57;8.55;8.51;8.46;8.40;8.33;8.24;8.15;8.04;7.92;7.80;7.67;7.53;7.39;7.26;7.12;6.98;6.85;6.73;6.62;6.53;6.45;6.38;6.36;6.39;6.42;6.45;6.47;6.49;6.49;6.48;6.47;6.47;6.49;6.53;6.59;6.66;6.74;6.84;6.96;7.09;;;;;;;;;;;;;;
1.300;;;;;;;;;;;;;;;;;;;;;;;58.20;35.47;25.56;20.55;17.28;15.25;13.75;12.58;11.57;10.71;9.96;9.30;8.74;8.25;7.85;7.56;7.33;7.15;7.00;6.88;6.79;6.71;6.64;6.59;6.54;6.51;6.48;6.45;6.43;6.42;6.42;6.42;6.43;6.44;6.47;6.51;6.56;6.62;6.70;6.79;6.89;7.01;7.15;7.29;7.45;7.61;7.77;7.93;8.07;8.20;8.31;8.40;8.47;8.53;8.57;8.60;8.62;8.64;8.66;8.67;8.68;8.68;8.68;8.67;8.66;8.64;8.61;8.58;8.53;8.47;8.40;8.31;8.22;8.12;8.00;7.88;7.75;7.61;7.47;7.33;7.19;7.05;6.92;6.80;6.68;6.58;6.49;6.42;6.37;6.39;6.43;6.47;6.50;6.53;6.54;6.54;6.53;6.53;6.54;6.57;6.61;6.67;6.73;6.81;6.91;7.01;;;;;;;;;;;;;;
1.200;;;;;;;;;;;;;;;;;;;;;;;51.56;33.52;24.86;20.23;17.18;15.25;13.78;12.61;11.60;10.72;9.96;9.29;8.72;8.23;7.83;7.54;7.31;7.12;6.97;6.85;6.75;6.67;6.60;6.55;6.50;6.47;6.44;6.42;6.40;6.40;6.39;6.40;6.42;6.44;6.47;6.52;6.57;6.64;6.72;6.82;6.93;7.05;7.19;7.35;7.51;7.68;7.84;8.00;8.15;8.28;8.40;8.48;8.55;8.61;8.64;8.67;8.69;8.71;8.72;8.73;8.74;8.74;8.74;8.73;8.72;8.70;8.67;8.64;8.59;8.53;8.46;8.38;8.29;8.18;8.07;7.95;7.82;7.69;7.55;7.41;7.26;7.12;6.99;6.86;6.74;6.63;6.53;6.45;6.39;6.40;6.44;6.48;6.53;6.56;6.59;6.60;6.60;6.59;6.59;6.61;6.64;6.69;6.74;6.80;6.87;6.95;;;;;;;;;;;;;;
1.100;;;;;;;;;;;;;;;;;;;;;;;47.02;32.05;24.31;19.99;17.13;15.27;13.82;12.64;11.62;10.73;9.96;9.28;8.70;8.21;7.82;7.53;7.29;7.10;6.95;6.82;6.72;6.63;6.56;6.51;6.46;6.43;6.40;6.38;6.37;6.37;6.37;6.39;6.41;6.44;6.48;6.53;6.59;6.66;6.75;6.85;6.96;7.10;7.24;7.40;7.57;7.74;7.91;8.08;8.23;8.36;8.47;8.56;8.63;8.68;8.71;8.74;8.76;8.77;8.78;8.79;8.80;8.80;8.79;8.79;8.77;8.75;8.72;8.69;8.64;8.58;8.52;8.44;8.35;8.25;8.14;8.02;7.89;7.76;7.62;7.48;7.33;7.19;7.05;6.92;6.79;6.68;6.57;6.49;6.42;6.40;6.44;6.49;6.54;6.59;6.63;6.65;6.66;6.65;6.65;6.66;6.68;6.72;6.75;6.80;6.85;6.91;6.98;;;;;;;;;;;;;
1.000;;;;;;;;;;;;;;;;;;;;;;84.96;43.78;30.92;23.88;19.82;17.10;15.29;13.86;12.67;11.64;10.75;9.96;9.28;8.70;8.20;7.82;7.52;7.28;7.08;6.92;6.79;6.68;6.59;6.52;6.46;6.42;6.38;6.36;6.34;6.34;6.34;6.35;6.37;6.40;6.43;6.48;6.54;6.60;6.68;6.78;6.88;7.00;7.14;7.28;7.45;7.62;7.80;7.98;8.15;8.30;8.43;8.55;8.63;8.69;8.74;8.77;8.79;8.81;8.82;8.83;8.84;8.85;8.85;8.84;8.84;8.82;8.80;8.77;8.73;8.69;8.63;8.56;8.49;8.40;8.31;8.20;8.08;7.96;7.83;7.69;7.55;7.40;7.26;7.12;6.98;6.85;6.72;6.62;6.52;6.45;6.41;6.44;6.50;6.56;6.62;6.67;6.70;6.72;6.72;6.71;6.72;6.73;6.76;6.78;6.81;6.85;6.89;6.94;;;;;;;;;;;;;
0.900;;;;;;;;;;;;;;;;;;;;;;72.63;41.38;30.05;23.54;19.69;17.10;15.32;13.89;12.70;11.66;10.76;9.97;9.29;8.70;8.20;7.82;7.51;7.27;7.07;6.90;6.76;6.65;6.56;6.48;6.42;6.37;6.34;6.32;6.30;6.30;6.31;6.32;6.35;6.38;6.43;6.48;6.54;6.62;6.70;6.80;6.91;7.04;7.17;7.33;7.49;7.67;7.85;8.03;8.21;8.37;8.50;8.61;8.69;8.75;8.79;8.82;8.84;8.86;8.87;8.88;8.89;8.89;8.89;8.89;8.88;8.86;8.84;8.81;8.77;8.73;8.67;8.61;8.53;8.45;8.36;8.25;8.14;8.02;7.89;7.75;7.61;7.47;7.32;7.18;7.03;6.90;6.77;6.66;6.56;6.47;6.42;6.44;6.50;6.57;6.64;6.70;6.75;6.78;6.79;6.78;6.78;6.79;6.80;6.82;6.84;6.86;6.88;6.91;;;;;;;;;;;;;
0.800;;;;;;;;;;;;;;;;;;;;;;64.75;39.54;29.35;23.27;19.60;17.10;15.35;13.92;12.72;11.68;10.77;9.98;9.30;8.70;8.21;7.83;7.51;7.26;7.05;6.88;6.74;6.62;6.52;6.44;6.38;6.33;6.30;6.27;6.26;6.26;6.27;6.30;6.33;6.37;6.42;6.48;6.55;6.63;6.72;6.83;6.94;7.07;7.21;7.37;7.53;7.71;7.90;8.09;8.26;8.43;8.56;8.67;8.74;8.80;8.84;8.87;8.89;8.91;8.92;8.93;8.93;8.94;8.93;8.93;8.91;8.90;8.87;8.84;8.81;8.76;8.71;8.64;8.57;8.49;8.40;8.30;8.19;8.07;7.95;7.81;7.67;7.53;7.38;7.23;7.09;6.95;6.82;6.69;6.59;6.50;6.43;6.44;6.50;6.58;6.66;6.74;6.80;6.84;6.85;6.85;6.85;6.85;6.86;6.87;6.87;6.88;6.89;6.90;;;;;;;;;;;;;
0.700;;;;;;;;;;;;;;;;;;;;;;59.42;38.14;28.81;23.07;19.53;17.11;15.37;13.94;12.75;11.70;10.79;10.00;9.31;8.72;8.23;7.84;7.52;7.26;7.04;6.86;6.71;6.59;6.49;6.40;6.34;6.29;6.25;6.23;6.22;6.23;6.24;6.27;6.30;6.35;6.41;6.48;6.55;6.64;6.74;6.85;6.97;7.10;7.25;7.40;7.57;7.75;7.94;8.13;8.31;8.48;8.61;8.72;8.79;8.85;8.88;8.91;8.93;8.95;8.96;8.97;8.98;8.98;8.97;8.96;8.95;8.93;8.90;8.87;8.83;8.79;8.73;8.67;8.61;8.53;8.44;8.34;8.24;8.12;8.00;7.87;7.73;7.58;7.43;7.28;7.14;6.99;6.86;6.73;6.62;6.52;6.45;6.44;6.50;6.59;6.68;6.77;6.84;6.90;6.92;6.93;6.92;6.92;6.92;6.92;6.92;6.92;6.91;6.90;;;;;;;;;;;;;
0.600;;;;;;;;;;;;;;;;;;;;;;55.60;37.04;28.37;22.90;19.49;17.11;15.39;13.96;12.76;11.71;10.81;10.02;9.34;8.75;8.25;7.86;7.53;7.26;7.04;6.85;6.69;6.56;6.45;6.37;6.30;6.25;6.21;6.19;6.18;6.19;6.20;6.24;6.28;6.33;6.40;6.47;6.56;6.65;6.76;6.87;7.00;7.14;7.28;7.44;7.61;7.79;7.98;8.17;8.36;8.53;8.66;8.76;8.84;8.89;8.92;8.95;8.98;8.99;9.01;9.01;9.02;9.01;9.00;8.99;8.97;8.95;8.92;8.89;8.85;8.81;8.76;8.70;8.63;8.56;8.47;8.38;8.28;8.17;8.04;7.91;7.78;7.63;7.48;7.33;7.18;7.03;6.89;6.76;6.65;6.55;6.47;6.44;6.51;6.60;6.70;6.80;6.89;6.96;6.99;7.01;7.00;7.00;7.00;6.99;6.98;6.96;6.94;6.92;;;;;;;;;;;;;
0.500;;;;;;;;;;;;;;;;;;;;;;52.88;36.22;28.05;22.78;19.46;17.12;15.40;13.97;12.77;11.73;10.83;10.04;9.37;8.78;8.28;7.88;7.55;7.27;7.03;6.84;6.67;6.54;6.42;6.33;6.26;6.21;6.17;6.15;6.14;6.15;6.17;6.20;6.25;6.31;6.38;6.46;6.56;6.66;6.77;6.90;7.03;7.17;7.32;7.47;7.64;7.82;8.01;8.20;8.40;8.57;8.71;8.81;8.87;8.92;8.96;8.99;9.02;9.03;9.05;9.05;9.05;9.04;9.03;9.02;8.99;8.97;8.94;8.90;8.86;8.82;8.77;8.71;8.65;8.58;8.50;8.41;8.31;8.20;8.08;7.96;7.82;7.67;7.53;7.37;7.22;7.07;6.93;6.79;6.67;6.57;6.48;6.44;6.51;6.60;6.72;6.83;6.93;7.02;7.07;7.09;7.08;7.08;7.07;7.06;7.04;7.01;6.98;6.95;;;;;;;;;;;;;
0.400;;;;;;;;;;;;;;;;;;;;;;50.90;35.59;27.80;22.70;19.44;17.12;15.40;13.97;12.78;11.74;10.85;10.07;9.40;8.82;8.32;7.91;7.57;7.28;7.04;6.83;6.66;6.52;6.40;6.30;6.23;6.17;6.13;6.11;6.10;6.11;6.13;6.17;6.22;6.29;6.36;6.45;6.55;6.66;6.78;6.91;7.05;7.20;7.35;7.51;7.67;7.85;8.03;8.23;8.43;8.61;8.75;8.84;8.91;8.96;9.00;9.03;9.06;9.07;9.08;9.08;9.08;9.07;9.05;9.03;9.01;8.98;8.95;8.91;8.87;8.83;8.78;8.72;8.66;8.59;8.52;8.43;8.34;8.23;8.12;7.99;7.86;7.71;7.56;7.41;7.25;7.10;6.95;6.82;6.69;6.58;6.49;6.44;6.51;6.61;6.74;6.86;6.98;7.08;7.14;7.17;7.17;7.16;7.16;7.14;7.11;7.08;7.03;6.98;;;;;;;;;;;;;
0.300;;;;;;;;;;;;;;;;;;;;;;49.58;35.16;27.63;22.64;19.43;17.11;15.39;13.96;12.78;11.75;10.87;10.11;9.44;8.87;8.37;7.95;7.59;7.30;7.05;6.83;6.65;6.50;6.38;6.28;6.20;6.14;6.09;6.07;6.06;6.07;6.10;6.14;6.19;6.26;6.34;6.44;6.55;6.66;6.79;6.93;7.07;7.23;7.38;7.54;7.71;7.88;8.05;8.24;8.44;8.64;8.78;8.88;8.94;8.99;9.03;9.06;9.09;9.11;9.11;9.11;9.10;9.09;9.07;9.04;9.01;8.98;8.95;8.91;8.87;8.82;8.78;8.73;8.67;8.60;8.53;8.45;8.36;8.26;8.14;8.02;7.88;7.74;7.59;7.44;7.28;7.12;6.97;6.83;6.71;6.59;6.50;6.45;6.52;6.63;6.76;6.90;7.03;7.14;7.21;7.25;7.26;7.25;7.25;7.23;7.20;7.15;7.10;7.03;6.97;;;;;;;;;;;;
0.200;;;;;;;;;;;;;;;;;;;;;;48.74;34.90;27.54;22.62;19.43;17.10;15.37;13.95;12.77;11.76;10.89;10.14;9.49;8.92;8.41;7.99;7.63;7.32;7.06;6.84;6.65;6.49;6.36;6.26;6.17;6.11;6.06;6.04;6.03;6.04;6.06;6.11;6.17;6.24;6.33;6.43;6.54;6.66;6.80;6.94;7.09;7.25;7.41;7.58;7.74;7.91;8.08;8.25;8.45;8.67;8.82;8.90;8.96;9.01;9.06;9.09;9.12;9.13;9.13;9.13;9.11;9.09;9.07;9.04;9.01;8.97;8.94;8.90;8.86;8.82;8.77;8.72;8.67;8.61;8.54;8.46;8.37;8.27;8.16;8.04;7.91;7.76;7.61;7.46;7.30;7.14;6.99;6.85;6.72;6.60;6.51;6.45;6.52;6.64;6.78;6.94;7.08;7.21;7.29;7.34;7.35;7.34;7.34;7.32;7.28;7.23;7.17;7.09;7.01;;;;;;;;;;;;
0.100;;;;;;;;;;;;;;;;;;;;;;48.43;34.82;27.52;22.63;19.43;17.09;15.35;13.92;12.75;11.75;10.91;10.17;9.53;8.97;8.47;8.03;7.67;7.35;7.08;6.85;6.65;6.49;6.35;6.24;6.15;6.08;6.03;6.01;6.00;6.01;6.03;6.08;6.14;6.21;6.30;6.41;6.53;6.66;6.80;6.95;7.11;7.28;7.45;7.62;7.79;7.95;8.12;8.27;8.44;8.69;8.83;8.89;8.96;9.02;9.07;9.11;9.13;9.14;9.14;9.13;9.11;9.09;9.06;9.03;8.99;8.96;8.92;8.88;8.84;8.80;8.76;8.71;8.66;8.60;8.54;8.46;8.38;8.28;8.17;8.05;7.92;7.78;7.63;7.47;7.31;7.15;7.00;6.85;6.72;6.61;6.51;6.45;6.53;6.65;6.81;6.98;7.14;7.28;7.37;7.43;7.44;7.44;7.44;7.42;7.38;7.32;7.25;7.16;7.07;;;;;;;;;;;;
0.000;;;;;;;;;;;;;;;;;;;;;;48.56;34.90;27.58;22.68;19.46;17.09;15.33;13.89;12.73;11.75;10.92;10.20;9.58;9.03;8.53;8.09;7.71;7.39;7.11;6.87;6.66;6.49;6.35;6.23;6.13;6.06;6.01;5.98;5.97;5.98;6.01;6.05;6.11;6.19;6.28;6.39;6.52;6.65;6.80;6.96;7.12;7.30;7.47;7.65;7.83;8.01;8.18;8.34;8.49;8.63;8.75;8.86;8.94;9.01;9.07;9.11;9.13;9.14;9.13;9.12;9.10;9.07;9.04;9.01;8.97;8.93;8.90;8.86;8.82;8.78;8.74;8.70;8.65;8.59;8.53;8.46;8.38;8.28;8.18;8.06;7.93;7.79;7.64;7.48;7.32;7.16;7.00;6.85;6.72;6.61;6.51;6.45;6.54;6.67;6.84;7.02;7.20;7.35;7.46;7.52;7.54;7.54;7.54;7.52;7.47;7.41;7.33;7.24;7.13;;;;;;;;;;;;
-0.100;;;;;;;;;;;;;;;;;;;;;;49.28;35.20;27.74;22.77;19.50;17.08;15.30;13.86;12.71;11.74;10.93;10.23;9.62;9.09;8.59;8.14;7.76;7.43;7.14;6.89;6.68;6.50;6.35;6.22;6.12;6.05;5.99;5.96;5.95;5.96;5.98;6.03;6.09;6.17;6.26;6.38;6.50;6.64;6.79;6.96;7.13;7.31;7.49;7.68;7.87;8.06;8.25;8.43;8.61;8.71;8.73;8.83;8.92;9.00;9.05;9.09;9.11;9.12;9.11;9.10;9.07;9.04;9.01;8.98;8.94;8.90;8.86;8.83;8.79;8.75;8.72;8.68;8.63;8.58;8.52;8.45;8.37;8.28;8.18;8.06;7.93;7.79;7.63;7.48;7.32;7.15;7.00;6.85;6.72;6.60;6.51;6.46;6.55;6.70;6.88;7.07;7.26;7.42;7.54;7.61;7.63;7.64;7.64;7.62;7.58;7.51;7.43;7.32;7.21;;;;;;;;;;;;
-0.200;;;;;;;;;;;;;;;;;;;;;;50.57;35.70;28.00;22.91;19.57;17.09;15.28;13.83;12.68;11.72;10.93;10.25;9.66;9.15;8.66;8.21;7.81;7.47;7.18;6.92;6.70;6.52;6.36;6.23;6.12;6.04;5.98;5.95;5.93;5.94;5.96;6.01;6.07;6.15;6.25;6.36;6.49;6.63;6.79;6.95;7.13;7.32;7.51;7.70;7.90;8.10;8.29;8.47;8.62;8.71;8.76;8.83;8.91;8.98;9.03;9.07;9.09;9.09;9.08;9.07;9.04;9.01;8.98;8.94;8.90;8.87;8.83;8.79;8.76;8.73;8.69;8.65;8.61;8.56;8.50;8.44;8.36;8.27;8.17;8.05;7.92;7.78;7.63;7.47;7.31;7.14;6.99;6.84;6.71;6.59;6.51;6.46;6.57;6.73;6.92;7.13;7.33;7.50;7.63;7.70;7.73;7.74;7.75;7.73;7.68;7.62;7.52;7.41;7.29;;;;;;;;;;;;
-0.300;;;;;;;;;;;;;;;;;;;;;;52.75;36.50;28.38;23.11;19.67;17.12;15.27;13.79;12.64;11.70;10.92;10.26;9.70;9.20;8.73;8.27;7.88;7.53;7.23;6.96;6.73;6.54;6.37;6.24;6.13;6.04;5.98;5.94;5.92;5.92;5.95;5.99;6.05;6.13;6.23;6.34;6.47;6.62;6.78;6.95;7.13;7.32;7.51;7.71;7.91;8.10;8.29;8.47;8.61;8.71;8.77;8.84;8.90;8.96;9.01;9.04;9.05;9.06;9.05;9.03;9.00;8.97;8.93;8.90;8.86;8.83;8.79;8.76;8.73;8.69;8.66;8.62;8.58;8.54;8.48;8.42;8.34;8.26;8.15;8.04;7.91;7.76;7.61;7.45;7.29;7.13;6.97;6.82;6.69;6.58;6.50;6.47;6.59;6.76;6.97;7.19;7.40;7.58;7.72;7.80;7.83;7.85;7.86;7.84;7.79;7.72;7.63;7.51;;;;;;;;;;;;;
-0.400;;;;;;;;;;;;;;;;;;;;;;55.96;37.63;28.92;23.37;19.81;17.18;15.27;13.77;12.61;11.67;10.91;10.27;9.73;9.25;8.80;8.34;7.94;7.59;7.28;7.01;6.77;6.57;6.40;6.25;6.14;6.05;5.98;5.94;5.91;5.92;5.94;5.98;6.04;6.12;6.21;6.33;6.46;6.60;6.76;6.93;7.12;7.31;7.50;7.70;7.90;8.09;8.28;8.44;8.58;8.69;8.77;8.84;8.90;8.95;8.98;9.01;9.02;9.02;9.01;8.98;8.96;8.92;8.89;8.85;8.82;8.78;8.75;8.72;8.69;8.66;8.63;8.59;8.56;8.51;8.46;8.40;8.32;8.23;8.13;8.01;7.88;7.74;7.59;7.43;7.26;7.10;6.95;6.80;6.67;6.57;6.49;6.48;6.62;6.80;7.02;7.25;7.48;7.67;7.81;7.89;7.93;7.95;7.97;7.95;7.91;7.83;7.73;7.61;;;;;;;;;;;;;
-0.500;;;;;;;;;;;;;;;;;;;;;;60.96;39.24;29.65;23.73;20.01;17.26;15.29;13.75;12.58;11.64;10.89;10.27;9.75;9.29;8.86;8.42;8.01;7.65;7.34;7.06;6.82;6.61;6.43;6.28;6.16;6.06;5.99;5.94;5.92;5.91;5.93;5.97;6.03;6.10;6.20;6.31;6.44;6.59;6.75;6.92;7.10;7.29;7.48;7.68;7.87;8.06;8.24;8.41;8.54;8.66;8.75;8.82;8.88;8.93;8.96;8.98;8.98;8.98;8.96;8.94;8.91;8.88;8.85;8.81;8.78;8.74;8.71;8.68;8.65;8.62;8.59;8.56;8.53;8.48;8.43;8.37;8.30;8.21;8.10;7.98;7.85;7.71;7.55;7.39;7.23;7.07;6.92;6.78;6.65;6.55;6.48;6.50;6.65;6.85;7.08;7.33;7.56;7.76;7.90;7.99;8.03;8.06;8.07;8.06;8.02;7.95;7.84;7.71;;;;;;;;;;;;;
-0.600;;;;;;;;;;;;;;;;;;;;;;68.62;41.46;30.63;24.20;20.27;17.39;15.33;13.75;12.56;11.61;10.87;10.26;9.76;9.33;8.93;8.49;8.09;7.73;7.40;7.12;6.87;6.65;6.47;6.31;6.18;6.08;6.00;5.95;5.92;5.92;5.93;5.96;6.02;6.09;6.19;6.30;6.42;6.57;6.72;6.89;7.07;7.26;7.45;7.64;7.83;8.02;8.20;8.36;8.50;8.62;8.71;8.79;8.85;8.90;8.93;8.95;8.95;8.94;8.92;8.90;8.87;8.84;8.80;8.77;8.73;8.70;8.67;8.64;8.62;8.59;8.56;8.53;8.49;8.45;8.40;8.34;8.26;8.17;8.07;7.95;7.82;7.67;7.52;7.36;7.19;7.04;6.89;6.75;6.63;6.53;6.47;6.53;6.70;6.91;7.15;7.41;7.65;7.85;7.99;8.08;8.12;8.16;8.18;8.17;8.13;8.06;7.95;7.82;;;;;;;;;;;;;
-0.700;;;;;;;;;;;;;;;;;;;;;;81.82;44.63;31.95;24.82;20.61;17.57;15.41;13.77;12.55;11.59;10.85;10.25;9.77;9.35;8.98;8.57;8.17;7.80;7.48;7.19;6.93;6.71;6.51;6.35;6.22;6.11;6.03;5.97;5.93;5.92;5.93;5.96;6.02;6.09;6.18;6.28;6.41;6.54;6.70;6.86;7.04;7.22;7.41;7.60;7.78;7.96;8.14;8.30;8.44;8.56;8.67;8.75;8.82;8.86;8.89;8.91;8.91;8.90;8.88;8.86;8.83;8.79;8.76;8.73;8.69;8.66;8.63;8.61;8.58;8.55;8.53;8.49;8.46;8.42;8.36;8.30;8.22;8.13;8.03;7.91;7.77;7.62;7.47;7.31;7.15;6.99;6.85;6.71;6.60;6.51;6.47;6.56;6.75;6.98;7.23;7.50;7.74;7.94;8.08;8.17;8.22;8.26;8.29;8.28;8.24;8.17;8.06;7.92;;;;;;;;;;;;;
-0.800;;;;;;;;;;;;;;;;;;;;;;;49.17;33.73;25.61;21.04;17.81;15.54;13.81;12.55;11.57;10.83;10.24;9.76;9.37;9.02;8.65;8.25;7.88;7.55;7.26;7.00;6.77;6.57;6.40;6.26;6.14;6.06;5.99;5.95;5.94;5.94;5.97;6.01;6.08;6.16;6.27;6.39;6.52;6.67;6.83;7.00;7.17;7.35;7.54;7.72;7.90;8.06;8.22;8.37;8.50;8.61;8.70;8.77;8.82;8.85;8.87;8.87;8.86;8.84;8.82;8.79;8.75;8.72;8.68;8.65;8.62;8.59;8.57;8.54;8.52;8.49;8.46;8.42;8.38;8.32;8.26;8.18;8.09;7.98;7.85;7.72;7.57;7.42;7.26;7.10;6.95;6.81;6.68;6.58;6.50;6.48;6.61;6.81;7.05;7.32;7.59;7.84;8.04;8.17;8.25;8.31;8.36;8.39;8.39;8.36;8.28;8.17;8.03;;;;;;;;;;;;;
-0.900;;;;;;;;;;;;;;;;;;;;;;;56.18;36.19;26.65;21.59;18.13;15.72;13.90;12.58;11.57;10.82;10.22;9.76;9.37;9.05;8.72;8.33;7.97;7.64;7.34;7.07;6.84;6.63;6.46;6.31;6.19;6.09;6.02;5.98;5.96;5.95;5.98;6.02;6.08;6.16;6.25;6.36;6.49;6.63;6.78;6.95;7.12;7.29;7.47;7.64;7.82;7.98;8.14;8.28;8.42;8.53;8.63;8.70;8.76;8.79;8.82;8.82;8.81;8.80;8.77;8.74;8.71;8.68;8.64;8.61;8.58;8.55;8.53;8.50;8.48;8.45;8.42;8.38;8.33;8.28;8.21;8.13;8.03;7.92;7.80;7.66;7.51;7.36;7.20;7.05;6.90;6.76;6.64;6.55;6.48;6.50;6.66;6.88;7.14;7.42;7.69;7.93;8.13;8.25;8.33;8.40;8.46;8.49;8.50;8.46;8.39;8.28;8.14;;;;;;;;;;;;;
-1.000;;;;;;;;;;;;;;;;;;;;;;;67.89;39.66;28.03;22.30;18.54;15.96;14.02;12.64;11.59;10.81;10.21;9.75;9.38;9.07;8.78;8.42;8.06;7.73;7.43;7.16;6.91;6.70;6.52;6.36;6.24;6.14;6.06;6.01;5.98;5.97;5.99;6.02;6.08;6.15;6.24;6.34;6.46;6.59;6.74;6.89;7.05;7.22;7.39;7.56;7.73;7.89;8.05;8.19;8.32;8.44;8.54;8.62;8.68;8.73;8.75;8.76;8.76;8.74;8.72;8.69;8.66;8.63;8.60;8.57;8.54;8.51;8.49;8.46;8.43;8.40;8.37;8.33;8.28;8.22;8.15;8.07;7.97;7.86;7.73;7.59;7.45;7.29;7.14;6.99;6.85;6.72;6.61;6.52;6.47;6.54;6.73;6.97;7.24;7.52;7.80;8.03;8.22;8.33;8.41;8.48;8.55;8.59;8.60;8.57;8.50;8.39;8.25;;;;;;;;;;;;;
-1.100;;;;;;;;;;;;;;;;;;;;;;;92.34;44.83;29.87;23.22;19.04;16.27;14.20;12.73;11.63;10.82;10.21;9.74;9.38;9.08;8.82;8.51;8.16;7.83;7.52;7.25;7.00;6.78;6.59;6.43;6.30;6.19;6.11;6.05;6.01;6.00;6.00;6.03;6.08;6.14;6.22;6.32;6.43;6.55;6.69;6.83;6.98;7.14;7.30;7.47;7.63;7.79;7.94;8.08;8.22;8.34;8.44;8.53;8.59;8.64;8.67;8.69;8.69;8.68;8.66;8.64;8.61;8.58;8.55;8.52;8.49;8.46;8.44;8.41;8.38;8.35;8.32;8.28;8.22;8.16;8.09;8.00;7.90;7.78;7.66;7.52;7.37;7.22;7.07;6.93;6.79;6.67;6.57;6.50;6.46;6.60;6.81;7.06;7.34;7.63;7.90;8.13;8.30;8.41;8.48;8.57;8.64;8.69;8.70;8.67;8.61;8.50;;;;;;;;;;;;;;
-1.200;;;;;;;;;;;;;;;;;;;;;;;758.77;53.19;32.41;24.43;19.67;16.67;14.45;12.87;11.70;10.85;10.21;9.74;9.37;9.09;8.84;8.59;8.26;7.93;7.63;7.35;7.10;6.87;6.67;6.50;6.36;6.25;6.16;6.09;6.05;6.02;6.02;6.04;6.08;6.13;6.21;6.29;6.39;6.51;6.63;6.77;6.91;7.06;7.21;7.37;7.52;7.68;7.83;7.97;8.10;8.22;8.33;8.42;8.49;8.55;8.58;8.60;8.61;8.61;8.59;8.57;8.55;8.52;8.49;8.46;8.44;8.41;8.38;8.36;8.33;8.29;8.26;8.21;8.16;8.09;8.01;7.92;7.82;7.70;7.58;7.44;7.29;7.15;7.00;6.86;6.74;6.63;6.54;6.48;6.50;6.67;6.90;7.17;7.46;7.74;8.01;8.22;8.37;8.47;8.55;8.65;8.73;8.78;8.79;8.77;8.71;8.61;;;;;;;;;;;;;;
-1.300;;;;;;;;;;;;;;;;;;;;;;;;68.48;36.01;26.03;20.47;17.18;14.77;13.06;11.81;10.90;10.23;9.74;9.37;9.09;8.86;8.65;8.36;8.04;7.74;7.46;7.20;6.97;6.77;6.59;6.44;6.31;6.22;6.14;6.09;6.06;6.05;6.06;6.08;6.13;6.19;6.27;6.36;6.46;6.58;6.70;6.83;6.97;7.12;7.26;7.41;7.56;7.70;7.84;7.98;8.10;8.21;8.30;8.38;8.43;8.48;8.50;8.52;8.52;8.51;8.49;8.47;8.45;8.43;8.40;8.37;8.35;8.32;8.29;8.26;8.23;8.19;8.14;8.08;8.01;7.93;7.84;7.73;7.62;7.49;7.35;7.21;7.07;6.93;6.80;6.68;6.58;6.51;6.47;6.56;6.76;7.01;7.29;7.58;7.86;8.11;8.31;8.44;8.53;8.62;8.73;8.81;8.86;8.88;8.87;8.81;8.71;;;;;;;;;;;;;;
-1.400;;;;;;;;;;;;;;;;;;;;;;;;110.74;41.50;28.25;21.51;17.80;15.17;13.32;11.96;10.99;10.28;9.76;9.38;9.10;8.87;8.68;8.45;8.15;7.85;7.57;7.31;7.08;6.87;6.68;6.53;6.39;6.28;6.20;6.14;6.10;6.08;6.08;6.09;6.13;6.18;6.25;6.33;6.42;6.52;6.64;6.76;6.89;7.02;7.16;7.30;7.44;7.58;7.71;7.84;7.96;8.07;8.17;8.25;8.31;8.36;8.39;8.41;8.42;8.42;8.40;8.39;8.37;8.35;8.32;8.30;8.27;8.24;8.22;8.18;8.15;8.10;8.05;7.99;7.92;7.84;7.74;7.64;7.52;7.39;7.26;7.12;6.99;6.86;6.74;6.63;6.55;6.49;6.49;6.64;6.87;7.13;7.41;7.71;7.98;8.21;8.38;8.50;8.59;8.69;8.80;8.89;8.94;8.97;8.96;8.91;8.82;;;;;;;;;;;;;;
-1.500;;;;;;;;;;;;;;;;;;;;;;;;744.48;50.33;31.38;22.88;18.57;15.68;13.66;12.17;11.12;10.35;9.80;9.40;9.11;8.88;8.70;8.53;8.27;7.98;7.70;7.44;7.20;6.98;6.79;6.62;6.48;6.36;6.27;6.20;6.14;6.11;6.10;6.11;6.13;6.17;6.23;6.30;6.38;6.47;6.57;6.68;6.80;6.92;7.05;7.18;7.31;7.45;7.58;7.70;7.82;7.93;8.02;8.11;8.17;8.23;8.26;8.29;8.30;8.31;8.30;8.29;8.27;8.26;8.23;8.21;8.19;8.16;8.13;8.09;8.06;8.01;7.96;7.89;7.82;7.74;7.64;7.53;7.42;7.29;7.17;7.03;6.91;6.79;6.68;6.58;6.52;6.48;6.55;6.74;6.99;7.26;7.55;7.83;8.09;8.30;8.45;8.55;8.64;8.76;8.87;8.96;9.02;9.06;9.05;9.01;;;;;;;;;;;;;;;
-1.600;;;;;;;;;;;;;;;;;;;;;;;;;67.80;36.19;24.76;19.56;16.30;14.08;12.45;11.30;10.46;9.86;9.43;9.13;8.90;8.72;8.57;8.38;8.11;7.83;7.57;7.33;7.10;6.90;6.73;6.58;6.45;6.34;6.26;6.20;6.16;6.14;6.13;6.14;6.17;6.21;6.27;6.34;6.42;6.51;6.60;6.71;6.82;6.94;7.06;7.19;7.31;7.44;7.56;7.67;7.78;7.87;7.96;8.03;8.08;8.13;8.16;8.18;8.18;8.18;8.18;8.17;8.15;8.13;8.11;8.08;8.06;8.03;7.99;7.95;7.90;7.85;7.78;7.71;7.62;7.53;7.42;7.31;7.19;7.07;6.94;6.83;6.72;6.62;6.55;6.50;6.49;6.65;6.86;7.12;7.40;7.69;7.96;8.19;8.38;8.50;8.59;8.70;8.83;8.94;9.03;9.10;9.14;9.15;9.11;;;;;;;;;;;;;;;
-1.700;;;;;;;;;;;;;;;;;;;;;;;;;110.30;43.98;27.33;20.86;17.04;14.60;12.80;11.53;10.61;9.96;9.49;9.16;8.92;8.75;8.61;8.47;8.24;7.97;7.71;7.47;7.24;7.03;6.85;6.68;6.55;6.43;6.34;6.26;6.21;6.18;6.16;6.16;6.17;6.20;6.25;6.30;6.37;6.45;6.53;6.63;6.73;6.84;6.95;7.07;7.18;7.30;7.41;7.52;7.63;7.72;7.80;7.87;7.93;7.98;8.01;8.04;8.05;8.06;8.05;8.04;8.03;8.02;8.00;7.97;7.95;7.91;7.88;7.84;7.79;7.73;7.67;7.59;7.51;7.41;7.31;7.20;7.09;6.97;6.86;6.75;6.65;6.57;6.52;6.49;6.57;6.76;7.00;7.27;7.55;7.83;8.08;8.29;8.44;8.54;8.63;8.76;8.89;9.01;9.11;9.18;9.23;9.24;9.22;;;;;;;;;;;;;;;
-1.800;;;;;;;;;;;;;;;;;;;;;;;;;-736.69;60.47;31.21;22.65;17.98;15.23;13.24;11.83;10.81;10.08;9.57;9.21;8.96;8.78;8.64;8.52;8.37;8.12;7.87;7.62;7.39;7.17;6.98;6.81;6.66;6.53;6.43;6.34;6.27;6.23;6.20;6.18;6.19;6.20;6.23;6.28;6.33;6.40;6.47;6.55;6.64;6.74;6.84;6.95;7.06;7.16;7.27;7.38;7.47;7.56;7.65;7.72;7.78;7.83;7.86;7.89;7.91;7.92;7.92;7.91;7.90;7.89;7.87;7.85;7.82;7.79;7.75;7.71;7.66;7.60;7.54;7.46;7.38;7.29;7.19;7.09;6.98;6.87;6.77;6.68;6.60;6.54;6.50;6.52;6.68;6.90;7.15;7.42;7.70;7.96;8.19;8.36;8.49;8.58;8.68;8.82;8.95;9.07;9.18;9.26;9.32;9.34;;;;;;;;;;;;;;;;
-1.900;;;;;;;;;;;;;;;;;;;;;;;;;;108.24;37.17;25.11;19.21;15.99;13.78;12.21;11.06;10.26;9.68;9.28;9.00;8.81;8.67;8.56;8.45;8.28;8.03;7.78;7.55;7.33;7.13;6.94;6.78;6.64;6.52;6.43;6.35;6.29;6.25;6.22;6.21;6.21;6.23;6.26;6.30;6.35;6.41;6.48;6.56;6.65;6.74;6.84;6.94;7.04;7.13;7.23;7.32;7.41;7.49;7.56;7.62;7.67;7.71;7.74;7.76;7.77;7.77;7.77;7.76;7.75;7.73;7.71;7.69;7.65;7.62;7.58;7.53;7.47;7.41;7.33;7.25;7.17;7.07;6.98;6.88;6.79;6.70;6.62;6.55;6.51;6.50;6.61;6.81;7.05;7.31;7.58;7.85;8.09;8.28;8.42;8.53;8.61;8.74;8.88;9.02;9.15;9.26;9.35;9.42;9.46;;;;;;;;;;;;;;;;
-2.000;;;;;;;;;;;;;;;;;;;;;;;;;;330.29;48.46;28.89;20.89;16.96;14.43;12.68;11.39;10.48;9.83;9.38;9.07;8.86;8.71;8.61;8.51;8.41;8.20;7.96;7.72;7.50;7.29;7.09;6.92;6.77;6.64;6.53;6.44;6.36;6.31;6.27;6.24;6.23;6.24;6.25;6.28;6.32;6.37;6.43;6.49;6.57;6.65;6.73;6.82;6.91;7.01;7.09;7.18;7.26;7.34;7.40;7.46;7.51;7.55;7.58;7.60;7.61;7.62;7.62;7.62;7.60;7.59;7.57;7.54;7.51;7.48;7.44;7.39;7.33;7.27;7.20;7.12;7.04;6.96;6.87;6.79;6.70;6.63;6.57;6.53;6.51;6.57;6.75;6.97;7.22;7.48;7.74;7.99;8.20;8.36;8.47;8.55;8.66;8.80;8.95;9.09;9.23;9.35;9.45;9.54;;;;;;;;;;;;;;;;;
-2.100;;;;;;;;;;;;;;;;;;;;;;;;;;;72.33;34.81;23.19;18.21;15.20;13.24;11.80;10.77;10.03;9.52;9.16;8.92;8.76;8.66;8.57;8.48;8.36;8.15;7.91;7.68;7.47;7.26;7.08;6.92;6.77;6.65;6.54;6.45;6.38;6.33;6.29;6.27;6.26;6.26;6.27;6.30;6.34;6.38;6.44;6.50;6.57;6.64;6.72;6.80;6.89;6.97;7.05;7.12;7.19;7.25;7.31;7.35;7.39;7.42;7.45;7.46;7.47;7.47;7.46;7.45;7.44;7.42;7.40;7.37;7.33;7.29;7.25;7.19;7.13;7.07;7.00;6.93;6.85;6.77;6.70;6.63;6.58;6.54;6.52;6.54;6.70;6.91;7.14;7.40;7.65;7.90;8.12;8.29;8.41;8.50;8.59;8.72;8.87;9.02;9.17;9.32;9.45;9.57;9.67;;;;;;;;;;;;;;;;;
-2.200;;;;;;;;;;;;;;;;;;;;;;;;;;;250.26;47.03;26.73;19.95;16.20;13.93;12.30;11.14;10.29;9.70;9.29;9.01;8.83;8.71;8.63;8.56;8.47;8.34;8.12;7.89;7.66;7.45;7.26;7.08;6.92;6.78;6.66;6.56;6.47;6.41;6.35;6.32;6.29;6.28;6.28;6.30;6.32;6.35;6.40;6.45;6.50;6.57;6.63;6.71;6.78;6.85;6.92;6.99;7.05;7.11;7.16;7.21;7.24;7.27;7.29;7.31;7.32;7.32;7.31;7.31;7.29;7.27;7.25;7.22;7.19;7.15;7.11;7.06;7.00;6.95;6.88;6.82;6.75;6.69;6.63;6.58;6.55;6.53;6.54;6.67;6.87;7.09;7.33;7.58;7.82;8.04;8.22;8.36;8.45;8.53;8.63;8.79;8.95;9.11;9.27;9.43;9.58;9.71;9.83;;;;;;;;;;;;;;;;;
-2.300;;;;;;;;;;;;;;;;;;;;;;;;;;;;77.79;32.15;22.36;17.47;14.75;12.91;11.58;10.61;9.93;9.45;9.13;8.91;8.78;8.69;8.63;8.56;8.48;8.33;8.11;7.88;7.66;7.45;7.26;7.09;6.94;6.80;6.69;6.59;6.50;6.43;6.38;6.34;6.32;6.31;6.31;6.32;6.34;6.37;6.41;6.45;6.51;6.56;6.62;6.68;6.75;6.81;6.87;6.93;6.98;7.02;7.06;7.10;7.13;7.15;7.16;7.17;7.17;7.17;7.16;7.15;7.13;7.11;7.08;7.05;7.01;6.97;6.93;6.88;6.83;6.78;6.72;6.67;6.62;6.58;6.55;6.53;6.54;6.65;6.84;7.05;7.28;7.52;7.75;7.97;8.16;8.31;8.41;8.48;8.57;8.71;8.87;9.04;9.21;9.38;9.56;9.73;9.89;;;;;;;;;;;;;;;;;;
-2.400;;;;;;;;;;;;;;;;;;;;;;;;;;;;79.21;42.98;26.19;19.29;15.83;13.64;12.13;11.02;10.23;9.67;9.28;9.02;8.86;8.76;8.70;8.64;8.58;8.49;8.34;8.11;7.89;7.67;7.47;7.29;7.12;6.97;6.84;6.72;6.62;6.54;6.47;6.42;6.38;6.35;6.34;6.34;6.35;6.36;6.39;6.42;6.46;6.51;6.56;6.61;6.66;6.72;6.77;6.82;6.86;6.90;6.94;6.97;6.99;7.01;7.02;7.03;7.03;7.03;7.02;7.01;6.99;6.97;6.95;6.92;6.89;6.85;6.81;6.77;6.73;6.69;6.65;6.61;6.58;6.55;6.54;6.56;6.65;6.83;7.03;7.25;7.48;7.70;7.92;8.11;8.26;8.37;8.44;8.52;8.64;8.80;8.97;9.15;9.34;9.53;9.72;9.92;10.11;;;;;;;;;;;;;;;;;;
-2.500;;;;;;;;;;;;;;;;;;;;;;;;;;;;;67.94;32.40;21.82;17.23;14.51;12.78;11.51;10.59;9.93;9.47;9.16;8.96;8.84;8.77;8.73;8.68;8.62;8.52;8.36;8.14;7.92;7.70;7.51;7.32;7.16;7.01;6.88;6.76;6.66;6.58;6.51;6.46;6.42;6.39;6.38;6.37;6.38;6.39;6.41;6.44;6.47;6.51;6.55;6.60;6.64;6.68;6.72;6.76;6.80;6.83;6.85;6.87;6.89;6.90;6.90;6.90;6.90;6.89;6.88;6.86;6.85;6.83;6.80;6.77;6.74;6.71;6.68;6.65;6.62;6.59;6.57;6.55;6.55;6.57;6.66;6.83;7.02;7.23;7.45;7.67;7.88;8.06;8.22;8.33;8.41;8.48;8.57;8.73;8.90;9.09;9.28;9.49;9.71;9.93;10.16;;;;;;;;;;;;;;;;;;;
-2.600;;;;;;;;;;;;;;;;;;;;;;;;;;;;;496.00;46.48;25.89;19.27;15.69;13.57;12.11;11.05;10.28;9.73;9.35;9.10;8.95;8.86;8.81;8.77;8.73;8.67;8.56;8.41;8.19;7.96;7.75;7.56;7.38;7.21;7.06;6.93;6.82;6.72;6.64;6.57;6.51;6.47;6.44;6.42;6.41;6.41;6.42;6.44;6.46;6.49;6.52;6.55;6.59;6.62;6.65;6.68;6.71;6.73;6.75;6.77;6.78;6.79;6.79;6.79;6.79;6.78;6.77;6.75;6.74;6.72;6.70;6.68;6.66;6.63;6.61;6.59;6.57;6.56;6.56;6.57;6.59;6.68;6.85;7.03;7.23;7.44;7.65;7.85;8.03;8.18;8.30;8.38;8.45;8.54;8.67;8.85;9.04;9.24;9.46;9.70;9.95;10.21;10.48;;;;;;;;;;;;;;;;;;;
-2.700;;;;;;;;;;;;;;;;;;;;;;;;;;;;;;28.05;32.71;22.21;17.27;14.57;12.82;11.60;10.69;10.04;9.58;9.27;9.07;8.95;8.89;8.86;8.84;8.80;8.73;8.63;8.46;8.25;8.03;7.82;7.62;7.44;7.28;7.13;7.00;6.88;6.78;6.70;6.63;6.57;6.53;6.50;6.47;6.46;6.46;6.46;6.47;6.49;6.51;6.53;6.55;6.58;6.60;6.62;6.64;6.66;6.67;6.68;6.69;6.70;6.70;6.69;6.69;6.68;6.67;6.66;6.65;6.64;6.62;6.61;6.59;6.58;6.57;6.56;6.56;6.56;6.58;6.62;6.72;6.88;7.06;7.25;7.45;7.65;7.84;8.01;8.16;8.27;8.36;8.42;8.50;8.63;8.80;9.00;9.21;9.44;9.69;9.96;10.25;10.56;;;;;;;;;;;;;;;;;;;;
-2.800;;;;;;;;;;;;;;;;;;;;;;;;;;;;;;;48.34;27.22;19.59;15.94;13.71;12.26;11.21;10.43;9.88;9.49;9.24;9.08;8.99;8.95;8.93;8.91;8.87;8.81;8.70;8.54;8.34;8.11;7.90;7.71;7.53;7.36;7.21;7.08;6.97;6.86;6.78;6.71;6.65;6.60;6.56;6.54;6.52;6.51;6.51;6.51;6.52;6.53;6.54;6.56;6.57;6.59;6.60;6.61;6.62;6.62;6.63;6.63;6.63;6.62;6.62;6.61;6.60;6.59;6.59;6.58;6.57;6.56;6.55;6.55;6.55;6.56;6.58;6.61;6.66;6.78;6.93;7.11;7.29;7.48;7.66;7.84;8.01;8.14;8.26;8.34;8.41;8.48;8.60;8.77;8.97;9.19;9.43;9.69;9.99;10.31;10.66;;;;;;;;;;;;;;;;;;;;;
-2.900;;;;;;;;;;;;;;;;;;;;;;;;;;;;;;;128.67;36.79;23.11;17.83;14.88;13.06;11.82;10.92;10.25;9.77;9.45;9.24;9.11;9.05;9.03;9.02;9.00;8.97;8.89;8.79;8.63;8.44;8.22;8.01;7.81;7.63;7.46;7.31;7.18;7.06;6.96;6.87;6.80;6.73;6.68;6.64;6.61;6.59;6.58;6.57;6.56;6.56;6.56;6.57;6.57;6.58;6.58;6.58;6.59;6.59;6.59;6.58;6.58;6.58;6.57;6.56;6.56;6.55;6.55;6.54;6.54;6.54;6.55;6.56;6.58;6.60;6.64;6.71;6.85;7.00;7.16;7.34;7.51;7.69;7.86;8.01;8.14;8.25;8.33;8.40;8.47;8.58;8.75;8.96;9.18;9.43;9.71;10.03;10.37;10.76;11.19;;;;;;;;;;;;;;;;;;;;;
-3.000;;;;;;;;;;;;;;;;;;;;;;;;;;;;;;;;69.11;29.37;20.73;16.52;14.13;12.57;11.50;10.71;10.13;9.72;9.44;9.27;9.17;9.13;9.11;9.11;9.10;9.06;9.00;8.89;8.74;8.56;8.35;8.14;7.94;7.75;7.59;7.43;7.30;7.18;7.07;6.98;6.91;6.84;6.78;6.74;6.70;6.67;6.65;6.63;6.62;6.61;6.61;6.60;6.60;6.59;6.59;6.58;6.58;6.57;6.57;6.56;6.56;6.55;6.55;6.54;6.54;6.54;6.55;6.55;6.57;6.58;6.61;6.65;6.70;6.80;6.93;7.08;7.24;7.40;7.57;7.73;7.88;8.02;8.14;8.24;8.32;8.39;8.47;8.58;8.75;8.96;9.20;9.46;9.76;10.09;10.47;10.90;11.39;;;;;;;;;;;;;;;;;;;;;;
-3.100;;;;;;;;;;;;;;;;;;;;;;;;;;;;;;;;;42.90;25.51;18.89;15.57;13.54;12.20;11.27;10.57;10.06;9.70;9.46;9.32;9.24;9.21;9.21;9.21;9.20;9.17;9.11;9.01;8.87;8.70;8.49;8.28;8.08;7.90;7.73;7.58;7.44;7.31;7.21;7.11;7.03;6.96;6.90;6.85;6.80;6.77;6.74;6.71;6.69;6.67;6.66;6.65;6.63;6.62;6.61;6.60;6.59;6.58;6.58;6.57;6.56;6.56;6.56;6.57;6.57;6.59;6.60;6.63;6.66;6.71;6.79;6.90;7.04;7.18;7.33;7.48;7.63;7.78;7.92;8.05;8.16;8.25;8.33;8.40;8.48;8.59;8.77;8.98;9.23;9.51;9.82;10.19;10.60;11.08;11.62;;;;;;;;;;;;;;;;;;;;;;;
-3.200;;;;;;;;;;;;;;;;;;;;;;;;;;;;;;;;;;35.29;22.71;17.67;14.86;13.12;11.94;11.11;10.49;10.03;9.72;9.51;9.39;9.32;9.30;9.31;9.31;9.31;9.28;9.23;9.13;9.01;8.85;8.66;8.46;8.26;8.07;7.90;7.74;7.60;7.47;7.36;7.26;7.17;7.10;7.03;6.97;6.92;6.88;6.84;6.81;6.78;6.75;6.73;6.71;6.69;6.67;6.66;6.65;6.63;6.62;6.62;6.62;6.62;6.62;6.63;6.65;6.67;6.70;6.75;6.81;6.91;7.03;7.16;7.29;7.42;7.56;7.70;7.83;7.96;8.07;8.17;8.26;8.34;8.41;8.49;8.61;8.80;9.03;9.29;9.59;9.93;10.32;10.78;11.30;11.92;12.64;;;;;;;;;;;;;;;;;;;;;;;
-3.300;;;;;;;;;;;;;;;;;;;;;;;;;;;;;;;;;;;29.75;20.94;16.74;14.35;12.81;11.76;11.01;10.45;10.05;9.76;9.58;9.46;9.42;9.40;9.41;9.42;9.42;9.40;9.35;9.27;9.15;9.01;8.84;8.65;8.46;8.27;8.09;7.93;7.78;7.65;7.54;7.43;7.34;7.25;7.18;7.11;7.06;7.00;6.96;6.92;6.88;6.85;6.82;6.79;6.77;6.75;6.73;6.72;6.71;6.71;6.71;6.71;6.72;6.74;6.77;6.81;6.87;6.96;7.06;7.17;7.29;7.41;7.53;7.66;7.78;7.90;8.01;8.11;8.20;8.28;8.35;8.43;8.52;8.65;8.85;9.09;9.37;9.69;10.06;10.50;10.99;11.59;12.28;13.13;;;;;;;;;;;;;;;;;;;;;;;;
-3.400;;;;;;;;;;;;;;;;;;;;;;;;;;;;;;;;;;;47.01;26.77;19.63;16.09;13.99;12.60;11.65;10.96;10.46;10.08;9.83;9.65;9.56;9.51;9.50;9.50;9.52;9.52;9.51;9.47;9.40;9.30;9.17;9.03;8.86;8.68;8.50;8.32;8.15;8.00;7.86;7.73;7.62;7.52;7.43;7.35;7.28;7.21;7.15;7.10;7.05;7.01;6.97;6.94;6.91;6.89;6.87;6.85;6.84;6.84;6.85;6.86;6.88;6.92;6.98;7.05;7.14;7.23;7.33;7.44;7.54;7.65;7.76;7.86;7.96;8.06;8.14;8.23;8.30;8.37;8.45;8.56;8.71;8.92;9.19;9.49;9.84;10.25;10.72;11.29;11.95;12.77;13.75;;;;;;;;;;;;;;;;;;;;;;;;;
-3.500;;;;;;;;;;;;;;;;;;;;;;;;;;;;;;;;;;;;41.06;24.66;18.77;15.65;13.74;12.49;11.60;10.97;10.49;10.15;9.90;9.75;9.65;9.60;9.59;9.60;9.61;9.62;9.61;9.58;9.52;9.44;9.33;9.20;9.06;8.90;8.73;8.56;8.40;8.24;8.09;7.96;7.84;7.73;7.63;7.54;7.46;7.39;7.33;7.27;7.22;7.17;7.13;7.10;7.07;7.05;7.03;7.03;7.04;7.05;7.09;7.14;7.20;7.27;7.34;7.42;7.50;7.59;7.68;7.77;7.86;7.94;8.03;8.11;8.19;8.26;8.33;8.40;8.49;8.61;8.79;9.02;9.31;9.64;10.03;10.48;11.02;11.65;12.43;13.37;14.58;;;;;;;;;;;;;;;;;;;;;;;;;;
-3.600;;;;;;;;;;;;;;;;;;;;;;;;;;;;;;;;;;;;;35.18;23.28;18.17;15.35;13.61;12.43;11.61;11.00;10.57;10.23;10.00;9.84;9.74;9.69;9.68;9.68;9.69;9.69;9.69;9.67;9.62;9.56;9.47;9.36;9.24;9.10;8.96;8.81;8.66;8.51;8.36;8.23;8.10;7.98;7.87;7.77;7.68;7.60;7.53;7.47;7.42;7.37;7.34;7.32;7.31;7.30;7.31;7.33;7.36;7.40;7.44;7.49;7.55;7.61;7.67;7.74;7.81;7.88;7.96;8.03;8.10;8.16;8.23;8.30;8.37;8.45;8.55;8.69;8.89;9.16;9.47;9.84;10.27;10.78;11.38;12.13;13.02;14.17;15.62;;;;;;;;;;;;;;;;;;;;;;;;;;;
-3.700;;;;;;;;;;;;;;;;;;;;;;;;;;;;;;;;;;;;;;33.13;22.50;17.83;15.23;13.56;12.45;11.65;11.08;10.65;10.34;10.10;9.94;9.84;9.78;9.75;9.75;9.75;9.75;9.75;9.73;9.70;9.65;9.58;9.49;9.39;9.27;9.15;9.02;8.89;8.76;8.63;8.50;8.38;8.27;8.16;8.06;7.98;7.90;7.83;7.77;7.73;7.69;7.66;7.64;7.63;7.63;7.64;7.66;7.68;7.72;7.75;7.79;7.84;7.89;7.94;7.99;8.05;8.10;8.16;8.22;8.28;8.34;8.42;8.51;8.63;8.80;9.04;9.33;9.68;10.09;10.58;11.16;11.87;12.74;13.84;15.24;17.14;;;;;;;;;;;;;;;;;;;;;;;;;;;;
-3.800;;;;;;;;;;;;;;;;;;;;;;;;;;;;;;;;;;;;;;;31.11;21.95;17.68;15.18;13.61;12.51;11.75;11.18;10.77;10.45;10.22;10.04;9.93;9.86;9.82;9.80;9.79;9.79;9.78;9.77;9.74;9.70;9.65;9.58;9.49;9.40;9.30;9.19;9.07;8.96;8.84;8.73;8.62;8.52;8.42;8.34;8.25;8.18;8.12;8.06;8.02;7.98;7.95;7.93;7.92;7.92;7.92;7.93;7.95;7.97;8.00;8.03;8.06;8.10;8.14;8.18;8.23;8.28;8.33;8.40;8.48;8.59;8.74;8.95;9.22;9.55;9.94;10.41;10.97;11.64;12.47;13.52;14.86;16.66;19.12;;;;;;;;;;;;;;;;;;;;;;;;;;;;;
-3.900;;;;;;;;;;;;;;;;;;;;;;;;;;;;;;;;;;;;;;;;;21.99;17.73;15.32;13.73;12.66;11.88;11.33;10.90;10.58;10.34;10.16;10.02;9.94;9.88;9.84;9.82;9.81;9.79;9.78;9.75;9.71;9.67;9.61;9.54;9.47;9.38;9.29;9.19;9.09;8.99;8.89;8.80;8.71;8.62;8.54;8.47;8.40;8.34;8.29;8.24;8.21;8.18;8.15;8.14;8.13;8.13;8.13;8.14;8.15;8.17;8.20;8.22;8.26;8.30;8.34;8.40;8.48;8.58;8.72;8.90;9.16;9.47;9.84;10.29;10.83;11.48;12.29;13.31;14.61;16.37;18.78;22.50;;;;;;;;;;;;;;;;;;;;;;;;;;;;;;
-4.000;;;;;;;;;;;;;;;;;;;;;;;;;;;;;;;;;;;;;;;;;;22.02;17.94;15.48;13.93;12.83;12.06;11.48;11.05;10.72;10.47;10.27;10.12;10.01;9.93;9.87;9.83;9.80;9.78;9.75;9.73;9.69;9.65;9.60;9.54;9.48;9.40;9.33;9.25;9.16;9.07;8.99;8.91;8.82;8.75;8.67;8.60;8.54;8.49;8.44;8.39;8.36;8.33;8.30;8.29;8.27;8.27;8.27;8.27;8.29;8.31;8.34;8.38;8.43;8.50;8.59;8.72;8.89;9.12;9.42;9.78;10.20;10.72;11.35;12.12;13.10;14.35;16.03;18.32;21.78;27.24;;;;;;;;;;;;;;;;;;;;;;;;;;;;;;;
-4.100;;;;;;;;;;;;;;;;;;;;;;;;;;;;;;;;;;;;;;;;;;;22.85;18.40;15.90;14.23;13.12;12.29;11.70;11.23;10.89;10.61;10.39;10.22;10.09;9.98;9.91;9.84;9.79;9.75;9.72;9.68;9.64;9.60;9.55;9.49;9.44;9.37;9.30;9.23;9.16;9.08;9.01;8.94;8.86;8.79;8.73;8.67;8.61;8.56;8.51;8.47;8.44;8.41;8.39;8.38;8.37;8.37;8.38;8.40;8.44;8.48;8.55;8.64;8.76;8.93;9.15;9.43;9.77;10.18;10.69;11.30;12.07;13.02;14.27;15.93;18.24;21.74;27.46;39.91;;;;;;;;;;;;;;;;;;;;;;;;;;;;;;;;
-4.200;;;;;;;;;;;;;;;;;;;;;;;;;;;;;;;;;;;;;;;;;;;;23.53;19.04;16.32;14.63;13.41;12.57;11.92;11.44;11.06;10.76;10.52;10.33;10.17;10.04;9.94;9.85;9.78;9.72;9.67;9.62;9.57;9.52;9.47;9.42;9.37;9.31;9.24;9.18;9.11;9.05;8.98;8.92;8.86;8.79;8.74;8.69;8.64;8.59;8.56;8.53;8.50;8.49;8.48;8.48;8.49;8.52;8.56;8.63;8.71;8.83;8.99;9.21;9.48;9.81;10.21;10.69;11.29;12.03;12.96;14.17;15.77;18.00;21.30;26.60;36.93;;;;;;;;;;;;;;;;;;;;;;;;;;;;;;;;;;
-4.300;;;;;;;;;;;;;;;;;;;;;;;;;;;;;;;;;;;;;;;;;;;;;;20.07;17.13;15.17;13.89;12.93;12.24;11.70;11.28;10.95;10.68;10.46;10.28;10.13;10.00;9.89;9.80;9.72;9.65;9.58;9.52;9.46;9.40;9.35;9.29;9.23;9.17;9.12;9.06;9.00;8.94;8.89;8.83;8.78;8.74;8.70;8.67;8.64;8.62;8.61;8.61;8.62;8.65;8.69;8.75;8.84;8.97;9.13;9.34;9.61;9.93;10.32;10.81;11.40;12.15;13.08;14.31;15.95;18.27;21.75;27.61;40.27;92.52;;;;;;;;;;;;;;;;;;;;;;;;;;;;;;;;;;;
-4.400;;;;;;;;;;;;;;;;;;;;;;;;;;;;;;;;;;;;;;;;;;;;;;;21.41;17.95;15.87;14.40;13.37;12.59;12.00;11.53;11.16;10.86;10.62;10.41;10.23;10.08;9.95;9.84;9.74;9.65;9.57;9.49;9.43;9.36;9.30;9.24;9.19;9.13;9.08;9.03;8.98;8.93;8.89;8.85;8.82;8.79;8.77;8.76;8.76;8.78;8.81;8.85;8.92;9.02;9.15;9.31;9.53;9.78;10.10;10.49;10.97;11.55;12.29;13.22;14.45;16.06;18.36;21.73;27.31;38.11;67.90;83.54;;;;;;;;;;;;;;;;;;;;;;;;;;;;;;;;;;;;
-4.500;;;;;;;;;;;;;;;;;;;;;;;;;;;;;;;;;;;;;;;;;;;;;;;;;19.53;16.90;15.22;13.99;13.10;12.41;11.88;11.46;11.11;10.83;10.59;10.39;10.22;10.07;9.94;9.82;9.72;9.62;9.54;9.47;9.40;9.33;9.27;9.22;9.17;9.12;9.08;9.05;9.02;9.00;8.98;8.98;8.99;9.01;9.05;9.10;9.18;9.28;9.42;9.59;9.81;10.07;10.40;10.79;11.29;11.89;12.66;13.64;14.94;16.68;19.21;23.02;29.84;45.36;166.13;-3.79;;;;;;;;;;;;;;;;;;;;;;;;;;;;;;;;;;;;;;
-4.600;;;;;;;;;;;;;;;;;;;;;;;;;;;;;;;;;;;;;;;;;;;;;;;;;;;18.20;16.15;14.75;13.70;12.92;12.31;11.82;11.42;11.10;10.83;10.60;10.41;10.24;10.09;9.97;9.85;9.75;9.67;9.59;9.52;9.46;9.40;9.36;9.32;9.29;9.27;9.26;9.26;9.28;9.30;9.35;9.41;9.50;9.61;9.75;9.93;10.15;10.42;10.75;11.15;11.66;12.28;13.08;14.08;15.44;17.22;19.84;23.71;30.52;44.22;92.81;942.17;;;;;;;;;;;;;;;;;;;;;;;;;;;;;;;;;;;;;;;;
-4.700;;;;;;;;;;;;;;;;;;;;;;;;;;;;;;;;;;;;;;;;;;;;;;;;;;;;;17.76;15.94;14.66;13.69;12.95;12.37;11.90;11.52;11.20;10.94;10.71;10.52;10.36;10.22;10.10;10.00;9.92;9.84;9.78;9.74;9.70;9.68;9.66;9.66;9.68;9.71;9.76;9.83;9.93;10.05;10.21;10.40;10.64;10.93;11.29;11.73;12.29;12.98;13.87;15.00;16.55;18.64;21.86;26.85;37.08;67.48;-2.36;-24.66;;;;;;;;;;;;;;;;;;;;;;;;;;;;;;;;;;;;;;;;;;
-4.800;;;;;;;;;;;;;;;;;;;;;;;;;;;;;;;;;;;;;;;;;;;;;;;;;;;;;;;17.53;15.89;14.71;13.80;13.10;12.54;12.09;11.72;11.41;11.16;10.95;10.77;10.62;10.50;10.40;10.32;10.26;10.22;10.19;10.19;10.20;10.23;10.28;10.36;10.46;10.59;10.76;10.97;11.23;11.55;11.95;12.43;13.04;13.80;14.79;16.05;17.80;20.18;23.88;29.71;43.66;48.90;557.94;-129.20;;;;;;;;;;;;;;;;;;;;;;;;;;;;;;;;;;;;;;;;;;;;
-4.900;;;;;;;;;;;;;;;;;;;;;;;;;;;;;;;;;;;;;;;;;;;;;;;;;;;;;;;;;;16.40;15.20;14.29;13.58;13.02;12.56;12.20;11.89;11.65;11.45;11.30;11.17;11.08;11.02;10.98;10.98;11.00;11.04;11.12;11.23;11.38;11.57;11.81;12.11;12.49;12.95;13.53;14.26;15.18;16.39;17.99;20.26;23.51;28.97;38.72;70.62;1163.18;7.72;-177.39;;;;;;;;;;;;;;;;;;;;;;;;;;;;;;;;;;;;;;;;;;;;;;
-5.000;;;;;;;;;;;;;;;;;;;;;;;;;;;;;;;;;;;;;;;;;;;;;;;;;;;;;;;;;;;;17.31;16.08;15.14;14.41;13.84;13.39;13.03;12.75;12.53;12.37;12.25;12.18;12.16;12.18;12.24;12.34;12.50;12.71;12.98;13.33;13.77;14.32;15.02;15.91;17.05;18.58;20.64;23.67;28.27;37.13;64.87;59.33;345.07;-139.17;;;;;;;;;;;;;;;;;;;;;;;;;;;;;;;;;;;;;;;;;;;;;;;;;
-5.100;;;;;;;;;;;;;;;;;;;;;;;;;;;;;;;;;;;;;;;;;;;;;;;;;;;;;;;;;;;;;;;;16.97;16.16;15.55;15.08;14.73;14.48;14.32;14.24;14.23;14.30;14.44;14.67;14.99;15.42;15.98;16.71;17.65;18.89;20.55;22.85;26.16;31.45;40.71;64.63;211.37;-94.01;;;;;;;;;;;;;;;;;;;;;;;;;;;;;;;;;;;;;;;;;;;;;;;;;;;;;
-5.200;;;;;;;;;;;;;;;;;;;;;;;;;;;;;;;;;;;;;;;;;;;;;;;;;;;;;;;;;;;;;;;;;;;;;18.48;18.21;18.09;18.13;18.31;18.67;19.20;19.97;21.01;22.44;24.41;27.25;31.58;39.08;61.68;24.60;;;;;;;;;;;;;;;;;;;;;;;;;;;;;;;;;;;;;;;;;;;;;;;;;;;;;;;;;;
-5.300;;;;;;;;;;;;;;;;;;;;;;;;;;;;;;;;;;;;;;;;;;;;;;;;;;;;;;;;;;;;;;;;;;;;;;;;;;;;;;;;;;;;;;;;;;;;;;;;;;;;;;;;;;;;;;;;;;;;;;;;;;;;;;;;;;;;;;;;;;;;;;
-5.400;;;;;;;;;;;;;;;;;;;;;;;;;;;;;;;;;;;;;;;;;;;;;;;;;;;;;;;;;;;;;;;;;;;;;;;;;;;;;;;;;;;;;;;;;;;;;;;;;;;;;;;;;;;;;;;;;;;;;;;;;;;;;;;;;;;;;;;;;;;;;;
-5.500;;;;;;;;;;;;;;;;;;;;;;;;;;;;;;;;;;;;;;;;;;;;;;;;;;;;;;;;;;;;;;;;;;;;;;;;;;;;;;;;;;;;;;;;;;;;;;;;;;;;;;;;;;;;;;;;;;;;;;;;;;;;;;;;;;;;;;;;;;;;;;
-5.600;;;;;;;;;;;;;;;;;;;;;;;;;;;;;;;;;;;;;;;;;;;;;;;;;;;;;;;;;;;;;;;;;;;;;;;;;;;;;;;;;;;;;;;;;;;;;;;;;;;;;;;;;;;;;;;;;;;;;;;;;;;;;;;;;;;;;;;;;;;;;;
-5.700;;;;;;;;;;;;;;;;;;;;;;;;;;;;;;;;;;;;;;;;;;;;;;;;;;;;;;;;;;;;;;;;;;;;;;;;;;;;;;;;;;;;;;;;;;;;;;;;;;;;;;;;;;;;;;;;;;;;;;;;;;;;;;;;;;;;;;;;;;;;;;
-5.800;;;;;;;;;;;;;;;;;;;;;;;;;;;;;;;;;;;;;;;;;;;;;;;;;;;;;;;;;;;;;;;;;;;;;;;;;;;;;;;;;;;;;;;;;;;;;;;;;;;;;;;;;;;;;;;;;;;;;;;;;;;;;;;;;;;;;;;;;;;;;;
-5.900;;;;;;;;;;;;;;;;;;;;;;;;;;;;;;;;;;;;;;;;;;;;;;;;;;;;;;;;;;;;;;;;;;;;;;;;;;;;;;;;;;;;;;;;;;;;;;;;;;;;;;;;;;;;;;;;;;;;;;;;;;;;;;;;;;;;;;;;;;;;;;
-6.000;;;;;;;;;;;;;;;;;;;;;;;;;;;;;;;;;;;;;;;;;;;;;;;;;;;;;;;;;;;;;;;;;;;;;;;;;;;;;;;;;;;;;;;;;;;;;;;;;;;;;;;;;;;;;;;;;;;;;;;;;;;;;;;;;;;;;;;;;;;;;;
-6.100;;;;;;;;;;;;;;;;;;;;;;;;;;;;;;;;;;;;;;;;;;;;;;;;;;;;;;;;;;;;;;;;;;;;;;;;;;;;;;;;;;;;;;;;;;;;;;;;;;;;;;;;;;;;;;;;;;;;;;;;;;;;;;;;;;;;;;;;;;;;;;
-6.200;;;;;;;;;;;;;;;;;;;;;;;;;;;;;;;;;;;;;;;;;;;;;;;;;;;;;;;;;;;;;;;;;;;;;;;;;;;;;;;;;;;;;;;;;;;;;;;;;;;;;;;;;;;;;;;;;;;;;;;;;;;;;;;;;;;;;;;;;;;;;;
-6.300;;;;;;;;;;;;;;;;;;;;;;;;;;;;;;;;;;;;;;;;;;;;;;;;;;;;;;;;;;;;;;;;;;;;;;;;;;;;;;;;;;;;;;;;;;;;;;;;;;;;;;;;;;;;;;;;;;;;;;;;;;;;;;;;;;;;;;;;;;;;;;
-6.400;;;;;;;;;;;;;;;;;;;;;;;;;;;;;;;;;;;;;;;;;;;;;;;;;;;;;;;;;;;;;;;;;;;;;;;;;;;;;;;;;;;;;;;;;;;;;;;;;;;;;;;;;;;;;;;;;;;;;;;;;;;;;;;;;;;;;;;;;;;;;;
-6.500;;;;;;;;;;;;;;;;;;;;;;;;;;;;;;;;;;;;;;;;;;;;;;;;;;;;;;;;;;;;;;;;;;;;;;;;;;;;;;;;;;;;;;;;;;;;;;;;;;;;;;;;;;;;;;;;;;;;;;;;;;;;;;;;;;;;;;;;;;;;;;
-6.600;;;;;;;;;;;;;;;;;;;;;;;;;;;;;;;;;;;;;;;;;;;;;;;;;;;;;;;;;;;;;;;;;;;;;;;;;;;;;;;;;;;;;;;;;;;;;;;;;;;;;;;;;;;;;;;;;;;;;;;;;;;;;;;;;;;;;;;;;;;;;;
-6.700;;;;;;;;;;;;;;;;;;;;;;;;;;;;;;;;;;;;;;;;;;;;;;;;;;;;;;;;;;;;;;;;;;;;;;;;;;;;;;;;;;;;;;;;;;;;;;;;;;;;;;;;;;;;;;;;;;;;;;;;;;;;;;;;;;;;;;;;;;;;;;
-6.800;;;;;;;;;;;;;;;;;;;;;;;;;;;;;;;;;;;;;;;;;;;;;;;;;;;;;;;;;;;;;;;;;;;;;;;;;;;;;;;;;;;;;;;;;;;;;;;;;;;;;;;;;;;;;;;;;;;;;;;;;;;;;;;;;;;;;;;;;;;;;;
-6.900;;;;;;;;;;;;;;;;;;;;;;;;;;;;;;;;;;;;;;;;;;;;;;;;;;;;;;;;;;;;;;;;;;;;;;;;;;;;;;;;;;;;;;;;;;;;;;;;;;;;;;;;;;;;;;;;;;;;;;;;;;;;;;;;;;;;;;;;;;;;;;
-7.000;;;;;;;;;;;;;;;;;;;;;;;;;;;;;;;;;;;;;;;;;;;;;;;;;;;;;;;;;;;;;;;;;;;;;;;;;;;;;;;;;;;;;;;;;;;;;;;;;;;;;;;;;;;;;;;;;;;;;;;;;;;;;;;;;;;;;;;;;;;;;;
TANGENTIAL BACK;-7.000;-6.900;-6.800;-6.700;-6.600;-6.500;-6.400;-6.300;-6.200;-6.100;-6.000;-5.900;-5.800;-5.700;-5.600;-5.500;-5.400;-5.300;-5.200;-5.100;-5.000;-4.900;-4.800;-4.700;-4.600;-4.500;-4.400;-4.300;-4.200;-4.100;-4.000;-3.900;-3.800;-3.700;-3.600;-3.500;-3.400;-3.300;-3.200;-3.100;-3.000;-2.900;-2.800;-2.700;-2.600;-2.500;-2.400;-2.300;-2.200;-2.100;-2.000;-1.900;-1.800;-1.700;-1.600;-1.500;-1.400;-1.300;-1.200;-1.100;-1.000;-0.900;-0.800;-0.700;-0.600;-0.500;-0.400;-0.300;-0.200;-0.100;0.000;0.100;0.200;0.300;0.400;0.500;0.600;0.700;0.800;0.900;1.000;1.100;1.200;1.300;1.400;1.500;1.600;1.700;1.800;1.900;2.000;2.100;2.200;2.300;2.400;2.500;2.600;2.700;2.800;2.900;3.000;3.100;3.200;3.300;3.400;3.500;3.600;3.700;3.800;3.900;4.000;4.100;4.200;4.300;4.400;4.500;4.600;4.700;4.800;4.900;5.000;5.100;5.200;5.300;5.400;5.500;5.600;5.700;5.800;5.900;6.000;6.100;6.200;6.300;6.400;6.500;6.600;6.700;6.800;6.900;7.000;
7.000;;;;;;;;;;;;;;;;;;;;;;;;;;;;;;;;;;;;;;;;;;;;;;;;;;;;;;;;;;;;;;;;;;;;;;;;;;;;;;;;;;;;;;;;;;;;;;;;;;;;;;;;;;;;;;;;;;;;;;;;;;;;;;;;;;;;;;;;;;;;;;
6.900;;;;;;;;;;;;;;;;;;;;;;;;;;;;;;;;;;;;;;;;;;;;;;;;;;;;;;;;;;;;;;;;;;;;;;;;;;;;;;;;;;;;;;;;;;;;;;;;;;;;;;;;;;;;;;;;;;;;;;;;;;;;;;;;;;;;;;;;;;;;;;
6.800;;;;;;;;;;;;;;;;;;;;;;;;;;;;;;;;;;;;;;;;;;;;;;;;;;;;;;;;;;;;;;;;;;;;;;;;;;;;;;;;;;;;;;;;;;;;;;;;;;;;;;;;;;;;;;;;;;;;;;;;;;;;;;;;;;;;;;;;;;;;;;
6.700;;;;;;;;;;;;;;;;;;;;;;;;;;;;;;;;;;;;;;;;;;;;;;;;;;;;;;;;;;;;;;;;;;;;;;;;;;;;;;;;;;;;;;;;;;;;;;;;;;;;;;;;;;;;;;;;;;;;;;;;;;;;;;;;;;;;;;;;;;;;;;
6.600;;;;;;;;;;;;;;;;;;;;;;;;;;;;;;;;;;;;;;;;;;;;;;;;;;;;;;;;;;;;;;;;;;;;;;;;;;;;;;;;;;;;;;;;;;;;;;;;;;;;;;;;;;;;;;;;;;;;;;;;;;;;;;;;;;;;;;;;;;;;;;
6.500;;;;;;;;;;;;;;;;;;;;;;;;;;;;;;;;;;;;;;;;;;;;;;;;;;;;;;;;;;;;;;;;;;;;;;;;;;;;;;;;;;;;;;;;;;;;;;;;;;;;;;;;;;;;;;;;;;;;;;;;;;;;;;;;;;;;;;;;;;;;;;
6.400;;;;;;;;;;;;;;;;;;;;;;;;;;;;;;;;;;;;;;;;;;;;;;;;;;;;;;;;;;;;;;;;;;;;;;;;;;;;;;;;;;;;;;;;;;;;;;;;;;;;;;;;;;;;;;;;;;;;;;;;;;;;;;;;;;;;;;;;;;;;;;
6.300;;;;;;;;;;;;;;;;;;;;;;;;;;;;;;;;;;;;;;;;;;;;;;;;;;;;;;;;;;;;;;;;;;;;;;;;;;;;;;;;;;;;;;;;;;;;;;;;;;;;;;;;;;;;;;;;;;;;;;;;;;;;;;;;;;;;;;;;;;;;;;
6.200;;;;;;;;;;;;;;;;;;;;;;;;;;;;;;;;;;;;;;;;;;;;;;;;;;;;;;;;;;;;;;;;;;;;;;;;;;;;;;;;;;;;;;;;;;;;;;;;;;;;;;;;;;;;;;;;;;;;;;;;;;;;;;;;;;;;;;;;;;;;;;
6.100;;;;;;;;;;;;;;;;;;;;;;;;;;;;;;;;;;;;;;;;;;;;;;;;;;;;;;;;;;;;;;;;;;;;;;;;;;;;;;;;;;;;;;;;;;;;;;;;;;;;;;;;;;;;;;;;;;;;;;;;;;;;;;;;;;;;;;;;;;;;;;
6.000;;;;;;;;;;;;;;;;;;;;;;;;;;;;;;;;;;;;;;;;;;;;;;;;;;;;;;;;;;;;;;;;;;;;;;;;;;;;;;;;;;;;;;;;;;;;;;;;;;;;;;;;;;;;;;;;;;;;;;;;;;;;;;;;;;;;;;;;;;;;;;
5.900;;;;;;;;;;;;;;;;;;;;;;;;;;;;;;;;;;;;;;;;;;;;;;;;;;;;;;;;;;;;;;;;;;;;;;;;;;;;;;;;;;;;;;;;;;;;;;;;;;;;;;;;;;;;;;;;;;;;;;;;;;;;;;;;;;;;;;;;;;;;;;
5.800;;;;;;;;;;;;;;;;;;;;;;;;;;;;;;;;;;;;;;;;;;;;;;;;;;;;;;;;;;;;;;;;;;;;;;;;;;;;;;;;;;;;;;;;;;;;;;;;;;;;;;;;;;;;;;;;;;;;;;;;;;;;;;;;;;;;;;;;;;;;;;
5.700;;;;;;;;;;;;;;;;;;;;;;;;;;;;;;;;;;;;;;;;;;;;;;;;;;;;;;;;;;;;;;;;;;;;;;;;;;;;;;;;;;;;;;;;;;;;;;;;;;;;;;;;;;;;;;;;;;;;;;;;;;;;;;;;;;;;;;;;;;;;;;
5.600;;;;;;;;;;;;;;;;;;;;;;;;;;;;;;;;;;;;;;;;;;;;;;;;;;;;;;;;;;;;;;;;;;;;;;;;;;;;;;;;;;;;;;;;;;;;;;;;;;;;;;;;;;;;;;;;;;;;;;;;;;;;;;;;;;;;;;;;;;;;;;
5.500;;;;;;;;;;;;;;;;;;;;;;;;;;;;;;;;;;;;;;;;;;;;;;;;;;;;;;;;;;;;;;;;;;;;;;;;;;;;;;;;;;;;;;;;;;;;;;;;;;;;;;;;;;;;;;;;;;;;;;;;;;;;;;;;;;;;;;;;;;;;;;
5.400;;;;;;;;;;;;;;;;;;;;;;;;;;;;;;;;;;;;;;;;;;;;;;;;;;;;;;;;;;;;;;;;;;;;;;;;;;;;;;;;;;;;;;;;;;;;;;;;;;;;;;;;;;;;;;;;;;;;;;;;;;;;;;;;;;;;;;;;;;;;;;
5.300;;;;;;;;;;;;;;;;;;;;;;;;;;;;;;;;;;;;;;;;;;;;;;;;;;;;;;;;;;;;;;;;;;;;;;;;;;;;;;;;;;;;;;;;;;;;;;;;;;;;;;;;;;;;;;;;;;;;;;;;;;;;;;;;;;;;;;;;;;;;;;
5.200;;;;;;;;;;;;;;;;;;;;;;;;;;;;;;;;;;;;;;;;;;;;;;;;;;;;;;;;;;;;;;;;;;;;;;;;;;;;;;;;;;;;;;;;;;;;;;;;;;;;;;;;;;;;;;;;;;;;;;;;;;;;;;;;;;;;;;;;;;;;;;
5.100;;;;;;;;;;;;;;;;;;;;;;;;;;;;;;;;;;;;;;;;;;;;;;;;;;;;;;;;;;;;;;;;;;;;;;;;;;;;;;;;;;;;;;;;;;;;;;;;;;;;;;;;;;;;;;;;;;;;;;;;;;;;;;;;;;;;;;;;;;;;;;
5.000;;;;;;;;;;;;;;;;;;;;;;;;;;;;;;;;;;;;;;;;;;;;;;;;;;;;;;;;;;;;;;;;;;;;;;;;;;;;;;;;;;;;;;;;;;;;;;;;;;;;;;;;;;;;;;;;;;;;;;;;;;;;;;;;;;;;;;;;;;;;;;
4.900;;;;;;;;;;;;;;;;;;;;;;;;;;;;;;;;;;;;;;;;;;;;;;;;;;;;;;;;;;;;;;;;;;;22.06;22.36;22.87;23.62;24.57;25.74;27.07;28.55;30.08;31.54;32.80;33.65;34.00;33.74;32.90;31.59;29.99;;;;;;;;;;;;;;;;;;;;;;;;;;;;;;;;;;;;;;;;;;;;;;;;;;;;;;;;;;;
4.800;;;;;;;;;;;;;;;;;;;;;;;;;;;;;;;;;;;;;;;;;;;;;;;;;;;;;;;;;;;;;;23.01;22.01;21.34;20.94;20.79;20.84;21.12;21.59;22.27;23.13;24.19;25.41;26.77;28.19;29.58;30.82;31.74;32.26;32.25;31.75;30.79;29.52;28.08;26.62;25.24;24.04;23.04;;;;;;;;;;;;;;;;;;;;;;;;;;;;;;;;;;;;;;;;;;;;;;;;;;;;;;
4.700;;;;;;;;;;;;;;;;;;;;;;;;;;;;;;;;;;;;;;;;;;;;;;;;;;;;;;;;;;;26.37;24.14;22.50;21.30;20.44;19.86;19.51;19.37;19.42;19.66;20.06;20.65;21.39;22.31;23.36;24.53;25.75;26.95;28.05;28.91;29.45;29.59;29.32;28.68;27.75;26.66;25.51;24.41;23.43;22.63;22.05;21.71;21.69;;;;;;;;;;;;;;;;;;;;;;;;;;;;;;;;;;;;;;;;;;;;;;;;;;;
4.600;;;;;;;;;;;;;;;;;;;;;;;;;;;;;;;;;;;;;;;;;;;;;;;;;;;;;;;;;29.52;26.19;23.76;21.94;20.58;19.57;18.84;18.34;18.04;17.92;17.95;18.15;18.49;18.98;19.61;20.37;21.24;22.21;23.22;24.21;25.12;25.86;26.37;26.56;26.46;26.05;25.41;24.63;23.78;22.95;22.20;21.59;21.17;20.96;21.02;21.38;22.18;23.47;;;;;;;;;;;;;;;;;;;;;;;;;;;;;;;;;;;;;;;;;;;;;;;;
4.500;;;;;;;;;;;;;;;;;;;;;;;;;;;;;;;;;;;;;;;;;;;;;;;;;;;;;;40.97;34.13;29.30;25.86;23.29;21.36;19.89;18.77;17.93;17.31;16.89;16.63;16.52;16.54;16.71;16.98;17.39;17.91;18.54;19.25;20.03;20.84;21.64;22.38;22.98;23.41;23.61;23.58;23.32;22.89;22.33;21.72;21.11;20.56;20.12;19.83;19.72;19.84;20.21;20.97;22.16;24.12;27.09;;;;;;;;;;;;;;;;;;;;;;;;;;;;;;;;;;;;;;;;;;;;;;
4.400;;;;;;;;;;;;;;;;;;;;;;;;;;;;;;;;;;;;;;;;;;;;;;;;;;;;48.91;39.75;33.27;28.71;25.28;22.72;20.75;19.22;18.03;17.11;16.41;15.89;15.54;15.31;15.21;15.23;15.36;15.58;15.92;16.34;16.85;17.42;18.05;18.69;19.33;19.91;20.39;20.73;20.91;20.92;20.76;20.47;20.08;19.65;19.21;18.82;18.52;18.33;18.29;18.44;18.81;19.50;20.55;22.23;24.69;28.82;35.79;;;;;;;;;;;;;;;;;;;;;;;;;;;;;;;;;;;;;;;;;;;;
4.300;;;;;;;;;;;;;;;;;;;;;;;;;;;;;;;;;;;;;;;;;;;;;;;;;;;45.63;37.75;32.12;27.84;24.62;22.10;20.15;18.60;17.38;16.41;15.65;15.07;14.63;14.32;14.12;14.04;14.04;14.15;14.33;14.61;14.95;15.36;15.82;16.33;16.84;17.34;17.80;18.18;18.45;18.60;18.62;18.52;18.31;18.04;17.72;17.41;17.13;16.92;16.81;16.81;16.98;17.33;17.94;18.83;20.23;22.22;25.42;30.51;40.57;65.94;;;;;;;;;;;;;;;;;;;;;;;;;;;;;;;;;;;;;;;;;;
4.200;;;;;;;;;;;;;;;;;;;;;;;;;;;;;;;;;;;;;;;;;;;;;;;;;48.16;40.73;34.93;30.25;26.62;23.68;21.37;19.49;17.98;16.76;15.78;14.98;14.35;13.86;13.49;13.23;13.06;12.98;12.98;13.06;13.21;13.43;13.71;14.05;14.42;14.82;15.23;15.62;15.98;16.28;16.49;16.61;16.64;16.56;16.42;16.22;15.99;15.76;15.57;15.42;15.36;15.40;15.57;15.88;16.41;17.17;18.31;19.91;22.36;26.06;32.63;45.70;89.61;;;;;;;;;;;;;;;;;;;;;;;;;;;;;;;;;;;;;;;;;
4.100;;;;;;;;;;;;;;;;;;;;;;;;;;;;;;;;;;;;;;;;;;;;;;;46.66;41.22;36.29;31.95;28.31;25.22;22.69;20.57;18.84;17.39;16.20;15.22;14.41;13.76;13.23;12.81;12.49;12.26;12.12;12.05;12.04;12.11;12.23;12.41;12.64;12.91;13.21;13.54;13.87;14.18;14.46;14.69;14.86;14.95;14.97;14.92;14.81;14.66;14.49;14.32;14.18;14.08;14.05;14.10;14.26;14.54;15.00;15.64;16.58;17.87;19.77;22.52;27.03;34.92;53.74;69.16;-167.21;;;;;;;;;;;;;;;;;;;;;;;;;;;;;;;;;;;;;;;
4.000;;;;;;;;;;;;;;;;;;;;;;;;;;;;;;;;;;;;;;;;;;;;;;38.22;35.02;31.82;28.82;26.06;23.63;21.50;19.68;18.10;16.78;15.65;14.70;13.90;13.23;12.68;12.24;11.88;11.61;11.41;11.28;11.21;11.21;11.26;11.36;11.50;11.69;11.92;12.16;12.42;12.69;12.94;13.16;13.34;13.47;13.54;13.55;13.51;13.42;13.31;13.18;13.05;12.95;12.88;12.88;12.93;13.08;13.33;13.73;14.27;15.04;16.08;17.57;19.64;22.82;27.87;37.60;62.62;344.37;-969.68;;;;;;;;;;;;;;;;;;;;;;;;;;;;;;;;;;;;;;
3.900;;;;;;;;;;;;;;;;;;;;;;;;;;;;;;;;;;;;;;;;;;;;;32.29;30.27;28.13;25.99;23.95;22.03;20.30;18.74;17.37;16.16;15.12;14.21;13.44;12.78;12.22;11.76;11.38;11.07;10.83;10.66;10.54;10.49;10.47;10.51;10.60;10.72;10.87;11.06;11.26;11.47;11.69;11.89;12.06;12.20;12.30;12.35;12.36;12.32;12.25;12.16;12.06;11.96;11.88;11.84;11.84;11.91;12.05;12.27;12.61;13.06;13.71;14.56;15.75;17.34;19.69;23.16;29.10;40.80;77.63;-2177.21;-152.95;;;;;;;;;;;;;;;;;;;;;;;;;;;;;;;;;;;;;
3.800;;;;;;;;;;;;;;;;;;;;;;;;;;;;;;;;;;;;;;;;;;;29.06;27.82;26.43;24.94;23.41;21.89;20.43;19.04;17.76;16.58;15.52;14.57;13.74;13.00;12.37;11.82;11.35;10.95;10.62;10.36;10.15;10.00;9.89;9.84;9.83;9.86;9.92;10.03;10.15;10.31;10.47;10.65;10.82;10.98;11.12;11.23;11.31;11.34;11.34;11.31;11.25;11.17;11.09;11.01;10.95;10.92;10.94;11.00;11.12;11.32;11.62;12.01;12.55;13.26;14.21;15.47;17.24;19.72;23.61;30.14;43.86;97.74;-76.50;-85.91;-35.83;;;;;;;;;;;;;;;;;;;;;;;;;;;;;;;;;;;
3.700;;;;;;;;;;;;;;;;;;;;;;;;;;;;;;;;;;;;;;;;;;25.64;24.62;23.54;22.41;21.26;20.10;18.95;17.84;16.78;15.80;14.88;14.04;13.28;12.60;11.99;11.46;10.99;10.59;10.25;9.96;9.73;9.55;9.41;9.32;9.27;9.26;9.28;9.33;9.42;9.53;9.65;9.79;9.94;10.08;10.21;10.32;10.40;10.46;10.48;10.48;10.44;10.39;10.32;10.25;10.19;10.15;10.13;10.15;10.21;10.32;10.50;10.75;11.09;11.56;12.15;12.93;13.94;15.32;17.18;19.92;24.09;31.47;47.99;130.05;142.84;-74.49;-33.43;;;;;;;;;;;;;;;;;;;;;;;;;;;;;;;;;;
3.600;;;;;;;;;;;;;;;;;;;;;;;;;;;;;;;;;;;;;;;;;23.23;22.27;21.33;20.39;19.45;18.52;17.60;16.70;15.84;15.01;14.23;13.49;12.81;12.19;11.63;11.12;10.67;10.27;9.93;9.63;9.38;9.18;9.02;8.90;8.81;8.77;8.75;8.77;8.81;8.89;8.98;9.08;9.20;9.32;9.43;9.54;9.62;9.69;9.73;9.74;9.73;9.70;9.65;9.59;9.53;9.48;9.45;9.43;9.45;9.51;9.62;9.77;10.00;10.30;10.69;11.19;11.85;12.68;13.77;15.21;17.21;20.07;24.58;32.52;50.34;210.19;218.92;-67.48;-32.64;;;;;;;;;;;;;;;;;;;;;;;;;;;;;;;;;
3.500;;;;;;;;;;;;;;;;;;;;;;;;;;;;;;;;;;;;;;;;21.62;20.63;19.70;18.84;18.01;17.21;16.43;15.68;14.96;14.26;13.59;12.95;12.35;11.80;11.28;10.81;10.38;9.99;9.65;9.35;9.09;8.88;8.69;8.55;8.44;8.37;8.32;8.31;8.32;8.36;8.42;8.49;8.58;8.68;8.78;8.87;8.96;9.03;9.07;9.10;9.11;9.09;9.06;9.01;8.96;8.91;8.87;8.84;8.83;8.85;8.90;9.00;9.14;9.34;9.60;9.95;10.38;10.93;11.62;12.52;13.66;15.19;17.27;20.31;25.05;33.52;54.32;298.58;707.55;-65.68;-33.04;;;;;;;;;;;;;;;;;;;;;;;;;;;;;;;;
3.400;;;;;;;;;;;;;;;;;;;;;;;;;;;;;;;;;;;;;;;20.62;19.52;18.55;17.67;16.88;16.14;15.45;14.79;14.16;13.56;12.98;12.43;11.90;11.40;10.94;10.50;10.10;9.74;9.41;9.11;8.85;8.62;8.43;8.27;8.14;8.04;7.97;7.93;7.91;7.92;7.95;8.00;8.07;8.14;8.22;8.30;8.38;8.45;8.50;8.54;8.56;8.56;8.54;8.51;8.46;8.41;8.37;8.33;8.31;8.30;8.32;8.37;8.46;8.59;8.77;9.00;9.30;9.68;10.15;10.74;11.48;12.41;13.61;15.19;17.36;20.49;25.37;34.14;53.87;373.67;280.66;-73.05;-35.09;;;;;;;;;;;;;;;;;;;;;;;;;;;;;;;
3.300;;;;;;;;;;;;;;;;;;;;;;;;;;;;;;;;;;;;;;20.15;18.87;17.79;16.86;16.04;15.31;14.65;14.04;13.47;12.93;12.42;11.93;11.46;11.02;10.60;10.21;9.84;9.50;9.18;8.89;8.63;8.40;8.20;8.03;7.89;7.77;7.68;7.62;7.58;7.56;7.57;7.60;7.64;7.69;7.76;7.82;7.89;7.95;8.01;8.05;8.08;8.09;8.08;8.06;8.03;7.98;7.94;7.90;7.86;7.84;7.84;7.86;7.91;7.99;8.10;8.27;8.47;8.74;9.07;9.48;9.99;10.61;11.38;12.36;13.59;15.23;17.44;20.62;25.57;34.18;54.94;232.29;190.23;-79.70;-38.83;;;;;;;;;;;;;;;;;;;;;;;;;;;;;;
3.200;;;;;;;;;;;;;;;;;;;;;;;;;;;;;;;;;;;;;;18.63;17.39;16.35;15.47;14.71;14.04;13.43;12.89;12.38;11.92;11.47;11.06;10.66;10.28;9.92;9.59;9.27;8.97;8.70;8.45;8.22;8.01;7.84;7.68;7.55;7.45;7.37;7.31;7.27;7.26;7.26;7.28;7.32;7.36;7.42;7.47;7.53;7.58;7.62;7.66;7.67;7.68;7.67;7.64;7.61;7.57;7.53;7.49;7.45;7.44;7.43;7.45;7.50;7.57;7.68;7.83;8.01;8.25;8.55;8.91;9.35;9.88;10.53;11.34;12.34;13.62;15.27;17.51;20.69;25.50;33.90;51.17;143.48;-52.00;-144.95;-46.67;;;;;;;;;;;;;;;;;;;;;;;;;;;;;
3.100;;;;;;;;;;;;;;;;;;;;;;;;;;;;;;;;;;;;;18.79;17.32;16.13;15.14;14.31;13.60;12.98;12.43;11.93;11.48;11.07;10.68;10.32;9.97;9.65;9.34;9.05;8.77;8.51;8.27;8.05;7.85;7.67;7.51;7.37;7.26;7.16;7.09;7.03;7.00;6.98;6.98;7.00;7.03;7.07;7.11;7.16;7.21;7.25;7.29;7.31;7.32;7.32;7.30;7.28;7.24;7.20;7.16;7.13;7.10;7.08;7.08;7.10;7.14;7.21;7.31;7.44;7.61;7.83;8.09;8.41;8.80;9.26;9.82;10.50;11.32;12.35;13.64;15.30;17.52;20.60;25.23;32.73;48.37;97.40;-1888.13;-574.97;;;;;;;;;;;;;;;;;;;;;;;;;;;;;
3.000;;;;;;;;;;;;;;;;;;;;;;;;;;;;;;;;;;;;19.39;17.60;16.19;15.06;14.12;13.34;12.67;12.09;11.58;11.13;10.72;10.35;10.01;9.69;9.39;9.10;8.84;8.58;8.34;8.12;7.90;7.71;7.53;7.37;7.23;7.10;6.99;6.91;6.84;6.79;6.76;6.74;6.74;6.75;6.78;6.81;6.85;6.89;6.93;6.97;6.99;7.01;7.01;7.01;6.99;6.96;6.93;6.89;6.85;6.82;6.79;6.77;6.77;6.79;6.83;6.89;6.98;7.11;7.26;7.46;7.69;7.98;8.33;8.74;9.22;9.80;10.50;11.35;12.38;13.67;15.32;17.47;20.44;24.69;31.53;43.55;76.04;298.21;-289.49;;;;;;;;;;;;;;;;;;;;;;;;;;;;
2.900;;;;;;;;;;;;;;;;;;;;;;;;;;;;;;;;;;;20.48;18.24;16.54;15.20;14.13;13.24;12.50;11.88;11.34;10.86;10.45;10.08;9.74;9.43;9.15;8.88;8.63;8.40;8.17;7.96;7.76;7.58;7.41;7.25;7.10;6.97;6.86;6.76;6.68;6.62;6.57;6.54;6.53;6.53;6.54;6.56;6.59;6.62;6.65;6.69;6.71;6.73;6.75;6.75;6.74;6.71;6.69;6.65;6.61;6.58;6.54;6.52;6.50;6.50;6.52;6.55;6.62;6.70;6.81;6.96;7.14;7.35;7.61;7.92;8.28;8.71;9.22;9.81;10.52;11.37;12.41;13.68;15.28;17.34;20.07;23.94;29.60;39.34;58.05;25.60;302.83;;;;;;;;;;;;;;;;;;;;;;;;;;;
2.800;;;;;;;;;;;;;;;;;;;;;;;;;;;;;;;;;;;19.33;17.23;15.61;14.35;13.33;12.49;11.80;11.20;10.70;10.26;9.87;9.53;9.22;8.94;8.69;8.45;8.23;8.02;7.82;7.63;7.46;7.29;7.14;7.00;6.87;6.75;6.65;6.56;6.49;6.43;6.38;6.36;6.34;6.34;6.35;6.36;6.39;6.41;6.44;6.47;6.49;6.51;6.52;6.51;6.50;6.48;6.45;6.41;6.38;6.34;6.31;6.28;6.27;6.27;6.28;6.32;6.38;6.45;6.56;6.69;6.86;7.05;7.29;7.57;7.90;8.28;8.72;9.24;9.85;10.57;11.42;12.44;13.69;15.23;17.16;19.70;23.08;28.00;35.32;48.70;76.22;348.75;;;;;;;;;;;;;;;;;;;;;;;;;;
2.700;;;;;;;;;;;;;;;;;;;;;;;;;;;;;;;;;;21.00;18.29;16.31;14.79;13.60;12.63;11.84;11.18;10.62;10.14;9.73;9.37;9.05;8.77;8.51;8.28;8.07;7.87;7.68;7.51;7.34;7.19;7.04;6.90;6.78;6.66;6.55;6.46;6.38;6.31;6.26;6.22;6.19;6.17;6.17;6.18;6.19;6.21;6.24;6.26;6.28;6.30;6.31;6.31;6.31;6.29;6.27;6.24;6.20;6.17;6.13;6.10;6.08;6.07;6.07;6.08;6.11;6.17;6.24;6.34;6.46;6.61;6.79;7.01;7.26;7.56;7.90;8.30;8.76;9.29;9.90;10.62;11.46;12.46;13.65;15.10;16.90;19.15;22.12;26.04;31.77;40.23;55.84;;;;;;;;;;;;;;;;;;;;;;;;;;
2.600;;;;;;;;;;;;;;;;;;;;;;;;;;;;;;;;;23.42;19.88;17.36;15.51;14.08;12.94;12.03;11.28;10.65;10.12;9.67;9.27;8.94;8.64;8.38;8.14;7.93;7.74;7.56;7.39;7.24;7.09;6.95;6.82;6.70;6.59;6.48;6.38;6.30;6.22;6.16;6.11;6.07;6.05;6.03;6.03;6.03;6.04;6.06;6.08;6.10;6.12;6.13;6.14;6.14;6.13;6.12;6.09;6.06;6.03;5.99;5.96;5.93;5.91;5.89;5.89;5.91;5.94;5.99;6.06;6.15;6.26;6.40;6.57;6.77;7.00;7.28;7.59;7.94;8.35;8.82;9.35;9.97;10.68;11.51;12.48;13.62;14.99;16.63;18.69;21.23;24.60;29.01;35.46;44.88;;;;;;;;;;;;;;;;;;;;;;;;;
2.500;;;;;;;;;;;;;;;;;;;;;;;;;;;;;;;;;22.09;18.86;16.52;14.78;13.44;12.37;11.50;10.78;10.18;9.68;9.25;8.88;8.56;8.28;8.04;7.82;7.62;7.45;7.29;7.14;7.00;6.87;6.75;6.63;6.52;6.42;6.32;6.23;6.16;6.09;6.03;5.98;5.95;5.92;5.90;5.90;5.90;5.91;5.93;5.94;5.96;5.98;5.99;5.99;5.99;5.98;5.96;5.94;5.91;5.87;5.84;5.81;5.78;5.76;5.74;5.74;5.76;5.79;5.83;5.90;5.98;6.09;6.22;6.38;6.57;6.78;7.03;7.31;7.63;8.00;8.42;8.89;9.43;10.04;10.74;11.54;12.47;13.55;14.82;16.33;18.13;20.36;23.09;26.67;31.25;;;;;;;;;;;;;;;;;;;;;;;;;
2.400;;;;;;;;;;;;;;;;;;;;;;;;;;;;;;;;25.30;20.89;17.93;15.77;14.15;12.88;11.86;11.04;10.35;9.78;9.30;8.89;8.54;8.23;7.97;7.74;7.54;7.36;7.20;7.05;6.92;6.79;6.68;6.57;6.46;6.36;6.27;6.19;6.11;6.03;5.97;5.92;5.87;5.84;5.81;5.80;5.79;5.79;5.80;5.81;5.83;5.84;5.86;5.87;5.87;5.86;5.85;5.83;5.81;5.78;5.75;5.71;5.68;5.65;5.63;5.62;5.62;5.63;5.66;5.71;5.77;5.85;5.95;6.07;6.22;6.39;6.59;6.82;7.08;7.37;7.71;8.08;8.50;8.98;9.52;10.12;10.81;11.59;12.49;13.51;14.71;16.09;17.75;19.70;22.13;25.07;28.92;;;;;;;;;;;;;;;;;;;;;;;;
2.300;;;;;;;;;;;;;;;;;;;;;;;;;;;;;;;;23.73;19.80;17.10;15.09;13.57;12.37;11.41;10.62;9.97;9.43;8.96;8.57;8.23;7.95;7.70;7.48;7.29;7.13;6.98;6.84;6.72;6.61;6.50;6.41;6.31;6.23;6.14;6.07;5.99;5.93;5.87;5.82;5.78;5.74;5.72;5.70;5.70;5.70;5.70;5.71;5.73;5.74;5.75;5.76;5.76;5.76;5.74;5.73;5.70;5.67;5.64;5.61;5.57;5.55;5.53;5.52;5.52;5.53;5.56;5.60;5.66;5.73;5.83;5.94;6.08;6.24;6.43;6.64;6.88;7.15;7.45;7.79;8.17;8.60;9.08;9.61;10.21;10.87;11.63;12.49;13.46;14.58;15.87;17.37;19.15;21.25;23.86;27.02;;;;;;;;;;;;;;;;;;;;;;;
2.200;;;;;;;;;;;;;;;;;;;;;;;;;;;;;;;27.48;22.33;18.82;16.35;14.50;13.07;11.94;11.02;10.27;9.64;9.12;8.67;8.30;7.98;7.70;7.46;7.26;7.08;6.92;6.79;6.66;6.55;6.45;6.36;6.27;6.19;6.11;6.04;5.97;5.90;5.84;5.78;5.74;5.70;5.66;5.64;5.62;5.62;5.62;5.62;5.63;5.64;5.65;5.67;5.67;5.67;5.67;5.66;5.64;5.61;5.58;5.55;5.52;5.49;5.47;5.45;5.44;5.44;5.45;5.47;5.51;5.57;5.64;5.73;5.84;5.97;6.12;6.29;6.49;6.71;6.96;7.24;7.55;7.90;8.28;8.71;9.19;9.72;10.31;10.97;11.71;12.54;13.48;14.56;15.78;17.22;18.88;20.89;23.28;;;;;;;;;;;;;;;;;;;;;;;
2.100;;;;;;;;;;;;;;;;;;;;;;;;;;;;;;;25.53;21.07;17.93;15.68;13.96;12.62;11.54;10.67;9.95;9.35;8.85;8.42;8.06;7.75;7.48;7.26;7.06;6.89;6.75;6.62;6.51;6.41;6.31;6.23;6.15;6.08;6.01;5.94;5.88;5.82;5.76;5.71;5.67;5.63;5.60;5.57;5.56;5.55;5.55;5.55;5.56;5.57;5.58;5.59;5.60;5.60;5.59;5.58;5.56;5.54;5.51;5.48;5.45;5.42;5.40;5.38;5.37;5.37;5.38;5.40;5.44;5.49;5.56;5.65;5.75;5.87;6.01;6.17;6.36;6.56;6.80;7.05;7.34;7.66;8.01;8.40;8.83;9.31;9.83;10.42;11.07;11.80;12.61;13.54;14.58;15.79;17.17;18.82;20.75;23.13;;;;;;;;;;;;;;;;;;;;;;
2.000;;;;;;;;;;;;;;;;;;;;;;;;;;;;;;29.78;23.84;19.96;17.15;15.08;13.48;12.22;11.20;10.37;9.68;9.10;8.62;8.20;7.85;7.55;7.30;7.08;6.89;6.73;6.59;6.47;6.37;6.28;6.20;6.12;6.05;5.99;5.93;5.87;5.81;5.75;5.70;5.65;5.61;5.57;5.54;5.52;5.50;5.49;5.49;5.49;5.50;5.51;5.52;5.53;5.54;5.54;5.54;5.53;5.51;5.49;5.46;5.43;5.40;5.38;5.35;5.33;5.32;5.32;5.33;5.36;5.39;5.44;5.50;5.58;5.68;5.79;5.93;6.08;6.25;6.44;6.66;6.90;7.17;7.46;7.78;8.14;8.54;8.97;9.45;9.98;10.56;11.22;11.95;12.77;13.69;14.76;15.97;17.41;19.08;21.13;;;;;;;;;;;;;;;;;;;;;;
1.900;;;;;;;;;;;;;;;;;;;;;;;;;;;;;;27.27;22.35;18.96;16.44;14.55;13.05;11.87;10.90;10.10;9.44;8.88;8.41;8.01;7.67;7.38;7.13;6.92;6.74;6.59;6.46;6.35;6.25;6.17;6.09;6.03;5.97;5.91;5.85;5.80;5.75;5.70;5.65;5.61;5.56;5.53;5.50;5.47;5.46;5.45;5.44;5.45;5.46;5.47;5.48;5.49;5.50;5.50;5.50;5.49;5.47;5.45;5.42;5.40;5.37;5.34;5.32;5.30;5.29;5.29;5.30;5.32;5.35;5.40;5.46;5.53;5.62;5.73;5.86;6.00;6.16;6.34;6.54;6.76;7.01;7.29;7.59;7.92;8.28;8.68;9.12;9.61;10.15;10.74;11.41;12.16;13.00;13.96;15.06;16.36;17.86;19.70;;;;;;;;;;;;;;;;;;;;;;
1.800;;;;;;;;;;;;;;;;;;;;;;;;;;;;;30.96;25.20;21.07;18.10;15.83;14.08;12.68;11.56;10.64;9.87;9.23;8.69;8.24;7.85;7.52;7.23;7.00;6.79;6.62;6.47;6.35;6.24;6.15;6.08;6.01;5.95;5.89;5.84;5.80;5.75;5.70;5.66;5.61;5.57;5.53;5.50;5.46;5.44;5.42;5.41;5.41;5.41;5.42;5.43;5.44;5.46;5.46;5.47;5.47;5.46;5.45;5.43;5.40;5.38;5.35;5.32;5.30;5.28;5.27;5.27;5.28;5.30;5.33;5.37;5.43;5.50;5.58;5.68;5.80;5.93;6.08;6.25;6.44;6.65;6.88;7.14;7.42;7.73;8.07;8.44;8.85;9.31;9.81;10.36;10.98;11.68;12.46;13.36;14.38;15.59;17.00;18.72;20.80;;;;;;;;;;;;;;;;;;;;;
1.700;;;;;;;;;;;;;;;;;;;;;;;;;;;;;28.05;23.44;19.95;17.33;15.28;13.66;12.35;11.29;10.41;9.67;9.05;8.53;8.09;7.71;7.38;7.11;6.88;6.68;6.51;6.37;6.25;6.15;6.07;6.00;5.94;5.88;5.83;5.79;5.75;5.71;5.67;5.62;5.58;5.54;5.51;5.47;5.44;5.42;5.40;5.39;5.38;5.39;5.39;5.41;5.42;5.43;5.44;5.45;5.45;5.44;5.43;5.41;5.39;5.37;5.34;5.32;5.29;5.28;5.27;5.26;5.27;5.29;5.31;5.35;5.41;5.47;5.55;5.65;5.75;5.88;6.02;6.18;6.36;6.55;6.77;7.01;7.28;7.57;7.89;8.24;8.62;9.05;9.52;10.05;10.63;11.29;12.03;12.88;13.85;15.00;16.35;18.00;20.01;;;;;;;;;;;;;;;;;;;;;
1.600;;;;;;;;;;;;;;;;;;;;;;;;;;;;;25.73;21.98;19.00;16.67;14.80;13.30;12.07;11.06;10.21;9.50;8.90;8.39;7.96;7.59;7.27;7.00;6.78;6.58;6.42;6.28;6.17;6.07;5.99;5.93;5.87;5.83;5.79;5.75;5.71;5.68;5.64;5.60;5.57;5.53;5.49;5.46;5.43;5.40;5.38;5.37;5.36;5.37;5.38;5.39;5.41;5.42;5.43;5.44;5.45;5.44;5.43;5.42;5.40;5.37;5.35;5.32;5.30;5.28;5.27;5.27;5.27;5.29;5.31;5.35;5.40;5.46;5.53;5.62;5.72;5.84;5.97;6.12;6.29;6.47;6.68;6.90;7.15;7.43;7.73;8.06;8.43;8.84;9.29;9.79;10.34;10.98;11.69;12.51;13.45;14.57;15.88;17.50;19.48;;;;;;;;;;;;;;;;;;;;;
1.500;;;;;;;;;;;;;;;;;;;;;;;;;;;;27.55;23.83;20.74;18.18;16.10;14.39;12.99;11.83;10.86;10.05;9.36;8.78;8.28;7.85;7.49;7.18;6.91;6.69;6.50;6.34;6.21;6.10;6.01;5.93;5.87;5.82;5.78;5.75;5.71;5.68;5.65;5.62;5.59;5.56;5.52;5.48;5.45;5.42;5.39;5.37;5.36;5.35;5.36;5.37;5.38;5.40;5.42;5.44;5.45;5.45;5.45;5.45;5.43;5.41;5.39;5.36;5.34;5.32;5.30;5.29;5.28;5.28;5.29;5.32;5.35;5.39;5.45;5.52;5.60;5.69;5.80;5.93;6.07;6.23;6.40;6.60;6.81;7.05;7.31;7.60;7.91;8.27;8.66;9.09;9.57;10.11;10.72;11.42;12.22;13.14;14.24;15.54;17.14;19.12;21.73;;;;;;;;;;;;;;;;;;;;
1.400;;;;;;;;;;;;;;;;;;;;;;;;;;;;25.21;22.30;19.72;17.49;15.62;14.04;12.73;11.63;10.70;9.91;9.24;8.67;8.18;7.77;7.41;7.10;6.84;6.62;6.43;6.28;6.15;6.04;5.95;5.88;5.83;5.78;5.74;5.71;5.69;5.66;5.64;5.61;5.58;5.55;5.52;5.49;5.45;5.42;5.39;5.37;5.36;5.35;5.35;5.36;5.38;5.40;5.42;5.45;5.46;5.47;5.47;5.47;5.46;5.44;5.41;5.39;5.36;5.34;5.32;5.31;5.30;5.30;5.31;5.33;5.35;5.39;5.44;5.51;5.58;5.67;5.77;5.89;6.02;6.17;6.34;6.52;6.73;6.95;7.20;7.48;7.79;8.13;8.50;8.92;9.39;9.92;10.52;11.20;11.99;12.90;14.00;15.29;16.91;18.91;21.58;;;;;;;;;;;;;;;;;;;;
1.300;;;;;;;;;;;;;;;;;;;;;;;;;;;;23.36;21.05;18.87;16.91;15.22;13.75;12.52;11.46;10.57;9.80;9.15;8.59;8.11;7.70;7.35;7.04;6.78;6.57;6.38;6.23;6.10;5.99;5.91;5.84;5.79;5.75;5.71;5.69;5.67;5.65;5.63;5.61;5.59;5.56;5.53;5.50;5.46;5.43;5.40;5.38;5.36;5.35;5.36;5.37;5.39;5.41;5.44;5.47;5.49;5.50;5.50;5.50;5.49;5.47;5.45;5.42;5.40;5.37;5.35;5.33;5.32;5.32;5.33;5.34;5.36;5.40;5.44;5.50;5.57;5.65;5.75;5.86;5.98;6.13;6.28;6.46;6.66;6.87;7.11;7.38;7.68;8.01;8.37;8.78;9.24;9.76;10.35;11.03;11.81;12.72;13.82;15.12;16.76;18.81;21.55;;;;;;;;;;;;;;;;;;;;
1.200;;;;;;;;;;;;;;;;;;;;;;;;;;;23.54;21.91;20.05;18.18;16.44;14.89;13.52;12.35;11.34;10.47;9.72;9.08;8.53;8.06;7.65;7.30;7.00;6.74;6.52;6.34;6.19;6.06;5.95;5.87;5.81;5.76;5.72;5.69;5.67;5.65;5.64;5.63;5.61;5.59;5.57;5.54;5.51;5.48;5.44;5.41;5.39;5.37;5.36;5.36;5.38;5.40;5.43;5.46;5.49;5.52;5.54;5.54;5.54;5.53;5.51;5.49;5.46;5.44;5.41;5.39;5.37;5.35;5.35;5.35;5.36;5.38;5.41;5.45;5.50;5.56;5.64;5.73;5.83;5.95;6.08;6.23;6.40;6.59;6.80;7.03;7.29;7.58;7.90;8.26;8.66;9.12;9.63;10.22;10.89;11.67;12.58;13.69;15.01;16.68;18.78;21.63;25.54;;;;;;;;;;;;;;;;;;;
1.100;;;;;;;;;;;;;;;;;;;;;;;;;;;21.99;20.77;19.25;17.64;16.07;14.63;13.35;12.23;11.25;10.40;9.67;9.04;8.49;8.02;7.62;7.27;6.97;6.71;6.49;6.31;6.15;6.02;5.92;5.84;5.78;5.73;5.70;5.67;5.65;5.64;5.63;5.63;5.62;5.60;5.59;5.56;5.53;5.50;5.47;5.43;5.41;5.38;5.37;5.38;5.39;5.42;5.46;5.49;5.53;5.56;5.58;5.59;5.59;5.58;5.56;5.54;5.51;5.48;5.45;5.42;5.40;5.38;5.37;5.37;5.38;5.39;5.42;5.45;5.50;5.56;5.63;5.71;5.81;5.92;6.05;6.19;6.35;6.53;6.74;6.96;7.21;7.50;7.81;8.17;8.56;9.01;9.52;10.11;10.78;11.57;12.48;13.60;14.94;16.65;18.81;21.77;25.88;;;;;;;;;;;;;;;;;;;
1.000;;;;;;;;;;;;;;;;;;;;;;;;;;;20.80;19.89;18.64;17.22;15.79;14.45;13.23;12.15;11.19;10.36;9.64;9.02;8.47;8.00;7.60;7.25;6.95;6.69;6.47;6.28;6.13;6.00;5.90;5.82;5.75;5.71;5.67;5.65;5.64;5.63;5.63;5.63;5.63;5.62;5.61;5.59;5.56;5.53;5.50;5.46;5.43;5.41;5.39;5.40;5.41;5.45;5.49;5.53;5.58;5.61;5.64;5.65;5.65;5.64;5.62;5.59;5.56;5.53;5.49;5.46;5.44;5.42;5.40;5.39;5.40;5.41;5.43;5.46;5.50;5.55;5.62;5.69;5.79;5.89;6.01;6.15;6.31;6.48;6.68;6.90;7.15;7.42;7.73;8.08;8.48;8.93;9.43;10.02;10.69;11.48;12.41;13.54;14.90;16.65;18.88;21.95;26.28;;;;;;;;;;;;;;;;;;;
0.900;;;;;;;;;;;;;;;;;;;;;;;;;;;19.91;19.23;18.18;16.92;15.61;14.34;13.17;12.11;11.18;10.36;9.64;9.02;8.47;8.00;7.59;7.24;6.94;6.68;6.46;6.27;6.11;5.98;5.88;5.80;5.73;5.69;5.66;5.64;5.63;5.63;5.63;5.63;5.63;5.63;5.63;5.61;5.59;5.56;5.53;5.49;5.46;5.43;5.42;5.42;5.44;5.48;5.52;5.58;5.63;5.67;5.70;5.71;5.71;5.70;5.67;5.64;5.61;5.57;5.54;5.50;5.47;5.45;5.43;5.42;5.41;5.42;5.44;5.46;5.50;5.55;5.61;5.68;5.76;5.86;5.98;6.11;6.26;6.43;6.63;6.84;7.09;7.36;7.67;8.01;8.40;8.85;9.36;9.94;10.62;11.42;12.35;13.50;14.89;16.68;18.97;22.15;26.68;;;;;;;;;;;;;;;;;;;
0.800;;;;;;;;;;;;;;;;;;;;;;;;;;;19.25;18.76;17.88;16.73;15.51;14.30;13.16;12.13;11.20;10.38;9.66;9.04;8.49;8.01;7.60;7.25;6.94;6.67;6.45;6.26;6.10;5.97;5.86;5.78;5.72;5.67;5.64;5.62;5.61;5.62;5.62;5.63;5.64;5.65;5.65;5.64;5.63;5.60;5.57;5.53;5.50;5.46;5.44;5.45;5.47;5.51;5.57;5.63;5.69;5.74;5.77;5.78;5.78;5.76;5.73;5.70;5.66;5.62;5.58;5.54;5.50;5.47;5.45;5.44;5.43;5.43;5.44;5.46;5.50;5.54;5.60;5.66;5.74;5.84;5.95;6.08;6.23;6.39;6.58;6.79;7.03;7.30;7.61;7.95;8.34;8.79;9.29;9.88;10.56;11.37;12.31;13.48;14.89;16.72;19.06;22.35;27.07;;;;;;;;;;;;;;;;;;;
0.700;;;;;;;;;;;;;;;;;;;;;;;;;;;18.80;18.46;17.71;16.66;15.50;14.33;13.21;12.18;11.26;10.44;9.71;9.08;8.53;8.05;7.63;7.26;6.95;6.68;6.45;6.26;6.09;5.96;5.85;5.76;5.70;5.65;5.62;5.60;5.60;5.60;5.61;5.63;5.64;5.66;5.67;5.67;5.66;5.65;5.62;5.58;5.54;5.50;5.48;5.48;5.50;5.55;5.62;5.69;5.76;5.81;5.84;5.85;5.84;5.82;5.78;5.74;5.70;5.66;5.61;5.57;5.53;5.50;5.47;5.45;5.44;5.44;5.45;5.47;5.49;5.53;5.58;5.65;5.73;5.82;5.92;6.05;6.19;6.35;6.54;6.75;6.98;7.25;7.56;7.90;8.29;8.73;9.24;9.83;10.52;11.33;12.28;13.47;14.90;16.76;19.16;22.53;27.40;35.49;;;;;;;;;;;;;;;;;;
0.600;;;;;;;;;;;;;;;;;;;;;;;;;;18.11;18.54;18.32;17.68;16.70;15.59;14.43;13.32;12.29;11.36;10.53;9.79;9.15;8.58;8.09;7.67;7.29;6.97;6.70;6.46;6.26;6.09;5.95;5.84;5.75;5.69;5.64;5.60;5.59;5.58;5.59;5.60;5.62;5.64;5.66;5.68;5.69;5.70;5.69;5.67;5.63;5.59;5.55;5.51;5.51;5.53;5.60;5.68;5.76;5.84;5.89;5.91;5.92;5.90;5.87;5.83;5.79;5.74;5.69;5.64;5.60;5.56;5.52;5.49;5.47;5.46;5.45;5.45;5.47;5.49;5.53;5.57;5.63;5.71;5.80;5.90;6.02;6.16;6.32;6.50;6.71;6.94;7.21;7.51;7.85;8.24;8.69;9.20;9.79;10.48;11.30;12.26;13.46;14.91;16.80;19.23;22.68;27.67;35.99;;;;;;;;;;;;;;;;;;
0.500;;;;;;;;;;;;;;;;;;;;;;;;;;17.90;18.45;18.35;17.79;16.86;15.77;14.62;13.50;12.45;11.50;10.65;9.90;9.24;8.66;8.16;7.72;7.34;7.01;6.72;6.48;6.27;6.10;5.95;5.84;5.74;5.67;5.62;5.59;5.57;5.56;5.57;5.58;5.61;5.63;5.66;5.69;5.71;5.72;5.73;5.72;5.69;5.65;5.60;5.56;5.54;5.57;5.65;5.74;5.84;5.92;5.96;5.98;5.98;5.95;5.92;5.87;5.82;5.77;5.72;5.67;5.62;5.58;5.54;5.51;5.48;5.47;5.46;5.46;5.47;5.49;5.52;5.57;5.62;5.69;5.78;5.88;6.00;6.13;6.29;6.47;6.68;6.91;7.17;7.47;7.82;8.21;8.65;9.16;9.76;10.45;11.28;12.25;13.45;14.92;16.83;19.29;22.78;27.83;36.26;;;;;;;;;;;;;;;;;;
0.400;;;;;;;;;;;;;;;;;;;;;;;;;;17.85;18.52;18.52;18.03;17.13;16.04;14.88;13.73;12.66;11.68;10.81;10.03;9.35;8.75;8.23;7.78;7.39;7.05;6.75;6.50;6.29;6.11;5.96;5.83;5.73;5.66;5.60;5.57;5.54;5.54;5.54;5.56;5.58;5.62;5.65;5.68;5.72;5.74;5.76;5.76;5.75;5.72;5.66;5.61;5.58;5.61;5.70;5.82;5.93;6.00;6.04;6.05;6.03;6.00;5.95;5.91;5.85;5.80;5.74;5.69;5.64;5.59;5.55;5.52;5.49;5.47;5.46;5.46;5.47;5.49;5.52;5.56;5.61;5.68;5.76;5.86;5.98;6.11;6.27;6.44;6.65;6.88;7.14;7.44;7.79;8.18;8.62;9.14;9.74;10.43;11.26;12.24;13.45;14.92;16.84;19.32;22.83;27.88;36.29;;;;;;;;;;;;;;;;;;
0.300;;;;;;;;;;;;;;;;;;;;;;;;;;17.97;18.76;18.86;18.42;17.54;16.43;15.23;14.05;12.93;11.91;11.00;10.19;9.49;8.87;8.33;7.86;7.45;7.10;6.79;6.53;6.31;6.12;5.96;5.83;5.73;5.65;5.59;5.54;5.52;5.51;5.51;5.53;5.56;5.59;5.63;5.67;5.71;5.75;5.78;5.80;5.80;5.79;5.74;5.68;5.63;5.65;5.77;5.92;6.03;6.08;6.10;6.09;6.06;6.02;5.98;5.92;5.87;5.81;5.76;5.71;5.65;5.61;5.57;5.53;5.50;5.48;5.47;5.46;5.47;5.49;5.51;5.55;5.60;5.67;5.75;5.85;5.96;6.09;6.25;6.42;6.63;6.86;7.12;7.42;7.76;8.15;8.60;9.12;9.72;10.42;11.25;12.23;13.45;14.93;16.85;19.33;22.82;27.82;36.07;;;;;;;;;;;;;;;;;;
0.200;;;;;;;;;;;;;;;;;;;;;;;;;;18.23;19.16;19.35;18.96;18.07;16.93;15.68;14.43;13.26;12.19;11.23;10.39;9.65;9.00;8.44;7.95;7.53;7.16;6.84;6.57;6.33;6.14;5.97;5.84;5.72;5.64;5.57;5.52;5.49;5.48;5.48;5.50;5.52;5.55;5.59;5.64;5.69;5.73;5.78;5.82;5.84;5.85;5.83;5.77;5.68;5.69;5.87;6.03;6.11;6.14;6.13;6.11;6.08;6.03;5.99;5.93;5.88;5.82;5.77;5.72;5.67;5.62;5.58;5.54;5.51;5.49;5.48;5.47;5.47;5.49;5.51;5.55;5.60;5.66;5.74;5.83;5.95;6.08;6.23;6.41;6.61;6.84;7.10;7.40;7.75;8.14;8.59;9.11;9.71;10.41;11.25;12.23;13.45;14.93;16.84;19.31;22.76;27.67;35.63;;;;;;;;;;;;;;;;;;
0.100;;;;;;;;;;;;;;;;;;;;;;;;;;18.66;19.75;20.03;19.68;18.77;17.56;16.23;14.90;13.65;12.52;11.50;10.61;9.84;9.16;8.57;8.06;7.61;7.23;6.90;6.61;6.37;6.16;5.99;5.84;5.72;5.63;5.56;5.50;5.47;5.45;5.45;5.46;5.48;5.51;5.55;5.60;5.65;5.71;5.76;5.81;5.86;5.89;5.91;5.89;5.80;5.72;6.01;6.13;6.15;6.15;6.13;6.10;6.07;6.03;5.98;5.93;5.88;5.83;5.78;5.73;5.68;5.63;5.59;5.55;5.52;5.50;5.48;5.48;5.48;5.49;5.51;5.55;5.60;5.66;5.74;5.83;5.94;6.07;6.22;6.40;6.60;6.83;7.09;7.39;7.74;8.13;8.58;9.10;9.71;10.41;11.25;12.23;13.45;14.92;16.83;19.26;22.64;27.41;34.99;;;;;;;;;;;;;;;;;;
0.000;;;;;;;;;;;;;;;;;;;;;;;;;;19.24;20.50;20.89;20.57;19.61;18.33;16.89;15.45;14.11;12.89;11.82;10.87;10.05;9.33;8.71;8.18;7.71;7.31;6.96;6.66;6.41;6.19;6.00;5.85;5.72;5.62;5.54;5.49;5.45;5.42;5.42;5.42;5.44;5.47;5.51;5.56;5.61;5.66;5.72;5.78;5.84;5.90;5.95;5.99;6.03;6.06;6.09;6.10;6.11;6.10;6.09;6.07;6.04;6.01;5.97;5.93;5.88;5.83;5.78;5.73;5.69;5.64;5.60;5.57;5.53;5.51;5.49;5.49;5.49;5.50;5.52;5.55;5.60;5.66;5.73;5.83;5.94;6.07;6.22;6.39;6.59;6.83;7.09;7.39;7.74;8.13;8.58;9.10;9.71;10.42;11.26;12.24;13.45;14.92;16.81;19.20;22.50;27.08;34.21;;;;;;;;;;;;;;;;;;
-0.100;;;;;;;;;;;;;;;;;;;;;;;;;;19.99;21.47;21.99;21.70;20.67;19.26;17.68;16.11;14.65;13.33;12.18;11.16;10.29;9.53;8.88;8.31;7.82;7.40;7.03;6.72;6.45;6.22;6.03;5.87;5.73;5.62;5.54;5.47;5.43;5.40;5.39;5.39;5.40;5.43;5.47;5.51;5.56;5.62;5.68;5.74;5.80;5.86;5.92;5.96;5.95;5.80;5.86;5.96;6.00;6.03;6.03;6.03;6.01;5.99;5.96;5.92;5.88;5.83;5.79;5.74;5.70;5.65;5.61;5.58;5.55;5.52;5.51;5.50;5.50;5.51;5.53;5.56;5.61;5.67;5.74;5.83;5.94;6.07;6.22;6.40;6.60;6.83;7.09;7.40;7.74;8.14;8.60;9.12;9.73;10.43;11.27;12.25;13.46;14.92;16.78;19.13;22.32;26.70;33.33;;;;;;;;;;;;;;;;;;
-0.200;;;;;;;;;;;;;;;;;;;;;;;;;;20.88;22.62;23.30;23.03;21.91;20.35;18.60;16.87;15.26;13.83;12.58;11.49;10.55;9.75;9.05;8.46;7.94;7.50;7.12;6.79;6.51;6.27;6.06;5.89;5.74;5.63;5.53;5.46;5.41;5.38;5.36;5.36;5.37;5.39;5.43;5.47;5.52;5.57;5.63;5.70;5.76;5.82;5.87;5.90;5.89;5.83;5.83;5.88;5.93;5.96;5.98;5.99;5.98;5.96;5.94;5.91;5.88;5.84;5.80;5.75;5.71;5.67;5.63;5.59;5.56;5.54;5.52;5.51;5.51;5.52;5.54;5.57;5.62;5.68;5.75;5.84;5.95;6.08;6.23;6.41;6.61;6.84;7.11;7.41;7.76;8.15;8.61;9.14;9.75;10.46;11.30;12.28;13.48;14.92;16.76;19.05;22.13;26.29;32.41;;;;;;;;;;;;;;;;;;
-0.300;;;;;;;;;;;;;;;;;;;;;;;;;;21.93;24.01;24.88;24.65;23.41;21.65;19.68;17.74;15.97;14.39;13.03;11.86;10.85;9.99;9.25;8.62;8.08;7.61;7.21;6.87;6.57;6.32;6.10;5.92;5.76;5.64;5.54;5.46;5.40;5.36;5.34;5.34;5.34;5.36;5.39;5.43;5.48;5.54;5.60;5.66;5.73;5.79;5.84;5.88;5.88;5.87;5.86;5.87;5.90;5.93;5.95;5.96;5.96;5.95;5.93;5.91;5.88;5.84;5.80;5.76;5.72;5.68;5.65;5.61;5.58;5.56;5.54;5.53;5.53;5.54;5.56;5.59;5.63;5.69;5.77;5.86;5.96;6.09;6.25;6.42;6.63;6.86;7.13;7.43;7.78;8.18;8.64;9.17;9.78;10.49;11.33;12.31;13.51;14.94;16.74;18.98;21.94;25.86;31.48;;;;;;;;;;;;;;;;;;
-0.400;;;;;;;;;;;;;;;;;;;;;;;;;;23.10;25.58;26.70;26.52;25.14;23.14;20.90;18.73;16.75;15.02;13.53;12.26;11.18;10.26;9.47;8.80;8.23;7.74;7.31;6.95;6.64;6.37;6.14;5.95;5.79;5.66;5.55;5.47;5.40;5.36;5.33;5.32;5.32;5.34;5.37;5.41;5.46;5.51;5.57;5.64;5.71;5.77;5.83;5.87;5.89;5.89;5.89;5.89;5.90;5.92;5.93;5.94;5.94;5.94;5.93;5.91;5.88;5.85;5.81;5.78;5.74;5.70;5.67;5.63;5.60;5.58;5.56;5.55;5.55;5.56;5.58;5.61;5.65;5.71;5.79;5.88;5.99;6.12;6.27;6.44;6.65;6.88;7.15;7.46;7.81;8.22;8.68;9.21;9.83;10.54;11.38;12.36;13.55;14.96;16.73;18.91;21.76;25.46;30.59;;;;;;;;;;;;;;;;;;
-0.500;;;;;;;;;;;;;;;;;;;;;;;;;;;27.34;28.79;28.70;27.15;24.87;22.31;19.84;17.63;15.71;14.08;12.70;11.53;10.55;9.71;9.00;8.39;7.88;7.43;7.05;6.72;6.44;6.20;6.00;5.83;5.69;5.57;5.48;5.41;5.36;5.33;5.32;5.32;5.33;5.36;5.40;5.44;5.50;5.56;5.63;5.70;5.77;5.83;5.88;5.91;5.92;5.92;5.92;5.92;5.93;5.94;5.94;5.94;5.94;5.93;5.91;5.89;5.86;5.83;5.79;5.76;5.72;5.69;5.66;5.63;5.60;5.59;5.58;5.58;5.58;5.60;5.63;5.68;5.74;5.81;5.90;6.01;6.14;6.30;6.47;6.68;6.92;7.19;7.50;7.86;8.26;8.73;9.26;9.89;10.60;11.44;12.42;13.61;15.01;16.75;18.87;21.60;25.08;29.76;;;;;;;;;;;;;;;;;;
-0.600;;;;;;;;;;;;;;;;;;;;;;;;;;;29.20;31.07;31.13;29.40;26.80;23.87;21.08;18.60;16.47;14.68;13.17;11.92;10.86;9.97;9.22;8.57;8.03;7.56;7.16;6.81;6.52;6.27;6.05;5.87;5.72;5.60;5.51;5.43;5.38;5.34;5.32;5.32;5.33;5.36;5.40;5.44;5.50;5.57;5.64;5.71;5.78;5.84;5.89;5.93;5.94;5.95;5.95;5.94;5.95;5.95;5.95;5.95;5.94;5.93;5.92;5.90;5.87;5.84;5.81;5.78;5.74;5.71;5.68;5.65;5.63;5.61;5.60;5.60;5.61;5.63;5.66;5.71;5.77;5.84;5.93;6.04;6.18;6.33;6.51;6.72;6.96;7.23;7.55;7.91;8.32;8.79;9.33;9.96;10.67;11.52;12.50;13.68;15.07;16.79;18.85;21.47;24.75;29.01;;;;;;;;;;;;;;;;;;
-0.700;;;;;;;;;;;;;;;;;;;;;;;;;;;31.03;33.46;33.76;31.89;28.94;25.60;22.44;19.66;17.29;15.33;13.69;12.33;11.20;10.25;9.45;8.77;8.20;7.70;7.28;6.92;6.61;6.34;6.12;5.93;5.77;5.64;5.54;5.46;5.40;5.36;5.34;5.33;5.34;5.37;5.41;5.45;5.51;5.58;5.65;5.72;5.79;5.86;5.91;5.94;5.96;5.97;5.97;5.97;5.96;5.96;5.96;5.96;5.95;5.94;5.92;5.90;5.88;5.85;5.83;5.79;5.76;5.73;5.70;5.68;5.66;5.64;5.63;5.63;5.64;5.66;5.69;5.74;5.80;5.87;5.97;6.08;6.22;6.37;6.56;6.77;7.01;7.29;7.61;7.97;8.39;8.86;9.41;10.04;10.77;11.62;12.60;13.78;15.16;16.85;18.87;21.39;24.47;;;;;;;;;;;;;;;;;;;
-0.800;;;;;;;;;;;;;;;;;;;;;;;;;;;32.66;35.77;36.44;34.51;31.22;27.46;23.89;20.79;18.17;16.02;14.24;12.78;11.57;10.55;9.71;8.99;8.38;7.86;7.42;7.03;6.71;6.43;6.20;6.00;5.83;5.70;5.59;5.50;5.44;5.39;5.37;5.36;5.37;5.39;5.43;5.47;5.53;5.60;5.67;5.74;5.81;5.87;5.92;5.96;5.98;5.99;5.99;5.98;5.98;5.98;5.97;5.96;5.96;5.95;5.93;5.91;5.89;5.87;5.84;5.81;5.78;5.75;5.73;5.70;5.68;5.67;5.66;5.66;5.67;5.69;5.73;5.77;5.84;5.91;6.01;6.12;6.26;6.42;6.61;6.82;7.07;7.35;7.67;8.04;8.47;8.95;9.50;10.14;10.87;11.74;12.72;13.91;15.28;16.95;18.93;21.36;24.27;;;;;;;;;;;;;;;;;;;
-0.900;;;;;;;;;;;;;;;;;;;;;;;;;;;33.81;37.72;38.95;37.09;33.55;29.39;25.42;21.98;19.11;16.76;14.83;13.26;11.96;10.88;9.98;9.22;8.58;8.03;7.57;7.17;6.83;6.54;6.29;6.08;5.91;5.76;5.64;5.55;5.48;5.43;5.41;5.39;5.40;5.42;5.46;5.50;5.56;5.62;5.69;5.76;5.83;5.88;5.93;5.97;5.99;6.00;6.00;6.00;5.99;5.99;5.98;5.97;5.96;5.95;5.94;5.92;5.90;5.88;5.85;5.83;5.80;5.77;5.75;5.72;5.71;5.70;5.69;5.69;5.71;5.73;5.76;5.81;5.88;5.96;6.05;6.17;6.31;6.47;6.66;6.88;7.14;7.42;7.75;8.13;8.56;9.05;9.61;10.26;11.01;11.88;12.87;14.06;15.44;17.10;19.04;21.39;24.15;;;;;;;;;;;;;;;;;;;
-1.000;;;;;;;;;;;;;;;;;;;;;;;;;;;34.25;38.98;40.94;39.39;35.78;31.29;26.97;23.21;20.08;17.53;15.45;13.76;12.38;11.23;10.28;9.47;8.80;8.22;7.74;7.32;6.96;6.65;6.40;6.18;5.99;5.84;5.72;5.62;5.54;5.49;5.46;5.44;5.44;5.46;5.49;5.54;5.59;5.65;5.71;5.78;5.84;5.90;5.94;5.98;6.00;6.01;6.01;6.01;6.00;6.00;5.99;5.98;5.97;5.96;5.94;5.93;5.91;5.89;5.86;5.84;5.81;5.79;5.77;5.75;5.73;5.72;5.72;5.72;5.74;5.76;5.80;5.85;5.92;6.00;6.10;6.22;6.37;6.54;6.73;6.95;7.21;7.51;7.84;8.23;8.66;9.17;9.74;10.40;11.16;12.04;13.05;14.25;15.64;17.29;19.21;21.48;24.11;;;;;;;;;;;;;;;;;;;
-1.100;;;;;;;;;;;;;;;;;;;;;;;;;;;;39.22;42.04;41.10;37.68;33.06;28.47;24.44;21.07;18.33;16.11;14.30;12.83;11.61;10.60;9.75;9.04;8.43;7.92;7.48;7.11;6.79;6.52;6.28;6.09;5.93;5.80;5.69;5.61;5.55;5.52;5.50;5.50;5.51;5.54;5.58;5.63;5.68;5.74;5.80;5.86;5.91;5.95;5.98;6.01;6.02;6.02;6.02;6.01;6.00;5.99;5.98;5.97;5.96;5.95;5.93;5.91;5.89;5.87;5.85;5.83;5.81;5.79;5.77;5.76;5.75;5.75;5.76;5.78;5.80;5.84;5.90;5.97;6.05;6.16;6.28;6.43;6.60;6.80;7.03;7.30;7.60;7.94;8.34;8.79;9.30;9.89;10.56;11.33;12.23;13.26;14.48;15.88;17.53;19.43;21.66;24.17;;;;;;;;;;;;;;;;;;;
-1.200;;;;;;;;;;;;;;;;;;;;;;;;;;;;38.25;41.94;41.88;39.00;34.51;29.83;25.62;22.05;19.14;16.78;14.86;13.30;12.01;10.95;10.05;9.30;8.67;8.13;7.67;7.28;6.94;6.65;6.41;6.21;6.03;5.89;5.78;5.69;5.63;5.59;5.56;5.56;5.56;5.59;5.62;5.67;5.72;5.77;5.83;5.88;5.92;5.96;5.99;6.01;6.02;6.02;6.02;6.01;6.01;6.00;5.99;5.97;5.96;5.95;5.93;5.92;5.90;5.88;5.86;5.84;5.82;5.80;5.79;5.78;5.78;5.78;5.79;5.81;5.84;5.89;5.95;6.02;6.11;6.22;6.35;6.50;6.68;6.89;7.12;7.39;7.70;8.06;8.46;8.92;9.45;10.05;10.75;11.54;12.46;13.51;14.75;16.17;17.83;19.73;21.91;;;;;;;;;;;;;;;;;;;;
-1.300;;;;;;;;;;;;;;;;;;;;;;;;;;;;36.14;40.53;41.50;39.51;35.48;30.95;26.68;23.00;19.96;17.47;15.45;13.80;12.44;11.32;10.38;9.59;8.92;8.36;7.87;7.46;7.11;6.81;6.55;6.33;6.15;6.00;5.88;5.79;5.72;5.67;5.64;5.62;5.63;5.64;5.67;5.71;5.75;5.80;5.85;5.90;5.94;5.97;6.00;6.01;6.02;6.02;6.02;6.02;6.01;6.00;5.99;5.97;5.96;5.95;5.93;5.92;5.90;5.88;5.87;5.85;5.83;5.82;5.81;5.80;5.80;5.81;5.83;5.85;5.89;5.94;6.00;6.08;6.17;6.29;6.42;6.58;6.76;6.98;7.22;7.50;7.82;8.19;8.60;9.08;9.62;10.24;10.96;11.77;12.72;13.80;15.07;16.51;18.20;20.10;22.26;;;;;;;;;;;;;;;;;;;;
-1.400;;;;;;;;;;;;;;;;;;;;;;;;;;;;;37.93;39.92;39.04;35.82;31.71;27.57;23.87;20.75;18.18;16.06;14.34;12.91;11.73;10.74;9.91;9.20;8.61;8.10;7.67;7.29;6.98;6.71;6.48;6.29;6.13;6.00;5.89;5.81;5.76;5.72;5.70;5.70;5.71;5.73;5.76;5.79;5.84;5.88;5.92;5.95;5.98;6.00;6.02;6.02;6.03;6.02;6.02;6.01;6.00;5.98;5.97;5.96;5.95;5.93;5.92;5.90;5.89;5.87;5.86;5.85;5.84;5.83;5.83;5.83;5.85;5.86;5.89;5.93;5.99;6.05;6.14;6.24;6.36;6.50;6.67;6.86;7.08;7.33;7.62;7.95;8.33;8.76;9.25;9.82;10.46;11.20;12.04;13.02;14.13;15.44;16.92;18.64;20.57;22.71;;;;;;;;;;;;;;;;;;;;
-1.500;;;;;;;;;;;;;;;;;;;;;;;;;;;;;34.52;37.34;37.63;35.45;32.02;28.22;24.63;21.51;18.88;16.70;14.90;13.40;12.17;11.13;10.26;9.52;8.89;8.35;7.90;7.50;7.17;6.88;6.64;6.44;6.27;6.12;6.01;5.92;5.86;5.81;5.78;5.77;5.77;5.79;5.81;5.84;5.87;5.91;5.94;5.97;5.99;6.01;6.02;6.03;6.03;6.02;6.02;6.01;6.00;5.98;5.97;5.96;5.95;5.93;5.92;5.91;5.90;5.88;5.87;5.86;5.86;5.85;5.86;5.87;5.88;5.91;5.94;5.99;6.04;6.12;6.21;6.31;6.44;6.59;6.76;6.96;7.19;7.45;7.76;8.10;8.49;8.94;9.45;10.03;10.70;11.47;12.34;13.36;14.51;15.87;17.40;19.16;21.12;;;;;;;;;;;;;;;;;;;;;
-1.600;;;;;;;;;;;;;;;;;;;;;;;;;;;;;30.74;34.07;35.37;34.34;31.82;28.55;25.23;22.20;19.57;17.34;15.49;13.94;12.64;11.55;10.64;9.86;9.20;8.63;8.16;7.74;7.39;7.08;6.82;6.60;6.42;6.27;6.14;6.04;5.97;5.91;5.88;5.86;5.85;5.85;5.87;5.89;5.91;5.94;5.96;5.99;6.01;6.02;6.03;6.03;6.03;6.03;6.02;6.01;6.00;5.99;5.97;5.96;5.95;5.94;5.93;5.91;5.90;5.89;5.89;5.88;5.88;5.88;5.89;5.90;5.92;5.95;5.99;6.04;6.11;6.19;6.28;6.40;6.53;6.69;6.87;7.08;7.32;7.59;7.91;8.26;8.67;9.14;9.67;10.28;10.97;11.77;12.69;13.75;14.95;16.36;17.95;19.78;21.79;;;;;;;;;;;;;;;;;;;;;
-1.700;;;;;;;;;;;;;;;;;;;;;;;;;;;;;;30.49;32.57;32.63;31.11;28.55;25.64;22.80;20.23;18.00;16.11;14.50;13.16;12.02;11.06;10.24;9.55;8.95;8.44;8.00;7.62;7.30;7.02;6.79;6.59;6.42;6.29;6.18;6.09;6.03;5.98;5.95;5.93;5.93;5.93;5.94;5.96;5.98;5.99;6.01;6.03;6.03;6.04;6.04;6.04;6.03;6.02;6.01;6.00;5.99;5.98;5.97;5.96;5.94;5.93;5.93;5.92;5.91;5.91;5.91;5.91;5.91;5.93;5.94;5.97;6.01;6.05;6.11;6.18;6.26;6.37;6.49;6.63;6.80;6.99;7.21;7.46;7.75;8.07;8.45;8.87;9.36;9.92;10.55;11.28;12.12;13.07;14.19;15.45;16.93;18.59;20.49;22.56;;;;;;;;;;;;;;;;;;;;;
-1.800;;;;;;;;;;;;;;;;;;;;;;;;;;;;;;26.93;29.48;30.45;29.92;28.17;25.81;23.28;20.85;18.66;16.75;15.11;13.72;12.53;11.53;10.66;9.93;9.30;8.76;8.29;7.89;7.54;7.25;6.99;6.78;6.60;6.45;6.33;6.23;6.15;6.09;6.05;6.02;6.01;6.00;6.00;6.01;6.02;6.03;6.04;6.05;6.06;6.06;6.06;6.05;6.04;6.03;6.02;6.01;6.00;5.99;5.98;5.97;5.96;5.95;5.94;5.94;5.93;5.93;5.94;5.94;5.95;5.97;5.99;6.03;6.07;6.12;6.18;6.26;6.35;6.47;6.59;6.75;6.92;7.12;7.35;7.62;7.92;8.26;8.66;9.10;9.61;10.19;10.86;11.63;12.51;13.52;14.69;16.03;17.58;19.34;21.32;;;;;;;;;;;;;;;;;;;;;;
-1.900;;;;;;;;;;;;;;;;;;;;;;;;;;;;;;;26.35;28.00;28.36;27.46;25.75;23.62;21.41;19.31;17.42;15.76;14.33;13.09;12.04;11.13;10.35;9.68;9.11;8.61;8.18;7.81;7.50;7.22;6.99;6.79;6.63;6.49;6.37;6.28;6.21;6.16;6.12;6.09;6.08;6.07;6.07;6.07;6.07;6.08;6.08;6.08;6.08;6.08;6.07;6.06;6.05;6.04;6.03;6.02;6.01;6.00;5.99;5.98;5.97;5.97;5.97;5.97;5.97;5.98;5.99;6.00;6.03;6.05;6.09;6.14;6.20;6.27;6.36;6.46;6.58;6.71;6.87;7.06;7.27;7.51;7.79;8.11;8.47;8.89;9.35;9.89;10.50;11.21;12.01;12.95;14.01;15.26;16.67;18.32;20.17;22.26;;;;;;;;;;;;;;;;;;;;;;
-2.000;;;;;;;;;;;;;;;;;;;;;;;;;;;;;;;23.38;25.45;26.52;26.42;25.41;23.78;21.88;19.94;18.11;16.45;14.99;13.71;12.61;11.65;10.83;10.11;9.50;8.97;8.51;8.11;7.77;7.47;7.22;7.00;6.82;6.67;6.54;6.43;6.35;6.28;6.23;6.19;6.17;6.15;6.14;6.13;6.13;6.12;6.12;6.12;6.11;6.11;6.10;6.09;6.08;6.07;6.06;6.04;6.03;6.03;6.02;6.01;6.01;6.00;6.01;6.01;6.02;6.03;6.04;6.06;6.09;6.13;6.17;6.23;6.29;6.37;6.46;6.57;6.70;6.85;7.02;7.22;7.44;7.70;7.99;8.33;8.71;9.15;9.64;10.21;10.86;11.60;12.45;13.45;14.58;15.90;17.41;19.17;21.13;23.33;;;;;;;;;;;;;;;;;;;;;;
-2.100;;;;;;;;;;;;;;;;;;;;;;;;;;;;;;;;22.94;24.54;25.16;24.84;23.78;22.26;20.54;18.82;17.18;15.71;14.39;13.24;12.23;11.36;10.60;9.94;9.37;8.88;8.44;8.08;7.75;7.48;7.24;7.03;6.86;6.72;6.60;6.50;6.42;6.35;6.30;6.27;6.24;6.22;6.20;6.19;6.18;6.17;6.16;6.16;6.15;6.14;6.13;6.11;6.10;6.09;6.08;6.07;6.06;6.06;6.05;6.05;6.05;6.06;6.06;6.07;6.09;6.11;6.14;6.17;6.21;6.27;6.33;6.40;6.49;6.59;6.71;6.85;7.00;7.19;7.40;7.64;7.91;8.22;8.57;8.98;9.44;9.96;10.56;11.25;12.04;12.94;14.00;15.21;16.62;18.23;20.11;22.20;;;;;;;;;;;;;;;;;;;;;;;
-2.200;;;;;;;;;;;;;;;;;;;;;;;;;;;;;;;;20.58;22.51;23.69;24.03;23.56;22.50;21.08;19.52;17.96;16.49;15.14;13.94;12.88;11.95;11.14;10.44;9.82;9.29;8.82;8.42;8.06;7.76;7.50;7.27;7.08;6.92;6.78;6.66;6.57;6.49;6.43;6.38;6.34;6.31;6.28;6.27;6.25;6.24;6.22;6.21;6.20;6.19;6.18;6.17;6.15;6.14;6.13;6.13;6.12;6.11;6.11;6.11;6.12;6.12;6.13;6.15;6.17;6.20;6.23;6.27;6.32;6.38;6.45;6.53;6.62;6.74;6.87;7.01;7.18;7.38;7.60;7.86;8.15;8.48;8.85;9.28;9.77;10.32;10.96;11.69;12.53;13.50;14.62;15.92;17.43;19.16;21.16;23.39;;;;;;;;;;;;;;;;;;;;;;;
-2.300;;;;;;;;;;;;;;;;;;;;;;;;;;;;;;;;;20.51;22.12;23.03;23.16;22.61;21.56;20.22;18.76;17.32;15.96;14.72;13.60;12.62;11.74;10.99;10.32;9.74;9.23;8.79;8.40;8.07;7.78;7.53;7.32;7.13;6.98;6.85;6.74;6.64;6.57;6.51;6.46;6.41;6.38;6.35;6.33;6.31;6.30;6.28;6.27;6.25;6.24;6.23;6.22;6.21;6.20;6.19;6.19;6.19;6.19;6.19;6.20;6.21;6.22;6.24;6.27;6.30;6.34;6.39;6.44;6.51;6.59;6.68;6.78;6.91;7.04;7.21;7.39;7.60;7.83;8.11;8.41;8.76;9.16;9.62;10.13;10.72;11.40;12.18;13.08;14.11;15.32;16.70;18.32;20.17;22.31;;;;;;;;;;;;;;;;;;;;;;;;
-2.400;;;;;;;;;;;;;;;;;;;;;;;;;;;;;;;;;18.61;20.50;21.87;22.55;22.54;21.92;20.88;19.60;18.22;16.87;15.59;14.42;13.37;12.43;11.61;10.88;10.25;9.70;9.21;8.79;8.42;8.10;7.82;7.58;7.38;7.20;7.05;6.92;6.82;6.73;6.65;6.59;6.54;6.50;6.46;6.43;6.41;6.39;6.37;6.35;6.34;6.32;6.31;6.30;6.29;6.28;6.28;6.28;6.28;6.28;6.29;6.30;6.31;6.33;6.36;6.39;6.43;6.47;6.53;6.59;6.67;6.75;6.85;6.97;7.10;7.25;7.43;7.62;7.85;8.10;8.39;8.72;9.09;9.52;10.00;10.55;11.18;11.91;12.73;13.70;14.80;16.09;17.57;19.31;21.29;23.56;;;;;;;;;;;;;;;;;;;;;;;;
-2.500;;;;;;;;;;;;;;;;;;;;;;;;;;;;;;;;;;18.87;20.60;21.78;22.31;22.17;21.49;20.43;19.18;17.85;16.55;15.32;14.21;13.20;12.31;11.51;10.83;10.21;9.68;9.21;8.81;8.45;8.15;7.88;7.65;7.45;7.28;7.13;7.01;6.90;6.81;6.74;6.68;6.63;6.59;6.55;6.52;6.50;6.48;6.46;6.44;6.43;6.41;6.40;6.39;6.39;6.38;6.38;6.39;6.39;6.40;6.42;6.44;6.46;6.50;6.53;6.58;6.63;6.69;6.77;6.85;6.95;7.06;7.18;7.33;7.49;7.68;7.89;8.13;8.41;8.71;9.07;9.46;9.92;10.43;11.02;11.69;12.46;13.35;14.38;15.56;16.94;18.52;20.37;22.47;;;;;;;;;;;;;;;;;;;;;;;;;
-2.600;;;;;;;;;;;;;;;;;;;;;;;;;;;;;;;;;;;19.25;20.84;21.87;22.24;21.99;21.25;20.17;18.92;17.62;16.35;15.17;14.08;13.11;12.24;11.48;10.80;10.21;9.69;9.24;8.85;8.51;8.21;7.95;7.72;7.53;7.37;7.22;7.11;7.00;6.92;6.85;6.79;6.74;6.70;6.66;6.63;6.60;6.58;6.57;6.55;6.54;6.53;6.52;6.52;6.52;6.52;6.52;6.53;6.55;6.57;6.59;6.62;6.66;6.71;6.76;6.82;6.89;6.97;7.07;7.17;7.30;7.43;7.59;7.77;7.97;8.20;8.46;8.75;9.09;9.46;9.89;10.37;10.92;11.55;12.27;13.09;14.04;15.13;16.39;17.86;19.55;21.50;;;;;;;;;;;;;;;;;;;;;;;;;;
-2.700;;;;;;;;;;;;;;;;;;;;;;;;;;;;;;;;;;;17.88;19.77;21.25;22.15;22.38;22.02;21.19;20.07;18.79;17.49;16.24;15.06;14.01;13.05;12.21;11.46;10.80;10.23;9.73;9.29;8.90;8.57;8.28;8.03;7.81;7.63;7.47;7.33;7.22;7.12;7.04;6.97;6.91;6.86;6.82;6.79;6.76;6.73;6.71;6.70;6.69;6.68;6.67;6.67;6.67;6.68;6.69;6.70;6.72;6.74;6.77;6.81;6.86;6.91;6.97;7.04;7.12;7.21;7.32;7.43;7.57;7.72;7.89;8.09;8.31;8.55;8.83;9.15;9.50;9.91;10.36;10.88;11.47;12.14;12.90;13.78;14.79;15.96;17.29;18.85;20.61;22.65;;;;;;;;;;;;;;;;;;;;;;;;;;
-2.800;;;;;;;;;;;;;;;;;;;;;;;;;;;;;;;;;;;;18.60;20.44;21.83;22.58;22.69;22.19;21.27;20.08;18.77;17.45;16.19;15.03;13.97;13.04;12.20;11.48;10.83;10.27;9.78;9.35;8.98;8.66;8.38;8.13;7.93;7.75;7.59;7.46;7.35;7.26;7.18;7.11;7.06;7.01;6.97;6.94;6.92;6.89;6.88;6.87;6.86;6.85;6.85;6.86;6.87;6.88;6.90;6.92;6.95;6.99;7.04;7.09;7.15;7.22;7.30;7.39;7.49;7.61;7.74;7.89;8.05;8.24;8.45;8.69;8.96;9.26;9.60;9.98;10.41;10.90;11.46;12.08;12.80;13.61;14.55;15.61;16.85;18.25;19.87;21.69;;;;;;;;;;;;;;;;;;;;;;;;;;;
-2.900;;;;;;;;;;;;;;;;;;;;;;;;;;;;;;;;;;;;;19.47;21.29;22.57;23.20;23.12;22.49;21.44;20.17;18.80;17.45;16.19;15.02;13.98;13.04;12.23;11.51;10.88;10.33;9.85;9.44;9.08;8.76;8.49;8.26;8.06;7.89;7.74;7.61;7.51;7.42;7.34;7.28;7.23;7.19;7.15;7.13;7.10;7.09;7.08;7.07;7.07;7.07;7.08;7.09;7.11;7.13;7.16;7.20;7.24;7.30;7.36;7.43;7.51;7.60;7.70;7.81;7.94;8.09;8.25;8.44;8.64;8.87;9.13;9.42;9.75;10.11;10.52;10.99;11.51;12.10;12.77;13.53;14.39;15.37;16.49;17.78;19.23;20.88;;;;;;;;;;;;;;;;;;;;;;;;;;;;
-3.000;;;;;;;;;;;;;;;;;;;;;;;;;;;;;;;;;;;;;;20.52;22.28;23.47;23.91;23.68;22.86;21.68;20.31;18.88;17.50;16.21;15.05;14.00;13.08;12.27;11.57;10.95;10.42;9.95;9.55;9.20;8.90;8.64;8.41;8.22;8.06;7.92;7.80;7.70;7.62;7.55;7.49;7.44;7.41;7.38;7.35;7.34;7.33;7.32;7.32;7.33;7.34;7.36;7.38;7.41;7.44;7.49;7.54;7.60;7.67;7.75;7.84;7.94;8.06;8.19;8.34;8.50;8.68;8.88;9.11;9.36;9.64;9.95;10.30;10.70;11.14;11.63;12.19;12.82;13.52;14.33;15.23;16.26;17.41;18.72;20.18;;;;;;;;;;;;;;;;;;;;;;;;;;;;;
-3.100;;;;;;;;;;;;;;;;;;;;;;;;;;;;;;;;;;;;;;19.53;21.72;23.45;24.47;24.74;24.26;23.27;21.93;20.46;18.97;17.55;16.25;15.08;14.05;13.13;12.34;11.65;11.05;10.53;10.08;9.69;9.35;9.06;8.81;8.60;8.42;8.26;8.13;8.02;7.93;7.85;7.79;7.74;7.70;7.67;7.64;7.63;7.62;7.61;7.62;7.63;7.64;7.66;7.69;7.73;7.77;7.82;7.89;7.96;8.04;8.13;8.23;8.35;8.48;8.62;8.78;8.96;9.16;9.39;9.63;9.91;10.21;10.55;10.93;11.35;11.83;12.35;12.94;13.61;14.35;15.18;16.11;17.16;18.33;19.62;21.04;;;;;;;;;;;;;;;;;;;;;;;;;;;;;
-3.200;;;;;;;;;;;;;;;;;;;;;;;;;;;;;;;;;;;;;;;20.85;23.07;24.69;25.56;25.55;24.87;23.65;22.18;20.60;19.05;17.61;16.30;15.14;14.11;13.22;12.44;11.77;11.18;10.68;10.24;9.87;9.55;9.27;9.03;8.83;8.66;8.51;8.39;8.29;8.21;8.14;8.08;8.04;8.01;7.98;7.97;7.96;7.96;7.96;7.98;8.00;8.02;8.06;8.10;8.16;8.22;8.29;8.37;8.46;8.57;8.68;8.81;8.96;9.12;9.30;9.50;9.72;9.97;10.24;10.54;10.87;11.24;11.65;12.10;12.60;13.15;13.77;14.46;15.23;16.08;17.02;18.05;19.18;20.40;;;;;;;;;;;;;;;;;;;;;;;;;;;;;;
-3.300;;;;;;;;;;;;;;;;;;;;;;;;;;;;;;;;;;;;;;;;22.32;24.49;26.00;26.58;26.35;25.38;23.99;22.36;20.70;19.12;17.66;16.36;15.20;14.20;13.32;12.57;11.91;11.35;10.87;10.45;10.09;9.79;9.52;9.30;9.11;8.95;8.82;8.71;8.62;8.54;8.48;8.44;8.40;8.38;8.36;8.36;8.36;8.37;8.38;8.41;8.44;8.49;8.54;8.60;8.67;8.75;8.85;8.95;9.07;9.20;9.35;9.52;9.70;9.90;10.12;10.37;10.63;10.93;11.25;11.61;12.01;12.44;12.92;13.45;14.03;14.66;15.37;16.13;16.97;17.88;18.86;19.89;;;;;;;;;;;;;;;;;;;;;;;;;;;;;;;
-3.400;;;;;;;;;;;;;;;;;;;;;;;;;;;;;;;;;;;;;;;;;23.80;25.93;27.18;27.54;26.96;25.78;24.19;22.47;20.76;19.15;17.71;16.41;15.29;14.31;13.47;12.74;12.11;11.57;11.11;10.71;10.37;10.09;9.84;9.63;9.46;9.31;9.19;9.09;9.01;8.95;8.90;8.86;8.84;8.82;8.82;8.82;8.84;8.86;8.89;8.93;8.98;9.04;9.11;9.20;9.29;9.40;9.52;9.66;9.81;9.97;10.16;10.36;10.58;10.83;11.10;11.39;11.71;12.06;12.45;12.87;13.32;13.82;14.36;14.95;15.59;16.28;17.02;17.80;18.63;19.48;;;;;;;;;;;;;;;;;;;;;;;;;;;;;;;;
-3.500;;;;;;;;;;;;;;;;;;;;;;;;;;;;;;;;;;;;;;;;;;25.26;27.18;28.22;28.20;27.40;25.97;24.27;22.48;20.76;19.17;17.75;16.50;15.41;14.47;13.66;12.96;12.36;11.85;11.42;11.04;10.73;10.46;10.23;10.04;9.88;9.75;9.64;9.56;9.49;9.44;9.40;9.37;9.36;9.36;9.37;9.39;9.42;9.45;9.50;9.56;9.63;9.71;9.81;9.92;10.04;10.18;10.33;10.50;10.69;10.89;11.12;11.37;11.63;11.93;12.25;12.59;12.96;13.37;13.80;14.28;14.78;15.32;15.89;16.50;17.14;17.80;18.48;19.15;;;;;;;;;;;;;;;;;;;;;;;;;;;;;;;;;
-3.600;;;;;;;;;;;;;;;;;;;;;;;;;;;;;;;;;;;;;;;;;;;26.46;28.20;28.85;28.60;27.50;25.97;24.19;22.40;20.71;19.17;17.81;16.60;15.57;14.67;13.91;13.25;12.69;12.21;11.80;11.45;11.16;10.91;10.70;10.53;10.39;10.28;10.18;10.11;10.06;10.02;10.00;9.99;9.99;10.00;10.03;10.06;10.11;10.16;10.23;10.31;10.41;10.51;10.64;10.78;10.93;11.10;11.29;11.50;11.73;11.98;12.25;12.54;12.86;13.20;13.56;13.95;14.37;14.81;15.27;15.76;16.27;16.79;17.33;17.87;18.39;18.89;;;;;;;;;;;;;;;;;;;;;;;;;;;;;;;;;;
-3.700;;;;;;;;;;;;;;;;;;;;;;;;;;;;;;;;;;;;;;;;;;;;;28.67;29.09;28.51;27.33;25.71;23.97;22.24;20.62;19.17;17.88;16.76;15.78;14.95;14.23;13.62;13.10;12.65;12.28;11.96;11.69;11.47;11.29;11.13;11.01;10.92;10.84;10.79;10.75;10.73;10.72;10.73;10.74;10.77;10.81;10.87;10.93;11.01;11.10;11.21;11.33;11.47;11.62;11.80;11.99;12.20;12.43;12.68;12.95;13.24;13.55;13.88;14.23;14.60;14.99;15.40;15.82;16.25;16.69;17.12;17.55;17.96;18.33;18.66;;;;;;;;;;;;;;;;;;;;;;;;;;;;;;;;;;;
-3.800;;;;;;;;;;;;;;;;;;;;;;;;;;;;;;;;;;;;;;;;;;;;;;28.68;28.76;28.10;26.82;25.28;23.62;22.01;20.52;19.18;17.99;16.96;16.07;15.30;14.64;14.08;13.60;13.20;12.86;12.58;12.34;12.15;11.99;11.86;11.76;11.69;11.63;11.60;11.58;11.57;11.58;11.60;11.64;11.69;11.75;11.82;11.91;12.01;12.13;12.27;12.42;12.59;12.78;12.99;13.21;13.46;13.73;14.01;14.31;14.63;14.97;15.32;15.68;16.05;16.42;16.78;17.14;17.48;17.78;18.06;18.27;;;;;;;;;;;;;;;;;;;;;;;;;;;;;;;;;;;;;
-3.900;;;;;;;;;;;;;;;;;;;;;;;;;;;;;;;;;;;;;;;;;;;;;;;28.00;27.99;27.23;26.06;24.65;23.17;21.74;20.41;19.21;18.15;17.23;16.43;15.74;15.16;14.66;14.23;13.88;13.58;13.33;13.14;12.97;12.84;12.74;12.67;12.62;12.58;12.57;12.57;12.58;12.61;12.65;12.70;12.77;12.85;12.95;13.06;13.19;13.33;13.50;13.68;13.88;14.10;14.34;14.59;14.86;15.15;15.45;15.76;16.07;16.39;16.71;17.01;17.30;17.56;17.79;17.97;18.09;18.16;;;;;;;;;;;;;;;;;;;;;;;;;;;;;;;;;;;;;;
-4.000;;;;;;;;;;;;;;;;;;;;;;;;;;;;;;;;;;;;;;;;;;;;;;;;;26.78;26.15;25.12;23.93;22.67;21.45;20.32;19.29;18.38;17.58;16.89;16.29;15.78;15.36;14.99;14.70;14.45;14.25;14.09;13.96;13.86;13.80;13.75;13.72;13.71;13.71;13.73;13.76;13.81;13.87;13.94;14.02;14.13;14.24;14.37;14.52;14.69;14.87;15.08;15.29;15.53;15.78;16.04;16.30;16.57;16.84;17.10;17.35;17.58;17.77;17.93;18.03;18.08;18.06;17.96;;;;;;;;;;;;;;;;;;;;;;;;;;;;;;;;;;;;;;;
-4.100;;;;;;;;;;;;;;;;;;;;;;;;;;;;;;;;;;;;;;;;;;;;;;;;;;25.29;24.79;24.02;23.09;22.11;21.14;20.23;19.40;18.66;18.01;17.44;16.95;16.54;16.20;15.91;15.68;15.49;15.34;15.23;15.15;15.09;15.05;15.03;15.03;15.04;15.06;15.10;15.14;15.20;15.27;15.35;15.45;15.56;15.68;15.82;15.98;16.15;16.33;16.52;16.73;16.94;17.15;17.36;17.56;17.74;17.90;18.03;18.11;18.14;18.11;18.02;17.85;;;;;;;;;;;;;;;;;;;;;;;;;;;;;;;;;;;;;;;;;
-4.200;;;;;;;;;;;;;;;;;;;;;;;;;;;;;;;;;;;;;;;;;;;;;;;;;;;;23.40;22.89;22.25;21.56;20.86;20.18;19.57;19.01;18.52;18.10;17.74;17.43;17.19;16.99;16.83;16.71;16.63;16.56;16.53;16.51;16.50;16.51;16.52;16.55;16.58;16.62;16.67;16.73;16.80;16.87;16.96;17.06;17.17;17.28;17.41;17.55;17.69;17.83;17.96;18.09;18.20;18.28;18.33;18.34;18.30;18.19;18.03;17.79;;;;;;;;;;;;;;;;;;;;;;;;;;;;;;;;;;;;;;;;;;;
-4.300;;;;;;;;;;;;;;;;;;;;;;;;;;;;;;;;;;;;;;;;;;;;;;;;;;;;;;21.68;21.34;20.94;20.52;20.11;19.72;19.38;19.07;18.82;18.61;18.44;18.31;18.22;18.15;18.11;18.09;18.09;18.10;18.11;18.13;18.15;18.18;18.20;18.22;18.24;18.27;18.30;18.33;18.36;18.40;18.44;18.48;18.53;18.57;18.60;18.63;18.64;18.62;18.58;18.49;18.37;18.19;17.95;17.64;17.28;;;;;;;;;;;;;;;;;;;;;;;;;;;;;;;;;;;;;;;;;;;;
-4.400;;;;;;;;;;;;;;;;;;;;;;;;;;;;;;;;;;;;;;;;;;;;;;;;;;;;;;;;20.45;20.34;20.19;20.04;19.90;19.77;19.67;19.60;19.55;19.53;19.53;19.55;19.59;19.63;19.68;19.73;19.77;19.81;19.83;19.84;19.84;19.83;19.80;19.77;19.72;19.67;19.62;19.56;19.49;19.42;19.33;19.24;19.13;19.00;18.84;18.65;18.42;18.15;17.83;17.46;;;;;;;;;;;;;;;;;;;;;;;;;;;;;;;;;;;;;;;;;;;;;;;
-4.500;;;;;;;;;;;;;;;;;;;;;;;;;;;;;;;;;;;;;;;;;;;;;;;;;;;;;;;;;;;19.74;19.84;19.94;20.05;20.17;20.29;20.43;20.57;20.72;20.86;21.00;21.12;21.22;21.30;21.35;21.36;21.35;21.30;21.22;21.12;20.98;20.83;20.65;20.46;20.25;20.03;19.79;19.54;19.27;18.98;18.66;18.32;17.95;17.55;17.10;;;;;;;;;;;;;;;;;;;;;;;;;;;;;;;;;;;;;;;;;;;;;;;;;
-4.600;;;;;;;;;;;;;;;;;;;;;;;;;;;;;;;;;;;;;;;;;;;;;;;;;;;;;;;;;;;;;;19.89;20.22;20.54;20.86;21.17;21.47;21.74;21.99;22.20;22.37;22.48;22.54;22.54;22.49;22.37;22.20;21.98;21.72;21.42;21.09;20.73;20.35;19.95;19.53;19.10;18.65;18.19;17.70;17.20;;;;;;;;;;;;;;;;;;;;;;;;;;;;;;;;;;;;;;;;;;;;;;;;;;;;
-4.700;;;;;;;;;;;;;;;;;;;;;;;;;;;;;;;;;;;;;;;;;;;;;;;;;;;;;;;;;;;;;;;;;20.52;21.00;21.45;21.85;22.22;22.51;22.74;22.88;22.95;22.91;22.80;22.59;22.31;21.96;21.55;21.10;20.61;20.09;19.55;18.99;18.42;17.85;;;;;;;;;;;;;;;;;;;;;;;;;;;;;;;;;;;;;;;;;;;;;;;;;;;;;;;;
-4.800;;;;;;;;;;;;;;;;;;;;;;;;;;;;;;;;;;;;;;;;;;;;;;;;;;;;;;;;;;;;;;;;;;;;;;;22.25;22.41;22.46;22.39;22.21;21.91;21.53;21.07;20.54;19.96;;;;;;;;;;;;;;;;;;;;;;;;;;;;;;;;;;;;;;;;;;;;;;;;;;;;;;;;;;;;;;
-4.900;;;;;;;;;;;;;;;;;;;;;;;;;;;;;;;;;;;;;;;;;;;;;;;;;;;;;;;;;;;;;;;;;;;;;;;;;;;;;;;;;;;;;;;;;;;;;;;;;;;;;;;;;;;;;;;;;;;;;;;;;;;;;;;;;;;;;;;;;;;;;;
-5.000;;;;;;;;;;;;;;;;;;;;;;;;;;;;;;;;;;;;;;;;;;;;;;;;;;;;;;;;;;;;;;;;;;;;;;;;;;;;;;;;;;;;;;;;;;;;;;;;;;;;;;;;;;;;;;;;;;;;;;;;;;;;;;;;;;;;;;;;;;;;;;
-5.100;;;;;;;;;;;;;;;;;;;;;;;;;;;;;;;;;;;;;;;;;;;;;;;;;;;;;;;;;;;;;;;;;;;;;;;;;;;;;;;;;;;;;;;;;;;;;;;;;;;;;;;;;;;;;;;;;;;;;;;;;;;;;;;;;;;;;;;;;;;;;;
-5.200;;;;;;;;;;;;;;;;;;;;;;;;;;;;;;;;;;;;;;;;;;;;;;;;;;;;;;;;;;;;;;;;;;;;;;;;;;;;;;;;;;;;;;;;;;;;;;;;;;;;;;;;;;;;;;;;;;;;;;;;;;;;;;;;;;;;;;;;;;;;;;
-5.300;;;;;;;;;;;;;;;;;;;;;;;;;;;;;;;;;;;;;;;;;;;;;;;;;;;;;;;;;;;;;;;;;;;;;;;;;;;;;;;;;;;;;;;;;;;;;;;;;;;;;;;;;;;;;;;;;;;;;;;;;;;;;;;;;;;;;;;;;;;;;;
-5.400;;;;;;;;;;;;;;;;;;;;;;;;;;;;;;;;;;;;;;;;;;;;;;;;;;;;;;;;;;;;;;;;;;;;;;;;;;;;;;;;;;;;;;;;;;;;;;;;;;;;;;;;;;;;;;;;;;;;;;;;;;;;;;;;;;;;;;;;;;;;;;
-5.500;;;;;;;;;;;;;;;;;;;;;;;;;;;;;;;;;;;;;;;;;;;;;;;;;;;;;;;;;;;;;;;;;;;;;;;;;;;;;;;;;;;;;;;;;;;;;;;;;;;;;;;;;;;;;;;;;;;;;;;;;;;;;;;;;;;;;;;;;;;;;;
-5.600;;;;;;;;;;;;;;;;;;;;;;;;;;;;;;;;;;;;;;;;;;;;;;;;;;;;;;;;;;;;;;;;;;;;;;;;;;;;;;;;;;;;;;;;;;;;;;;;;;;;;;;;;;;;;;;;;;;;;;;;;;;;;;;;;;;;;;;;;;;;;;
-5.700;;;;;;;;;;;;;;;;;;;;;;;;;;;;;;;;;;;;;;;;;;;;;;;;;;;;;;;;;;;;;;;;;;;;;;;;;;;;;;;;;;;;;;;;;;;;;;;;;;;;;;;;;;;;;;;;;;;;;;;;;;;;;;;;;;;;;;;;;;;;;;
-5.800;;;;;;;;;;;;;;;;;;;;;;;;;;;;;;;;;;;;;;;;;;;;;;;;;;;;;;;;;;;;;;;;;;;;;;;;;;;;;;;;;;;;;;;;;;;;;;;;;;;;;;;;;;;;;;;;;;;;;;;;;;;;;;;;;;;;;;;;;;;;;;
-5.900;;;;;;;;;;;;;;;;;;;;;;;;;;;;;;;;;;;;;;;;;;;;;;;;;;;;;;;;;;;;;;;;;;;;;;;;;;;;;;;;;;;;;;;;;;;;;;;;;;;;;;;;;;;;;;;;;;;;;;;;;;;;;;;;;;;;;;;;;;;;;;
-6.000;;;;;;;;;;;;;;;;;;;;;;;;;;;;;;;;;;;;;;;;;;;;;;;;;;;;;;;;;;;;;;;;;;;;;;;;;;;;;;;;;;;;;;;;;;;;;;;;;;;;;;;;;;;;;;;;;;;;;;;;;;;;;;;;;;;;;;;;;;;;;;
-6.100;;;;;;;;;;;;;;;;;;;;;;;;;;;;;;;;;;;;;;;;;;;;;;;;;;;;;;;;;;;;;;;;;;;;;;;;;;;;;;;;;;;;;;;;;;;;;;;;;;;;;;;;;;;;;;;;;;;;;;;;;;;;;;;;;;;;;;;;;;;;;;
-6.200;;;;;;;;;;;;;;;;;;;;;;;;;;;;;;;;;;;;;;;;;;;;;;;;;;;;;;;;;;;;;;;;;;;;;;;;;;;;;;;;;;;;;;;;;;;;;;;;;;;;;;;;;;;;;;;;;;;;;;;;;;;;;;;;;;;;;;;;;;;;;;
-6.300;;;;;;;;;;;;;;;;;;;;;;;;;;;;;;;;;;;;;;;;;;;;;;;;;;;;;;;;;;;;;;;;;;;;;;;;;;;;;;;;;;;;;;;;;;;;;;;;;;;;;;;;;;;;;;;;;;;;;;;;;;;;;;;;;;;;;;;;;;;;;;
-6.400;;;;;;;;;;;;;;;;;;;;;;;;;;;;;;;;;;;;;;;;;;;;;;;;;;;;;;;;;;;;;;;;;;;;;;;;;;;;;;;;;;;;;;;;;;;;;;;;;;;;;;;;;;;;;;;;;;;;;;;;;;;;;;;;;;;;;;;;;;;;;;
-6.500;;;;;;;;;;;;;;;;;;;;;;;;;;;;;;;;;;;;;;;;;;;;;;;;;;;;;;;;;;;;;;;;;;;;;;;;;;;;;;;;;;;;;;;;;;;;;;;;;;;;;;;;;;;;;;;;;;;;;;;;;;;;;;;;;;;;;;;;;;;;;;
-6.600;;;;;;;;;;;;;;;;;;;;;;;;;;;;;;;;;;;;;;;;;;;;;;;;;;;;;;;;;;;;;;;;;;;;;;;;;;;;;;;;;;;;;;;;;;;;;;;;;;;;;;;;;;;;;;;;;;;;;;;;;;;;;;;;;;;;;;;;;;;;;;
-6.700;;;;;;;;;;;;;;;;;;;;;;;;;;;;;;;;;;;;;;;;;;;;;;;;;;;;;;;;;;;;;;;;;;;;;;;;;;;;;;;;;;;;;;;;;;;;;;;;;;;;;;;;;;;;;;;;;;;;;;;;;;;;;;;;;;;;;;;;;;;;;;
-6.800;;;;;;;;;;;;;;;;;;;;;;;;;;;;;;;;;;;;;;;;;;;;;;;;;;;;;;;;;;;;;;;;;;;;;;;;;;;;;;;;;;;;;;;;;;;;;;;;;;;;;;;;;;;;;;;;;;;;;;;;;;;;;;;;;;;;;;;;;;;;;;
-6.900;;;;;;;;;;;;;;;;;;;;;;;;;;;;;;;;;;;;;;;;;;;;;;;;;;;;;;;;;;;;;;;;;;;;;;;;;;;;;;;;;;;;;;;;;;;;;;;;;;;;;;;;;;;;;;;;;;;;;;;;;;;;;;;;;;;;;;;;;;;;;;
-7.000;;;;;;;;;;;;;;;;;;;;;;;;;;;;;;;;;;;;;;;;;;;;;;;;;;;;;;;;;;;;;;;;;;;;;;;;;;;;;;;;;;;;;;;;;;;;;;;;;;;;;;;;;;;;;;;;;;;;;;;;;;;;;;;;;;;;;;;;;;;;;;
TOTAL CORNEAL REFRACTIVE POWER;-7.000;-6.900;-6.800;-6.700;-6.600;-6.500;-6.400;-6.300;-6.200;-6.100;-6.000;-5.900;-5.800;-5.700;-5.600;-5.500;-5.400;-5.300;-5.200;-5.100;-5.000;-4.900;-4.800;-4.700;-4.600;-4.500;-4.400;-4.300;-4.200;-4.100;-4.000;-3.900;-3.800;-3.700;-3.600;-3.500;-3.400;-3.300;-3.200;-3.100;-3.000;-2.900;-2.800;-2.700;-2.600;-2.500;-2.400;-2.300;-2.200;-2.100;-2.000;-1.900;-1.800;-1.700;-1.600;-1.500;-1.400;-1.300;-1.200;-1.100;-1.000;-0.900;-0.800;-0.700;-0.600;-0.500;-0.400;-0.300;-0.200;-0.100;0.000;0.100;0.200;0.300;0.400;0.500;0.600;0.700;0.800;0.900;1.000;1.100;1.200;1.300;1.400;1.500;1.600;1.700;1.800;1.900;2.000;2.100;2.200;2.300;2.400;2.500;2.600;2.700;2.800;2.900;3.000;3.100;3.200;3.300;3.400;3.500;3.600;3.700;3.800;3.900;4.000;4.100;4.200;4.300;4.400;4.500;4.600;4.700;4.800;4.900;5.000;5.100;5.200;5.300;5.400;5.500;5.600;5.700;5.800;5.900;6.000;6.100;6.200;6.300;6.400;6.500;6.600;6.700;6.800;6.900;7.000;
7.000;;;;;;;;;;;;;;;;;;;;;;;;;;;;;;;;;;;;;;;;;;;;;;;;;;;;;;;;;;;;;;;;;;;;;;;;;;;;;;;;;;;;;;;;;;;;;;;;;;;;;;;;;;;;;;;;;;;;;;;;;;;;;;;;;;;;;;;;;;;;;;
6.900;;;;;;;;;;;;;;;;;;;;;;;;;;;;;;;;;;;;;;;;;;;;;;;;;;;;;;;;;;;;;;;;;;;;;;;;;;;;;;;;;;;;;;;;;;;;;;;;;;;;;;;;;;;;;;;;;;;;;;;;;;;;;;;;;;;;;;;;;;;;;;
6.800;;;;;;;;;;;;;;;;;;;;;;;;;;;;;;;;;;;;;;;;;;;;;;;;;;;;;;;;;;;;;;;;;;;;;;;;;;;;;;;;;;;;;;;;;;;;;;;;;;;;;;;;;;;;;;;;;;;;;;;;;;;;;;;;;;;;;;;;;;;;;;
6.700;;;;;;;;;;;;;;;;;;;;;;;;;;;;;;;;;;;;;;;;;;;;;;;;;;;;;;;;;;;;;;;;;;;;;;;;;;;;;;;;;;;;;;;;;;;;;;;;;;;;;;;;;;;;;;;;;;;;;;;;;;;;;;;;;;;;;;;;;;;;;;
6.600;;;;;;;;;;;;;;;;;;;;;;;;;;;;;;;;;;;;;;;;;;;;;;;;;;;;;;;;;;;;;;;;;;;;;;;;;;;;;;;;;;;;;;;;;;;;;;;;;;;;;;;;;;;;;;;;;;;;;;;;;;;;;;;;;;;;;;;;;;;;;;
6.500;;;;;;;;;;;;;;;;;;;;;;;;;;;;;;;;;;;;;;;;;;;;;;;;;;;;;;;;;;;;;;;;;;;;;;;;;;;;;;;;;;;;;;;;;;;;;;;;;;;;;;;;;;;;;;;;;;;;;;;;;;;;;;;;;;;;;;;;;;;;;;
6.400;;;;;;;;;;;;;;;;;;;;;;;;;;;;;;;;;;;;;;;;;;;;;;;;;;;;;;;;;;;;;;;;;;;;;;;;;;;;;;;;;;;;;;;;;;;;;;;;;;;;;;;;;;;;;;;;;;;;;;;;;;;;;;;;;;;;;;;;;;;;;;
6.300;;;;;;;;;;;;;;;;;;;;;;;;;;;;;;;;;;;;;;;;;;;;;;;;;;;;;;;;;;;;;;;;;;;;;;;;;;;;;;;;;;;;;;;;;;;;;;;;;;;;;;;;;;;;;;;;;;;;;;;;;;;;;;;;;;;;;;;;;;;;;;
6.200;;;;;;;;;;;;;;;;;;;;;;;;;;;;;;;;;;;;;;;;;;;;;;;;;;;;;;;;;;;;;;;;;;;;;;;;;;;;;;;;;;;;;;;;;;;;;;;;;;;;;;;;;;;;;;;;;;;;;;;;;;;;;;;;;;;;;;;;;;;;;;
6.100;;;;;;;;;;;;;;;;;;;;;;;;;;;;;;;;;;;;;;;;;;;;;;;;;;;;;;;;;;;;;;;;;;;;;;;;;;;;;;;;;;;;;;;;;;;;;;;;;;;;;;;;;;;;;;;;;;;;;;;;;;;;;;;;;;;;;;;;;;;;;;
6.000;;;;;;;;;;;;;;;;;;;;;;;;;;;;;;;;;;;;;;;;;;;;;;;;;;;;;;;;;;;;;;;;;;;;;;;;;;;;;;;;;;;;;;;;;;;;;;;;;;;;;;;;;;;;;;;;;;;;;;;;;;;;;;;;;;;;;;;;;;;;;;
5.900;;;;;;;;;;;;;;;;;;;;;;;;;;;;;;;;;;;;;;;;;;;;;;;;;;;;;;;;;;;;;;;;;;;;;;;;;;;;;;;;;;;;;;;;;;;;;;;;;;;;;;;;;;;;;;;;;;;;;;;;;;;;;;;;;;;;;;;;;;;;;;
5.800;;;;;;;;;;;;;;;;;;;;;;;;;;;;;;;;;;;;;;;;;;;;;;;;;;;;;;;;;;;;;;;;;;;;;;;;;;;;;;;;;;;;;;;;;;;;;;;;;;;;;;;;;;;;;;;;;;;;;;;;;;;;;;;;;;;;;;;;;;;;;;
5.700;;;;;;;;;;;;;;;;;;;;;;;;;;;;;;;;;;;;;;;;;;;;;;;;;;;;;;;;;;;;;;;;;;;;;;;;;;;;;;;;;;;;;;;;;;;;;;;;;;;;;;;;;;;;;;;;;;;;;;;;;;;;;;;;;;;;;;;;;;;;;;
5.600;;;;;;;;;;;;;;;;;;;;;;;;;;;;;;;;;;;;;;;;;;;;;;;;;;;;;;;;;;;;;;;;;;;;;;;;;;;;;;;;;;;;;;;;;;;;;;;;;;;;;;;;;;;;;;;;;;;;;;;;;;;;;;;;;;;;;;;;;;;;;;
5.500;;;;;;;;;;;;;;;;;;;;;;;;;;;;;;;;;;;;;;;;;;;;;;;;;;;;;;;;;;;;;;;;;;;;;;;;;;;;;;;;;;;;;;;;;;;;;;;;;;;;;;;;;;;;;;;;;;;;;;;;;;;;;;;;;;;;;;;;;;;;;;
5.400;;;;;;;;;;;;;;;;;;;;;;;;;;;;;;;;;;;;;;;;;;;;;;;;;;;;;;;;;;;;;;;;;;;;;;;;;;;;;;;;;;;;;;;;;;;;;;;;;;;;;;;;;;;;;;;;;;;;;;;;;;;;;;;;;;;;;;;;;;;;;;
5.300;;;;;;;;;;;;;;;;;;;;;;;;;;;;;;;;;;;;;;;;;;;;;;;;;;;;;;;;;;;;;;;;;;;;;;;;;;;;;;;;;;;;;;;;;;;;;;;;;;;;;;;;;;;;;;;;;;;;;;;;;;;;;;;;;;;;;;;;;;;;;;
5.200;;;;;;;;;;;;;;;;;;;;;;;;;;;;;;;;;;;;;;;;;;;;;;;;;;;;;;;;;;;;;;;;;;;;;;;;;;;;;;;;;;;;;;;;;;;;;;;;;;;;;;;;;;;;;;;;;;;;;;;;;;;;;;;;;;;;;;;;;;;;;;
5.100;;;;;;;;;;;;;;;;;;;;;;;;;;;;;;;;;;;;;;;;;;;;;;;;;;;;;;;;;;;;;;;;;;;;;;;;;;;;;;;;;;;;;;;;;;;;;;;;;;;;;;;;;;;;;;;;;;;;;;;;;;;;;;;;;;;;;;;;;;;;;;
5.000;;;;;;;;;;;;;;;;;;;;;;;;;;;;;;;;;;;;;;;;;;;;;;;;;;;;;;;;;;;;;;;;;;;;;;;;;;;;;;;;;;;;;;;;;;;;;;;;;;;;;;;;;;;;;;;;;;;;;;;;;;;;;;;;;;;;;;;;;;;;;;
4.900;;;;;;;;;;;;;;;;;;;;;;;;;;;;;;;;;;;;;;;;;;;;;;;;;;;;;;;;;;;;;;;;;;;57.2;57.2;57.1;57.0;56.9;56.8;56.7;56.6;56.6;56.5;56.4;56.3;56.2;56.1;56.0;55.9;55.9;;;;;;;;;;;;;;;;;;;;;;;;;;;;;;;;;;;;;;;;;;;;;;;;;;;;;;;;;;;
4.800;;;;;;;;;;;;;;;;;;;;;;;;;;;;;;;;;;;;;;;;;;;;;;;;;;;;;;;;;;;;;;57.2;57.1;57.0;56.9;56.8;56.7;56.6;56.4;56.3;56.2;56.1;56.0;55.9;55.9;55.8;55.7;55.6;55.5;55.5;55.4;55.4;55.3;55.3;55.2;55.2;55.1;55.1;;;;;;;;;;;;;;;;;;;;;;;;;;;;;;;;;;;;;;;;;;;;;;;;;;;;;;
4.700;;;;;;;;;;;;;;;;;;;;;;;;;;;;;;;;;;;;;;;;;;;;;;;;;;;;;;;;;;;57.0;56.9;56.8;56.7;56.5;56.4;56.3;56.1;56.0;55.8;55.7;55.5;55.4;55.3;55.2;55.1;55.0;54.9;54.8;54.8;54.7;54.7;54.6;54.6;54.6;54.6;54.6;54.5;54.6;54.6;54.6;54.6;54.6;;;;;;;;;;;;;;;;;;;;;;;;;;;;;;;;;;;;;;;;;;;;;;;;;;;
4.600;;;;;;;;;;;;;;;;;;;;;;;;;;;;;;;;;;;;;;;;;;;;;;;;;;;;;;;;;56.8;56.7;56.6;56.4;56.2;56.1;55.9;55.7;55.5;55.3;55.1;54.9;54.8;54.6;54.5;54.3;54.2;54.1;54.0;53.9;53.9;53.8;53.8;53.7;53.7;53.7;53.7;53.7;53.7;53.8;53.8;53.8;53.9;54.0;54.1;54.2;54.3;54.4;;;;;;;;;;;;;;;;;;;;;;;;;;;;;;;;;;;;;;;;;;;;;;;;
4.500;;;;;;;;;;;;;;;;;;;;;;;;;;;;;;;;;;;;;;;;;;;;;;;;;;;;;;56.8;56.7;56.5;56.4;56.2;56.0;55.7;55.5;55.3;55.0;54.8;54.6;54.4;54.1;54.0;53.8;53.6;53.4;53.3;53.2;53.1;53.0;52.9;52.8;52.8;52.7;52.7;52.7;52.7;52.7;52.7;52.7;52.8;52.8;52.9;53.0;53.1;53.3;53.4;53.6;53.7;53.9;54.1;;;;;;;;;;;;;;;;;;;;;;;;;;;;;;;;;;;;;;;;;;;;;;
4.400;;;;;;;;;;;;;;;;;;;;;;;;;;;;;;;;;;;;;;;;;;;;;;;;;;;;56.6;56.5;56.4;56.2;56.0;55.8;55.5;55.2;55.0;54.7;54.4;54.2;53.9;53.6;53.4;53.2;53.0;52.8;52.6;52.5;52.3;52.2;52.1;52.0;51.9;51.8;51.7;51.7;51.7;51.6;51.6;51.6;51.6;51.7;51.7;51.8;51.9;52.0;52.2;52.3;52.5;52.7;52.9;53.2;53.4;53.7;54.0;;;;;;;;;;;;;;;;;;;;;;;;;;;;;;;;;;;;;;;;;;;;
4.300;;;;;;;;;;;;;;;;;;;;;;;;;;;;;;;;;;;;;;;;;;;;;;;;;;;56.4;56.3;56.1;55.9;55.6;55.4;55.1;54.8;54.5;54.2;53.9;53.6;53.3;53.0;52.8;52.5;52.3;52.1;51.9;51.7;51.5;51.4;51.3;51.1;51.0;50.9;50.9;50.8;50.7;50.7;50.7;50.6;50.6;50.6;50.7;50.7;50.8;50.9;51.0;51.2;51.3;51.5;51.8;52.0;52.3;52.6;52.9;53.2;53.6;54.0;;;;;;;;;;;;;;;;;;;;;;;;;;;;;;;;;;;;;;;;;;
4.200;;;;;;;;;;;;;;;;;;;;;;;;;;;;;;;;;;;;;;;;;;;;;;;;;56.4;56.2;56.1;55.9;55.6;55.3;55.0;54.7;54.4;54.0;53.7;53.4;53.0;52.7;52.4;52.2;51.9;51.7;51.4;51.2;51.0;50.9;50.7;50.6;50.4;50.3;50.2;50.1;50.0;49.9;49.9;49.8;49.7;49.7;49.7;49.7;49.7;49.7;49.8;49.9;50.0;50.1;50.3;50.5;50.8;51.0;51.3;51.7;52.0;52.4;52.8;53.2;53.6;;;;;;;;;;;;;;;;;;;;;;;;;;;;;;;;;;;;;;;;;
4.100;;;;;;;;;;;;;;;;;;;;;;;;;;;;;;;;;;;;;;;;;;;;;;;56.2;56.2;56.0;55.8;55.6;55.3;55.0;54.7;54.3;54.0;53.6;53.3;52.9;52.6;52.3;52.0;51.7;51.4;51.2;51.0;50.7;50.6;50.4;50.2;50.0;49.9;49.8;49.7;49.5;49.4;49.3;49.2;49.1;49.1;49.0;48.9;48.9;48.9;48.8;48.9;48.9;48.9;49.0;49.2;49.3;49.5;49.7;50.0;50.3;50.6;51.0;51.4;51.8;52.3;52.8;53.3;53.8;;;;;;;;;;;;;;;;;;;;;;;;;;;;;;;;;;;;;;;
4.000;;;;;;;;;;;;;;;;;;;;;;;;;;;;;;;;;;;;;;;;;;;;;;56.1;56.0;55.8;55.6;55.4;55.1;54.7;54.4;54.0;53.7;53.3;53.0;52.6;52.3;52.0;51.7;51.4;51.1;50.9;50.6;50.4;50.2;50.0;49.8;49.7;49.5;49.4;49.3;49.1;49.0;48.9;48.8;48.7;48.6;48.5;48.4;48.3;48.2;48.1;48.1;48.1;48.1;48.1;48.2;48.2;48.4;48.5;48.7;49.0;49.3;49.6;50.0;50.4;50.8;51.3;51.8;52.3;52.9;53.4;;;;;;;;;;;;;;;;;;;;;;;;;;;;;;;;;;;;;;
3.900;;;;;;;;;;;;;;;;;;;;;;;;;;;;;;;;;;;;;;;;;;;;;55.9;55.8;55.6;55.4;55.1;54.8;54.5;54.2;53.8;53.4;53.1;52.7;52.4;52.0;51.7;51.4;51.1;50.9;50.6;50.4;50.2;50.0;49.8;49.6;49.4;49.2;49.1;48.9;48.8;48.7;48.5;48.4;48.3;48.2;48.0;47.9;47.8;47.7;47.6;47.6;47.5;47.4;47.4;47.4;47.4;47.4;47.5;47.6;47.8;48.0;48.3;48.6;49.0;49.4;49.8;50.3;50.8;51.4;52.0;52.5;53.1;;;;;;;;;;;;;;;;;;;;;;;;;;;;;;;;;;;;;
3.800;;;;;;;;;;;;;;;;;;;;;;;;;;;;;;;;;;;;;;;;;;;55.8;55.8;55.7;55.5;55.2;55.0;54.6;54.3;54.0;53.6;53.2;52.9;52.5;52.2;51.8;51.5;51.2;51.0;50.7;50.5;50.2;50.0;49.8;49.6;49.4;49.1;48.9;48.8;48.6;48.4;48.3;48.1;48.0;47.9;47.7;47.6;47.5;47.4;47.3;47.2;47.1;47.0;46.9;46.8;46.8;46.7;46.7;46.7;46.7;46.8;47.0;47.2;47.4;47.7;48.0;48.4;48.8;49.3;49.8;50.4;51.0;51.6;52.2;52.9;53.5;;;;;;;;;;;;;;;;;;;;;;;;;;;;;;;;;;;
3.700;;;;;;;;;;;;;;;;;;;;;;;;;;;;;;;;;;;;;;;;;;55.6;55.6;55.5;55.3;55.1;54.8;54.5;54.1;53.8;53.4;53.1;52.7;52.4;52.0;51.7;51.4;51.2;50.9;50.7;50.4;50.1;49.9;49.6;49.4;49.1;48.9;48.7;48.4;48.2;48.0;47.9;47.7;47.5;47.4;47.3;47.1;47.0;46.9;46.8;46.7;46.6;46.5;46.4;46.4;46.3;46.2;46.2;46.1;46.1;46.1;46.1;46.2;46.4;46.6;46.8;47.1;47.5;47.9;48.3;48.9;49.4;50.0;50.6;51.3;51.9;52.6;53.3;;;;;;;;;;;;;;;;;;;;;;;;;;;;;;;;;;
3.600;;;;;;;;;;;;;;;;;;;;;;;;;;;;;;;;;;;;;;;;;55.5;55.4;55.3;55.1;54.9;54.7;54.3;54.0;53.7;53.3;53.0;52.6;52.3;52.0;51.7;51.4;51.1;50.9;50.6;50.3;50.1;49.8;49.5;49.2;48.9;48.7;48.4;48.2;48.0;47.7;47.5;47.3;47.1;47.0;46.8;46.7;46.5;46.4;46.3;46.2;46.1;46.0;45.9;45.8;45.7;45.7;45.6;45.6;45.5;45.5;45.5;45.5;45.6;45.7;45.8;46.0;46.3;46.6;47.0;47.4;47.9;48.5;49.0;49.7;50.3;51.0;51.7;52.4;53.1;;;;;;;;;;;;;;;;;;;;;;;;;;;;;;;;;
3.500;;;;;;;;;;;;;;;;;;;;;;;;;;;;;;;;;;;;;;;;55.3;55.3;55.2;55.0;54.8;54.5;54.2;53.9;53.6;53.2;52.9;52.6;52.2;51.9;51.7;51.4;51.1;50.9;50.6;50.3;50.0;49.7;49.4;49.1;48.8;48.5;48.2;48.0;47.7;47.5;47.2;47.0;46.8;46.6;46.4;46.2;46.1;45.9;45.8;45.7;45.5;45.4;45.3;45.2;45.1;45.1;45.0;45.0;44.9;44.9;44.9;44.9;44.9;45.0;45.1;45.2;45.3;45.6;45.9;46.2;46.6;47.0;47.6;48.1;48.7;49.4;50.0;50.7;51.4;52.2;52.9;;;;;;;;;;;;;;;;;;;;;;;;;;;;;;;;
3.400;;;;;;;;;;;;;;;;;;;;;;;;;;;;;;;;;;;;;;;55.1;55.1;55.0;54.9;54.7;54.4;54.1;53.8;53.5;53.2;52.8;52.5;52.2;51.9;51.7;51.4;51.2;50.9;50.6;50.3;50.0;49.7;49.4;49.1;48.7;48.4;48.1;47.8;47.5;47.2;47.0;46.7;46.5;46.2;46.0;45.8;45.6;45.5;45.3;45.2;45.0;44.9;44.8;44.7;44.6;44.5;44.4;44.4;44.3;44.3;44.3;44.3;44.3;44.3;44.4;44.5;44.6;44.7;44.9;45.2;45.5;45.8;46.2;46.7;47.2;47.8;48.4;49.1;49.8;50.5;51.3;52.0;52.7;;;;;;;;;;;;;;;;;;;;;;;;;;;;;;;
3.300;;;;;;;;;;;;;;;;;;;;;;;;;;;;;;;;;;;;;;54.9;54.9;54.9;54.7;54.6;54.3;54.1;53.8;53.4;53.1;52.8;52.5;52.2;52.0;51.7;51.4;51.2;50.9;50.6;50.3;50.0;49.7;49.4;49.0;48.7;48.4;48.0;47.7;47.4;47.1;46.8;46.5;46.2;45.9;45.7;45.5;45.2;45.0;44.9;44.7;44.5;44.4;44.3;44.2;44.0;43.9;43.9;43.8;43.7;43.7;43.6;43.6;43.6;43.6;43.7;43.8;43.9;44.0;44.2;44.3;44.5;44.8;45.1;45.5;46.0;46.4;47.0;47.6;48.2;48.9;49.6;50.4;51.1;51.9;52.6;;;;;;;;;;;;;;;;;;;;;;;;;;;;;;
3.200;;;;;;;;;;;;;;;;;;;;;;;;;;;;;;;;;;;;;;54.7;54.7;54.6;54.5;54.2;54.0;53.7;53.4;53.1;52.8;52.5;52.2;52.0;51.7;51.5;51.2;50.9;50.6;50.3;50.0;49.7;49.4;49.1;48.7;48.4;48.0;47.7;47.3;47.0;46.6;46.3;46.0;45.7;45.4;45.1;44.9;44.7;44.5;44.3;44.1;43.9;43.8;43.6;43.5;43.4;43.3;43.2;43.1;43.1;43.0;43.0;43.0;43.0;43.0;43.0;43.1;43.3;43.4;43.6;43.8;44.0;44.2;44.5;44.9;45.3;45.7;46.2;46.8;47.4;48.1;48.8;49.5;50.3;51.0;51.8;52.5;;;;;;;;;;;;;;;;;;;;;;;;;;;;;
3.100;;;;;;;;;;;;;;;;;;;;;;;;;;;;;;;;;;;;;54.5;54.5;54.5;54.3;54.2;53.9;53.7;53.4;53.1;52.8;52.5;52.3;52.0;51.8;51.5;51.2;51.0;50.7;50.4;50.1;49.8;49.4;49.1;48.8;48.4;48.0;47.7;47.3;46.9;46.6;46.2;45.8;45.5;45.2;44.9;44.6;44.3;44.1;43.9;43.7;43.5;43.3;43.2;43.0;42.9;42.8;42.7;42.6;42.5;42.4;42.4;42.4;42.3;42.4;42.4;42.4;42.5;42.6;42.8;43.0;43.2;43.4;43.7;44.0;44.3;44.7;45.1;45.6;46.1;46.7;47.3;48.0;48.7;49.4;50.2;50.9;51.7;;;;;;;;;;;;;;;;;;;;;;;;;;;;;
3.000;;;;;;;;;;;;;;;;;;;;;;;;;;;;;;;;;;;;54.3;54.4;54.3;54.2;54.1;53.9;53.7;53.4;53.1;52.8;52.6;52.3;52.1;51.8;51.6;51.3;51.0;50.7;50.5;50.2;49.8;49.5;49.2;48.8;48.5;48.1;47.7;47.3;46.9;46.5;46.1;45.8;45.4;45.0;44.7;44.4;44.1;43.8;43.5;43.3;43.1;42.9;42.7;42.6;42.4;42.3;42.2;42.1;42.0;41.9;41.8;41.8;41.8;41.7;41.8;41.8;41.8;41.9;42.0;42.2;42.4;42.6;42.9;43.2;43.5;43.8;44.1;44.5;45.0;45.4;46.0;46.6;47.2;47.9;48.6;49.4;50.1;50.9;51.6;;;;;;;;;;;;;;;;;;;;;;;;;;;;
2.900;;;;;;;;;;;;;;;;;;;;;;;;;;;;;;;;;;;54.1;54.2;54.2;54.1;54.0;53.8;53.6;53.4;53.1;52.9;52.6;52.4;52.1;51.9;51.6;51.4;51.1;50.8;50.5;50.2;49.9;49.6;49.3;48.9;48.6;48.2;47.8;47.4;47.0;46.6;46.1;45.7;45.3;44.9;44.6;44.2;43.9;43.5;43.3;43.0;42.7;42.5;42.3;42.1;42.0;41.8;41.7;41.6;41.5;41.4;41.3;41.3;41.2;41.2;41.2;41.2;41.2;41.3;41.4;41.5;41.6;41.8;42.0;42.3;42.6;42.9;43.3;43.6;44.0;44.4;44.9;45.4;45.9;46.5;47.2;47.9;48.6;49.4;50.1;50.9;51.6;;;;;;;;;;;;;;;;;;;;;;;;;;;
2.800;;;;;;;;;;;;;;;;;;;;;;;;;;;;;;;;;;;53.9;54.0;54.0;53.9;53.8;53.6;53.4;53.2;52.9;52.7;52.4;52.2;51.9;51.7;51.4;51.1;50.9;50.6;50.3;50.0;49.7;49.4;49.0;48.7;48.3;47.9;47.5;47.1;46.6;46.2;45.8;45.3;44.9;44.5;44.1;43.7;43.4;43.0;42.7;42.4;42.2;42.0;41.7;41.6;41.4;41.3;41.1;41.0;40.9;40.8;40.8;40.7;40.7;40.6;40.6;40.6;40.7;40.7;40.8;41.0;41.1;41.3;41.5;41.8;42.1;42.4;42.8;43.2;43.5;43.9;44.4;44.9;45.4;45.9;46.6;47.2;47.9;48.6;49.4;50.1;50.9;51.6;;;;;;;;;;;;;;;;;;;;;;;;;;
2.700;;;;;;;;;;;;;;;;;;;;;;;;;;;;;;;;;;53.7;53.8;53.8;53.8;53.7;53.6;53.4;53.2;53.0;52.7;52.5;52.2;52.0;51.7;51.5;51.2;51.0;50.7;50.4;50.1;49.8;49.5;49.1;48.8;48.4;48.0;47.6;47.2;46.8;46.3;45.9;45.4;44.9;44.5;44.1;43.6;43.2;42.9;42.5;42.2;41.9;41.6;41.4;41.2;41.0;40.9;40.7;40.6;40.5;40.4;40.3;40.2;40.2;40.1;40.1;40.1;40.1;40.2;40.2;40.3;40.4;40.6;40.8;41.0;41.3;41.6;41.9;42.3;42.7;43.1;43.5;43.9;44.4;44.9;45.4;46.0;46.6;47.3;48.0;48.7;49.5;50.2;51.0;;;;;;;;;;;;;;;;;;;;;;;;;;
2.600;;;;;;;;;;;;;;;;;;;;;;;;;;;;;;;;;53.4;53.6;53.7;53.7;53.6;53.5;53.4;53.2;53.0;52.8;52.6;52.3;52.1;51.8;51.6;51.3;51.0;50.8;50.5;50.2;49.9;49.6;49.3;48.9;48.5;48.2;47.8;47.3;46.9;46.4;46.0;45.5;45.0;44.6;44.1;43.6;43.2;42.8;42.4;42.0;41.7;41.4;41.1;40.9;40.7;40.5;40.3;40.2;40.1;40.0;39.9;39.8;39.7;39.7;39.6;39.6;39.6;39.6;39.7;39.7;39.8;40.0;40.1;40.3;40.5;40.8;41.1;41.4;41.8;42.2;42.7;43.1;43.5;43.9;44.4;44.9;45.5;46.0;46.7;47.4;48.1;48.8;49.5;50.3;51.0;;;;;;;;;;;;;;;;;;;;;;;;;
2.500;;;;;;;;;;;;;;;;;;;;;;;;;;;;;;;;;53.3;53.5;53.5;53.5;53.5;53.4;53.2;53.1;52.9;52.6;52.4;52.2;51.9;51.7;51.4;51.1;50.9;50.6;50.3;50.0;49.7;49.4;49.0;48.7;48.3;47.9;47.5;47.1;46.6;46.1;45.7;45.2;44.7;44.2;43.7;43.2;42.8;42.3;41.9;41.6;41.2;40.9;40.6;40.4;40.2;40.0;39.8;39.7;39.6;39.5;39.4;39.3;39.3;39.2;39.2;39.2;39.2;39.2;39.2;39.3;39.4;39.5;39.7;39.9;40.1;40.4;40.7;41.0;41.4;41.8;42.2;42.7;43.1;43.5;44.0;44.5;45.0;45.5;46.1;46.8;47.5;48.2;48.9;49.7;50.4;;;;;;;;;;;;;;;;;;;;;;;;;
2.400;;;;;;;;;;;;;;;;;;;;;;;;;;;;;;;;53.0;53.2;53.3;53.4;53.4;53.3;53.3;53.1;52.9;52.7;52.5;52.3;52.0;51.8;51.5;51.2;51.0;50.7;50.4;50.1;49.8;49.5;49.2;48.8;48.5;48.1;47.7;47.3;46.8;46.3;45.8;45.3;44.8;44.3;43.8;43.3;42.8;42.3;41.9;41.5;41.1;40.8;40.4;40.2;39.9;39.7;39.5;39.4;39.2;39.1;39.0;38.9;38.9;38.8;38.8;38.8;38.8;38.8;38.8;38.8;38.9;39.0;39.1;39.3;39.5;39.7;40.0;40.2;40.6;40.9;41.3;41.8;42.2;42.7;43.2;43.6;44.1;44.6;45.1;45.7;46.3;46.9;47.6;48.3;49.1;49.8;50.5;;;;;;;;;;;;;;;;;;;;;;;;
2.300;;;;;;;;;;;;;;;;;;;;;;;;;;;;;;;;52.9;53.1;53.2;53.3;53.3;53.2;53.1;53.0;52.8;52.6;52.4;52.2;51.9;51.6;51.4;51.1;50.8;50.5;50.2;50.0;49.6;49.3;49.0;48.6;48.3;47.9;47.4;47.0;46.5;46.1;45.6;45.0;44.5;44.0;43.5;42.9;42.4;41.9;41.5;41.1;40.7;40.3;40.0;39.7;39.5;39.3;39.1;38.9;38.8;38.7;38.6;38.5;38.5;38.4;38.4;38.4;38.4;38.4;38.4;38.5;38.5;38.6;38.8;38.9;39.1;39.3;39.6;39.9;40.2;40.5;40.9;41.4;41.8;42.3;42.8;43.3;43.7;44.2;44.7;45.3;45.8;46.5;47.1;47.8;48.5;49.3;50.0;50.7;;;;;;;;;;;;;;;;;;;;;;;
2.200;;;;;;;;;;;;;;;;;;;;;;;;;;;;;;;52.6;52.8;53.0;53.1;53.2;53.2;53.1;53.1;52.9;52.8;52.6;52.3;52.1;51.8;51.5;51.2;51.0;50.7;50.4;50.1;49.8;49.5;49.1;48.8;48.4;48.1;47.6;47.2;46.8;46.3;45.8;45.3;44.7;44.2;43.7;43.1;42.6;42.1;41.6;41.1;40.7;40.3;39.9;39.6;39.3;39.1;38.9;38.7;38.5;38.4;38.3;38.2;38.2;38.1;38.1;38.0;38.0;38.0;38.0;38.1;38.1;38.2;38.3;38.4;38.6;38.8;39.0;39.2;39.5;39.8;40.2;40.6;41.0;41.4;41.9;42.4;42.9;43.4;43.9;44.3;44.9;45.4;46.0;46.6;47.3;48.0;48.7;49.5;50.2;;;;;;;;;;;;;;;;;;;;;;;
2.100;;;;;;;;;;;;;;;;;;;;;;;;;;;;;;;52.5;52.8;52.9;53.0;53.1;53.1;53.1;53.0;52.9;52.7;52.5;52.2;52.0;51.7;51.4;51.1;50.8;50.5;50.2;49.9;49.6;49.3;49.0;48.6;48.2;47.8;47.4;47.0;46.5;46.0;45.5;45.0;44.5;43.9;43.3;42.8;42.2;41.7;41.2;40.7;40.3;39.9;39.5;39.2;38.9;38.7;38.5;38.3;38.2;38.1;38.0;37.9;37.8;37.8;37.7;37.7;37.7;37.7;37.7;37.8;37.8;37.9;38.0;38.1;38.3;38.4;38.7;38.9;39.2;39.5;39.8;40.2;40.6;41.1;41.6;42.1;42.6;43.1;43.5;44.0;44.5;45.0;45.6;46.2;46.9;47.5;48.2;49.0;49.7;50.4;;;;;;;;;;;;;;;;;;;;;;
2.000;;;;;;;;;;;;;;;;;;;;;;;;;;;;;;52.2;52.5;52.7;52.9;53.0;53.1;53.1;53.0;53.0;52.8;52.6;52.4;52.1;51.9;51.6;51.3;51.0;50.7;50.4;50.1;49.8;49.5;49.1;48.8;48.4;48.1;47.6;47.2;46.8;46.3;45.8;45.3;44.7;44.2;43.6;43.0;42.5;41.9;41.4;40.9;40.4;39.9;39.5;39.2;38.8;38.6;38.3;38.1;38.0;37.9;37.7;37.7;37.6;37.5;37.5;37.5;37.4;37.4;37.4;37.5;37.5;37.5;37.6;37.7;37.8;38.0;38.2;38.4;38.6;38.9;39.2;39.5;39.9;40.3;40.7;41.2;41.7;42.2;42.8;43.2;43.7;44.2;44.7;45.3;45.8;46.5;47.1;47.8;48.5;49.2;49.9;;;;;;;;;;;;;;;;;;;;;;
1.900;;;;;;;;;;;;;;;;;;;;;;;;;;;;;;52.1;52.4;52.6;52.8;52.9;53.0;53.0;53.0;52.9;52.8;52.6;52.3;52.1;51.8;51.5;51.2;50.9;50.6;50.3;50.0;49.7;49.3;49.0;48.6;48.3;47.9;47.5;47.0;46.6;46.1;45.6;45.0;44.5;43.9;43.3;42.8;42.2;41.6;41.1;40.5;40.0;39.6;39.2;38.8;38.5;38.2;38.0;37.8;37.7;37.6;37.5;37.4;37.3;37.3;37.2;37.2;37.2;37.2;37.2;37.2;37.2;37.3;37.4;37.5;37.6;37.7;37.9;38.1;38.3;38.6;38.9;39.2;39.6;40.0;40.4;40.9;41.4;41.9;42.4;42.9;43.4;43.9;44.4;44.9;45.5;46.1;46.7;47.4;48.1;48.8;49.5;;;;;;;;;;;;;;;;;;;;;;
1.800;;;;;;;;;;;;;;;;;;;;;;;;;;;;;51.7;52.1;52.4;52.6;52.8;52.9;53.0;53.0;53.0;52.9;52.8;52.6;52.3;52.0;51.7;51.4;51.1;50.8;50.5;50.2;49.9;49.5;49.2;48.8;48.5;48.1;47.7;47.3;46.8;46.4;45.9;45.3;44.8;44.3;43.7;43.1;42.5;41.9;41.3;40.8;40.2;39.7;39.3;38.9;38.5;38.2;37.9;37.7;37.6;37.4;37.3;37.2;37.1;37.1;37.0;37.0;37.0;37.0;37.0;37.0;37.0;37.0;37.1;37.1;37.2;37.4;37.5;37.7;37.9;38.1;38.3;38.6;39.0;39.3;39.7;40.1;40.6;41.1;41.6;42.1;42.6;43.1;43.6;44.1;44.6;45.2;45.8;46.4;47.0;47.7;48.4;49.1;49.8;;;;;;;;;;;;;;;;;;;;;
1.700;;;;;;;;;;;;;;;;;;;;;;;;;;;;;51.7;52.0;52.3;52.6;52.8;52.9;53.0;53.0;53.0;52.9;52.7;52.5;52.3;52.0;51.7;51.4;51.1;50.8;50.4;50.1;49.8;49.4;49.1;48.7;48.3;47.9;47.5;47.1;46.6;46.2;45.7;45.1;44.6;44.0;43.4;42.8;42.2;41.6;41.1;40.5;39.9;39.4;39.0;38.6;38.2;37.9;37.7;37.5;37.3;37.2;37.1;37.0;36.9;36.9;36.8;36.8;36.8;36.8;36.8;36.8;36.8;36.8;36.9;36.9;37.0;37.2;37.3;37.4;37.6;37.9;38.1;38.4;38.7;39.1;39.4;39.8;40.3;40.8;41.3;41.8;42.4;42.9;43.4;43.9;44.4;44.9;45.5;46.0;46.7;47.3;48.0;48.7;49.4;;;;;;;;;;;;;;;;;;;;;
1.600;;;;;;;;;;;;;;;;;;;;;;;;;;;;;51.6;52.0;52.3;52.5;52.8;52.9;53.0;53.0;53.0;52.9;52.7;52.5;52.2;52.0;51.7;51.3;51.0;50.7;50.4;50.0;49.7;49.3;49.0;48.6;48.2;47.8;47.4;46.9;46.5;46.0;45.5;44.9;44.4;43.8;43.2;42.6;42.0;41.4;40.8;40.2;39.7;39.2;38.7;38.3;38.0;37.7;37.4;37.2;37.1;36.9;36.9;36.8;36.7;36.7;36.7;36.6;36.6;36.6;36.6;36.6;36.6;36.7;36.7;36.8;36.9;37.0;37.1;37.3;37.4;37.7;37.9;38.2;38.5;38.8;39.2;39.6;40.0;40.5;41.0;41.5;42.1;42.6;43.1;43.6;44.1;44.6;45.2;45.7;46.3;47.0;47.6;48.3;49.0;;;;;;;;;;;;;;;;;;;;;
1.500;;;;;;;;;;;;;;;;;;;;;;;;;;;;51.2;51.6;52.0;52.3;52.5;52.8;52.9;53.0;53.1;53.0;52.9;52.7;52.5;52.2;52.0;51.6;51.3;51.0;50.7;50.3;50.0;49.6;49.2;48.8;48.5;48.1;47.6;47.2;46.8;46.3;45.8;45.3;44.7;44.2;43.6;43.0;42.4;41.8;41.2;40.6;40.0;39.4;38.9;38.5;38.1;37.7;37.4;37.2;37.0;36.9;36.8;36.7;36.6;36.6;36.5;36.5;36.5;36.5;36.5;36.5;36.5;36.5;36.5;36.6;36.6;36.7;36.8;36.9;37.1;37.3;37.5;37.7;38.0;38.3;38.6;39.0;39.3;39.8;40.2;40.7;41.2;41.8;42.3;42.9;43.4;43.9;44.4;44.9;45.5;46.1;46.7;47.3;48.0;48.7;49.3;;;;;;;;;;;;;;;;;;;;
1.400;;;;;;;;;;;;;;;;;;;;;;;;;;;;51.2;51.6;51.9;52.3;52.5;52.8;52.9;53.0;53.1;53.1;53.0;52.8;52.5;52.2;52.0;51.6;51.3;51.0;50.6;50.3;49.9;49.5;49.1;48.8;48.3;47.9;47.5;47.1;46.6;46.1;45.6;45.1;44.6;44.0;43.4;42.8;42.2;41.6;41.0;40.4;39.8;39.2;38.7;38.2;37.8;37.5;37.2;37.0;36.8;36.7;36.6;36.5;36.5;36.4;36.4;36.4;36.3;36.3;36.3;36.3;36.3;36.3;36.4;36.4;36.5;36.6;36.7;36.8;36.9;37.1;37.3;37.5;37.8;38.1;38.4;38.7;39.1;39.5;40.0;40.5;41.0;41.5;42.1;42.6;43.1;43.7;44.2;44.7;45.2;45.8;46.4;47.0;47.7;48.3;49.0;;;;;;;;;;;;;;;;;;;;
1.300;;;;;;;;;;;;;;;;;;;;;;;;;;;;51.1;51.6;51.9;52.3;52.5;52.8;53.0;53.1;53.1;53.1;53.0;52.8;52.5;52.3;52.0;51.6;51.3;51.0;50.6;50.2;49.9;49.5;49.1;48.7;48.2;47.8;47.4;46.9;46.4;46.0;45.5;44.9;44.4;43.8;43.2;42.6;42.0;41.4;40.8;40.2;39.6;39.0;38.5;38.0;37.6;37.3;37.0;36.8;36.7;36.5;36.5;36.4;36.3;36.3;36.3;36.2;36.2;36.2;36.2;36.2;36.2;36.2;36.3;36.3;36.4;36.4;36.5;36.6;36.8;37.0;37.1;37.4;37.6;37.9;38.2;38.5;38.9;39.3;39.8;40.2;40.7;41.3;41.8;42.4;42.9;43.4;44.0;44.5;45.0;45.6;46.1;46.7;47.4;48.0;48.7;;;;;;;;;;;;;;;;;;;;
1.200;;;;;;;;;;;;;;;;;;;;;;;;;;;50.6;51.1;51.6;51.9;52.3;52.6;52.8;53.0;53.1;53.2;53.2;53.0;52.8;52.6;52.3;52.0;51.7;51.3;51.0;50.6;50.2;49.8;49.4;49.0;48.6;48.2;47.7;47.3;46.8;46.3;45.8;45.3;44.8;44.2;43.6;43.1;42.5;41.8;41.2;40.6;40.0;39.4;38.8;38.3;37.8;37.5;37.1;36.9;36.7;36.5;36.4;36.3;36.3;36.2;36.2;36.2;36.1;36.1;36.1;36.1;36.1;36.1;36.1;36.1;36.2;36.2;36.3;36.4;36.5;36.7;36.8;37.0;37.2;37.5;37.7;38.0;38.4;38.7;39.1;39.6;40.0;40.5;41.0;41.6;42.1;42.7;43.2;43.8;44.3;44.8;45.3;45.9;46.5;47.1;47.7;48.4;49.1;;;;;;;;;;;;;;;;;;;
1.100;;;;;;;;;;;;;;;;;;;;;;;;;;;50.6;51.1;51.6;51.9;52.3;52.6;52.8;53.0;53.2;53.2;53.2;53.0;52.8;52.6;52.3;52.0;51.7;51.4;51.0;50.6;50.2;49.8;49.4;49.0;48.5;48.1;47.6;47.2;46.7;46.2;45.7;45.1;44.6;44.1;43.5;42.9;42.3;41.7;41.1;40.5;39.8;39.2;38.7;38.1;37.7;37.3;37.0;36.7;36.5;36.4;36.3;36.2;36.2;36.1;36.1;36.1;36.0;36.0;36.0;36.0;36.0;36.0;36.0;36.0;36.1;36.1;36.2;36.3;36.4;36.5;36.7;36.9;37.1;37.3;37.6;37.9;38.2;38.6;38.9;39.4;39.8;40.3;40.8;41.4;41.9;42.5;43.0;43.6;44.1;44.6;45.2;45.7;46.3;46.9;47.5;48.1;48.8;;;;;;;;;;;;;;;;;;;
1.000;;;;;;;;;;;;;;;;;;;;;;;;;;;50.6;51.1;51.6;52.0;52.3;52.6;52.9;53.1;53.2;53.3;53.2;53.1;52.9;52.7;52.4;52.1;51.8;51.4;51.0;50.6;50.2;49.8;49.4;48.9;48.5;48.0;47.5;47.1;46.6;46.1;45.5;45.0;44.5;43.9;43.3;42.8;42.2;41.6;40.9;40.3;39.7;39.1;38.5;38.0;37.5;37.1;36.8;36.6;36.4;36.3;36.2;36.1;36.1;36.1;36.0;36.0;36.0;35.9;35.9;35.9;35.9;35.9;35.9;36.0;36.0;36.0;36.1;36.2;36.3;36.4;36.6;36.8;37.0;37.2;37.5;37.7;38.1;38.4;38.8;39.2;39.6;40.1;40.6;41.2;41.7;42.3;42.9;43.4;43.9;44.5;45.0;45.5;46.1;46.6;47.2;47.9;48.5;;;;;;;;;;;;;;;;;;;
0.900;;;;;;;;;;;;;;;;;;;;;;;;;;;50.6;51.1;51.6;52.0;52.3;52.6;52.9;53.1;53.3;53.3;53.3;53.1;52.9;52.7;52.4;52.1;51.8;51.4;51.1;50.7;50.2;49.8;49.4;48.9;48.4;48.0;47.5;47.0;46.5;45.9;45.4;44.9;44.3;43.8;43.2;42.6;42.0;41.4;40.8;40.2;39.6;39.0;38.4;37.9;37.4;37.0;36.7;36.5;36.3;36.2;36.1;36.1;36.0;36.0;35.9;35.9;35.9;35.9;35.8;35.8;35.8;35.8;35.8;35.9;35.9;36.0;36.0;36.1;36.2;36.4;36.5;36.7;36.9;37.1;37.3;37.6;37.9;38.3;38.6;39.0;39.5;39.9;40.4;41.0;41.5;42.1;42.7;43.2;43.8;44.3;44.8;45.3;45.9;46.4;47.0;47.6;48.3;;;;;;;;;;;;;;;;;;;
0.800;;;;;;;;;;;;;;;;;;;;;;;;;;;50.7;51.2;51.6;52.0;52.4;52.7;52.9;53.2;53.3;53.4;53.3;53.2;53.0;52.8;52.5;52.2;51.9;51.5;51.1;50.7;50.3;49.8;49.4;48.9;48.4;47.9;47.4;46.9;46.4;45.8;45.3;44.7;44.2;43.6;43.1;42.5;41.9;41.3;40.7;40.1;39.5;38.9;38.3;37.8;37.3;36.9;36.6;36.4;36.2;36.1;36.1;36.0;36.0;35.9;35.9;35.8;35.8;35.8;35.8;35.8;35.7;35.8;35.8;35.8;35.8;35.9;36.0;36.1;36.2;36.3;36.4;36.6;36.8;37.0;37.2;37.5;37.8;38.1;38.5;38.9;39.3;39.8;40.3;40.8;41.4;41.9;42.5;43.1;43.6;44.2;44.7;45.2;45.7;46.2;46.8;47.4;48.0;;;;;;;;;;;;;;;;;;;
0.700;;;;;;;;;;;;;;;;;;;;;;;;;;;50.7;51.2;51.6;52.0;52.4;52.7;53.0;53.2;53.3;53.4;53.3;53.2;53.1;52.8;52.6;52.3;51.9;51.6;51.2;50.8;50.3;49.9;49.4;48.9;48.4;47.9;47.3;46.8;46.3;45.7;45.2;44.6;44.1;43.5;42.9;42.4;41.8;41.2;40.6;40.0;39.4;38.8;38.2;37.7;37.2;36.8;36.5;36.3;36.2;36.1;36.0;36.0;35.9;35.9;35.8;35.8;35.7;35.7;35.7;35.7;35.7;35.7;35.7;35.7;35.8;35.8;35.9;36.0;36.1;36.2;36.4;36.5;36.7;36.9;37.2;37.4;37.7;38.0;38.4;38.8;39.2;39.7;40.1;40.7;41.2;41.8;42.4;43.0;43.5;44.1;44.6;45.1;45.6;46.1;46.6;47.2;47.8;48.4;;;;;;;;;;;;;;;;;;
0.600;;;;;;;;;;;;;;;;;;;;;;;;;;50.2;50.7;51.2;51.7;52.1;52.4;52.7;53.0;53.2;53.4;53.4;53.4;53.3;53.1;52.9;52.6;52.3;52.0;51.6;51.2;50.8;50.4;49.9;49.4;48.9;48.4;47.8;47.3;46.7;46.2;45.6;45.1;44.5;43.9;43.4;42.8;42.2;41.7;41.1;40.5;40.0;39.4;38.8;38.2;37.6;37.1;36.7;36.4;36.2;36.1;36.0;36.0;35.9;35.9;35.8;35.8;35.7;35.7;35.6;35.6;35.6;35.6;35.6;35.7;35.7;35.7;35.8;35.9;36.0;36.1;36.2;36.3;36.5;36.7;36.9;37.1;37.3;37.6;37.9;38.3;38.7;39.1;39.5;40.0;40.5;41.1;41.7;42.3;42.9;43.4;43.9;44.5;44.9;45.4;45.9;46.5;47.0;47.6;48.2;;;;;;;;;;;;;;;;;;
0.500;;;;;;;;;;;;;;;;;;;;;;;;;;50.2;50.7;51.2;51.7;52.1;52.4;52.8;53.0;53.3;53.4;53.5;53.4;53.3;53.2;53.0;52.7;52.4;52.1;51.7;51.3;50.9;50.4;49.9;49.4;48.9;48.4;47.8;47.3;46.7;46.1;45.5;45.0;44.4;43.8;43.2;42.7;42.1;41.6;41.0;40.5;39.9;39.3;38.7;38.1;37.5;37.0;36.6;36.3;36.2;36.1;36.0;35.9;35.9;35.8;35.8;35.7;35.7;35.6;35.6;35.6;35.6;35.6;35.6;35.6;35.7;35.7;35.8;35.8;35.9;36.0;36.1;36.3;36.4;36.6;36.8;37.0;37.3;37.6;37.9;38.2;38.6;39.0;39.4;39.9;40.4;41.0;41.6;42.2;42.8;43.3;43.9;44.4;44.8;45.3;45.8;46.3;46.8;47.4;48.0;;;;;;;;;;;;;;;;;;
0.400;;;;;;;;;;;;;;;;;;;;;;;;;;50.2;50.8;51.3;51.7;52.1;52.5;52.8;53.1;53.3;53.4;53.5;53.5;53.4;53.2;53.0;52.8;52.5;52.2;51.8;51.4;50.9;50.5;50.0;49.5;48.9;48.4;47.8;47.2;46.6;46.1;45.5;44.9;44.3;43.7;43.1;42.6;42.0;41.4;40.9;40.4;39.8;39.3;38.7;38.1;37.5;36.9;36.5;36.3;36.1;36.1;36.0;35.9;35.8;35.8;35.7;35.7;35.6;35.6;35.5;35.5;35.5;35.5;35.6;35.6;35.6;35.7;35.7;35.8;35.9;36.0;36.1;36.3;36.4;36.6;36.8;37.0;37.2;37.5;37.8;38.2;38.5;38.9;39.4;39.9;40.4;40.9;41.5;42.1;42.7;43.3;43.8;44.3;44.8;45.2;45.7;46.2;46.7;47.2;47.8;;;;;;;;;;;;;;;;;;
0.300;;;;;;;;;;;;;;;;;;;;;;;;;;50.3;50.8;51.3;51.7;52.1;52.5;52.8;53.1;53.3;53.4;53.5;53.5;53.4;53.3;53.1;52.9;52.6;52.2;51.9;51.4;51.0;50.5;50.0;49.5;49.0;48.4;47.8;47.2;46.6;46.0;45.4;44.8;44.2;43.6;43.0;42.4;41.9;41.3;40.8;40.3;39.8;39.3;38.7;38.2;37.6;36.9;36.5;36.3;36.1;36.1;36.0;35.9;35.8;35.7;35.7;35.6;35.6;35.5;35.5;35.5;35.5;35.5;35.5;35.6;35.6;35.7;35.7;35.8;35.9;36.0;36.1;36.3;36.4;36.6;36.8;37.0;37.2;37.5;37.8;38.1;38.5;38.9;39.3;39.8;40.3;40.9;41.4;42.0;42.6;43.2;43.7;44.2;44.7;45.1;45.6;46.0;46.5;47.1;47.6;;;;;;;;;;;;;;;;;;
0.200;;;;;;;;;;;;;;;;;;;;;;;;;;50.3;50.8;51.3;51.8;52.2;52.5;52.8;53.1;53.3;53.5;53.5;53.5;53.5;53.3;53.1;52.9;52.6;52.3;51.9;51.5;51.1;50.6;50.1;49.5;49.0;48.4;47.8;47.2;46.6;46.0;45.3;44.7;44.1;43.5;42.9;42.3;41.7;41.2;40.7;40.1;39.7;39.2;38.7;38.2;37.6;36.9;36.4;36.3;36.2;36.1;36.0;35.9;35.8;35.7;35.7;35.6;35.5;35.5;35.5;35.5;35.5;35.5;35.5;35.6;35.6;35.7;35.8;35.8;35.9;36.0;36.2;36.3;36.4;36.6;36.8;37.0;37.2;37.5;37.8;38.1;38.5;38.9;39.3;39.8;40.3;40.8;41.4;42.0;42.6;43.2;43.7;44.2;44.6;45.1;45.5;45.9;46.4;46.9;47.5;;;;;;;;;;;;;;;;;;
0.100;;;;;;;;;;;;;;;;;;;;;;;;;;50.3;50.9;51.4;51.8;52.2;52.5;52.8;53.1;53.3;53.5;53.5;53.6;53.5;53.4;53.2;53.0;52.7;52.4;52.0;51.6;51.1;50.6;50.1;49.6;49.0;48.4;47.8;47.2;46.6;45.9;45.3;44.6;44.0;43.4;42.8;42.2;41.6;41.0;40.5;40.0;39.5;39.1;38.6;38.2;37.7;37.0;36.6;36.4;36.3;36.2;36.1;35.9;35.8;35.7;35.6;35.6;35.5;35.5;35.5;35.5;35.5;35.5;35.6;35.6;35.7;35.7;35.8;35.9;36.0;36.1;36.2;36.3;36.5;36.6;36.8;37.0;37.2;37.5;37.8;38.1;38.5;38.9;39.3;39.8;40.3;40.8;41.4;42.0;42.6;43.2;43.7;44.2;44.6;45.0;45.4;45.8;46.3;46.8;47.3;;;;;;;;;;;;;;;;;;
0.000;;;;;;;;;;;;;;;;;;;;;;;;;;50.4;50.9;51.4;51.9;52.2;52.6;52.9;53.1;53.3;53.5;53.5;53.6;53.5;53.4;53.2;53.0;52.8;52.4;52.1;51.7;51.2;50.7;50.2;49.6;49.1;48.4;47.8;47.2;46.5;45.9;45.2;44.6;43.9;43.3;42.7;42.1;41.5;40.9;40.3;39.8;39.3;38.9;38.4;38.0;37.6;37.0;37.0;36.8;36.5;36.3;36.1;36.0;35.8;35.7;35.7;35.6;35.6;35.5;35.5;35.5;35.5;35.6;35.6;35.7;35.7;35.8;35.8;35.9;36.0;36.1;36.2;36.4;36.5;36.7;36.8;37.0;37.3;37.5;37.8;38.1;38.5;38.9;39.3;39.8;40.3;40.8;41.4;42.0;42.6;43.2;43.7;44.2;44.6;45.0;45.4;45.8;46.2;46.7;47.2;;;;;;;;;;;;;;;;;;
-0.100;;;;;;;;;;;;;;;;;;;;;;;;;;50.4;51.0;51.5;51.9;52.3;52.6;52.9;53.1;53.3;53.5;53.5;53.6;53.5;53.4;53.3;53.1;52.8;52.5;52.1;51.7;51.3;50.8;50.2;49.7;49.1;48.5;47.8;47.2;46.5;45.9;45.2;44.5;43.9;43.2;42.6;41.9;41.3;40.7;40.2;39.6;39.1;38.6;38.1;37.7;37.2;36.6;36.7;36.7;36.5;36.3;36.1;36.0;35.9;35.8;35.7;35.6;35.6;35.6;35.6;35.6;35.6;35.6;35.7;35.7;35.8;35.8;35.9;36.0;36.1;36.2;36.3;36.4;36.6;36.7;36.9;37.1;37.3;37.6;37.9;38.2;38.5;38.9;39.4;39.8;40.3;40.9;41.5;42.1;42.7;43.2;43.7;44.2;44.6;44.9;45.3;45.7;46.1;46.6;47.1;;;;;;;;;;;;;;;;;;
-0.200;;;;;;;;;;;;;;;;;;;;;;;;;;50.4;51.0;51.5;51.9;52.3;52.6;52.9;53.1;53.3;53.4;53.5;53.6;53.6;53.5;53.3;53.1;52.9;52.5;52.2;51.8;51.3;50.8;50.3;49.7;49.1;48.5;47.9;47.2;46.5;45.9;45.2;44.5;43.8;43.2;42.5;41.9;41.2;40.6;40.0;39.5;39.0;38.4;37.9;37.4;37.0;36.6;36.6;36.6;36.5;36.3;36.2;36.0;35.9;35.8;35.7;35.7;35.6;35.6;35.6;35.6;35.7;35.7;35.7;35.8;35.9;35.9;36.0;36.1;36.2;36.3;36.4;36.5;36.6;36.8;37.0;37.2;37.4;37.6;37.9;38.2;38.6;39.0;39.4;39.9;40.4;40.9;41.5;42.1;42.7;43.2;43.7;44.2;44.6;44.9;45.3;45.7;46.1;46.5;47.0;;;;;;;;;;;;;;;;;;
-0.300;;;;;;;;;;;;;;;;;;;;;;;;;;50.5;51.0;51.5;52.0;52.3;52.6;52.9;53.1;53.3;53.4;53.5;53.6;53.6;53.5;53.3;53.1;52.9;52.6;52.2;51.8;51.4;50.9;50.4;49.8;49.2;48.6;47.9;47.2;46.6;45.9;45.2;44.5;43.8;43.1;42.4;41.8;41.2;40.5;39.9;39.4;38.8;38.3;37.8;37.3;36.9;36.7;36.6;36.5;36.4;36.3;36.2;36.0;35.9;35.8;35.8;35.7;35.7;35.7;35.7;35.7;35.7;35.8;35.8;35.9;35.9;36.0;36.1;36.2;36.3;36.4;36.5;36.6;36.7;36.9;37.0;37.2;37.5;37.7;38.0;38.3;38.7;39.1;39.5;40.0;40.5;41.0;41.6;42.2;42.8;43.3;43.8;44.2;44.6;44.9;45.3;45.6;46.0;46.4;46.9;;;;;;;;;;;;;;;;;;
-0.400;;;;;;;;;;;;;;;;;;;;;;;;;;50.5;51.1;51.6;52.0;52.4;52.7;52.9;53.1;53.3;53.4;53.5;53.6;53.6;53.5;53.3;53.2;52.9;52.6;52.3;51.9;51.4;50.9;50.4;49.8;49.2;48.6;47.9;47.3;46.6;45.9;45.2;44.5;43.8;43.1;42.4;41.7;41.1;40.5;39.9;39.3;38.8;38.2;37.8;37.3;37.0;36.7;36.6;36.5;36.4;36.3;36.1;36.0;35.9;35.9;35.8;35.8;35.8;35.8;35.8;35.8;35.8;35.9;35.9;36.0;36.0;36.1;36.2;36.3;36.4;36.5;36.6;36.7;36.8;37.0;37.1;37.3;37.6;37.8;38.1;38.4;38.8;39.2;39.6;40.1;40.6;41.1;41.7;42.3;42.9;43.4;43.8;44.2;44.6;44.9;45.2;45.6;46.0;46.4;46.8;;;;;;;;;;;;;;;;;;
-0.500;;;;;;;;;;;;;;;;;;;;;;;;;;;51.1;51.6;52.0;52.4;52.7;52.9;53.1;53.3;53.4;53.5;53.5;53.5;53.5;53.4;53.2;53.0;52.7;52.3;51.9;51.5;51.0;50.5;49.9;49.3;48.7;48.0;47.3;46.6;45.9;45.2;44.5;43.8;43.1;42.4;41.7;41.1;40.5;39.9;39.3;38.8;38.3;37.8;37.4;37.1;36.8;36.6;36.5;36.4;36.3;36.2;36.1;36.0;35.9;35.9;35.8;35.8;35.8;35.9;35.9;35.9;36.0;36.0;36.1;36.1;36.2;36.3;36.4;36.5;36.6;36.7;36.8;36.9;37.1;37.2;37.4;37.7;37.9;38.2;38.5;38.9;39.3;39.7;40.2;40.7;41.3;41.8;42.4;43.0;43.5;43.9;44.3;44.6;44.9;45.2;45.6;45.9;46.3;46.7;;;;;;;;;;;;;;;;;;
-0.600;;;;;;;;;;;;;;;;;;;;;;;;;;;51.1;51.6;52.1;52.4;52.7;52.9;53.1;53.3;53.4;53.5;53.5;53.5;53.5;53.3;53.2;53.0;52.7;52.3;52.0;51.5;51.0;50.5;50.0;49.4;48.7;48.1;47.4;46.7;46.0;45.3;44.5;43.8;43.1;42.5;41.8;41.1;40.5;39.9;39.3;38.8;38.3;37.9;37.5;37.2;36.9;36.7;36.5;36.4;36.3;36.2;36.1;36.0;36.0;35.9;35.9;35.9;35.9;35.9;36.0;36.0;36.1;36.1;36.2;36.3;36.3;36.4;36.5;36.6;36.7;36.8;36.9;37.0;37.2;37.4;37.6;37.8;38.0;38.3;38.7;39.0;39.4;39.9;40.3;40.9;41.4;42.0;42.6;43.1;43.6;44.0;44.3;44.6;44.9;45.2;45.6;45.9;46.3;46.7;;;;;;;;;;;;;;;;;;
-0.700;;;;;;;;;;;;;;;;;;;;;;;;;;;51.2;51.7;52.1;52.5;52.7;53.0;53.1;53.3;53.3;53.4;53.5;53.5;53.4;53.3;53.2;53.0;52.7;52.4;52.0;51.6;51.1;50.6;50.0;49.4;48.8;48.1;47.4;46.8;46.0;45.3;44.6;43.9;43.2;42.5;41.9;41.2;40.6;40.0;39.4;38.9;38.4;38.0;37.6;37.3;37.0;36.8;36.6;36.5;36.3;36.2;36.2;36.1;36.0;36.0;36.0;36.0;36.0;36.0;36.1;36.1;36.2;36.2;36.3;36.4;36.4;36.5;36.6;36.7;36.8;36.9;37.0;37.2;37.3;37.5;37.7;37.9;38.2;38.5;38.8;39.2;39.6;40.0;40.5;41.0;41.6;42.1;42.7;43.2;43.7;44.1;44.4;44.7;45.0;45.3;45.6;45.9;46.2;;;;;;;;;;;;;;;;;;;
-0.800;;;;;;;;;;;;;;;;;;;;;;;;;;;51.2;51.7;52.1;52.5;52.8;53.0;53.1;53.2;53.3;53.4;53.4;53.4;53.4;53.3;53.2;53.0;52.7;52.4;52.0;51.6;51.1;50.6;50.1;49.5;48.9;48.2;47.5;46.8;46.1;45.4;44.7;44.0;43.3;42.6;42.0;41.3;40.7;40.1;39.6;39.0;38.6;38.1;37.8;37.4;37.1;36.9;36.7;36.5;36.4;36.3;36.2;36.2;36.1;36.1;36.1;36.1;36.1;36.1;36.2;36.2;36.3;36.3;36.4;36.5;36.6;36.6;36.7;36.8;36.9;37.0;37.2;37.3;37.5;37.6;37.8;38.1;38.3;38.6;39.0;39.3;39.8;40.2;40.7;41.2;41.8;42.3;42.9;43.4;43.8;44.1;44.5;44.7;45.0;45.3;45.6;45.9;46.2;;;;;;;;;;;;;;;;;;;
-0.900;;;;;;;;;;;;;;;;;;;;;;;;;;;51.2;51.7;52.2;52.5;52.8;53.0;53.1;53.2;53.3;53.3;53.4;53.4;53.4;53.3;53.2;53.0;52.7;52.4;52.1;51.7;51.2;50.7;50.1;49.6;48.9;48.3;47.6;46.9;46.2;45.5;44.8;44.1;43.4;42.8;42.1;41.5;40.9;40.3;39.7;39.2;38.8;38.3;37.9;37.6;37.3;37.1;36.8;36.7;36.5;36.4;36.3;36.2;36.2;36.2;36.2;36.2;36.2;36.2;36.3;36.3;36.4;36.5;36.5;36.6;36.7;36.8;36.9;36.9;37.1;37.2;37.3;37.4;37.6;37.8;38.0;38.2;38.5;38.8;39.1;39.5;39.9;40.4;40.9;41.4;42.0;42.5;43.1;43.5;43.9;44.2;44.5;44.8;45.0;45.3;45.6;45.9;46.2;;;;;;;;;;;;;;;;;;;
-1.000;;;;;;;;;;;;;;;;;;;;;;;;;;;51.2;51.7;52.2;52.5;52.8;53.0;53.1;53.2;53.3;53.3;53.3;53.4;53.3;53.2;53.1;52.9;52.7;52.4;52.1;51.7;51.2;50.7;50.2;49.6;49.0;48.4;47.7;47.1;46.4;45.7;45.0;44.3;43.6;42.9;42.3;41.7;41.0;40.5;39.9;39.4;39.0;38.5;38.1;37.8;37.5;37.2;37.0;36.8;36.6;36.5;36.4;36.4;36.3;36.3;36.3;36.3;36.3;36.3;36.4;36.5;36.5;36.6;36.7;36.7;36.8;36.9;37.0;37.1;37.2;37.3;37.4;37.6;37.8;37.9;38.2;38.4;38.7;39.0;39.3;39.7;40.2;40.6;41.1;41.6;42.2;42.7;43.2;43.7;44.0;44.3;44.6;44.8;45.1;45.3;45.6;45.9;46.2;;;;;;;;;;;;;;;;;;;
-1.100;;;;;;;;;;;;;;;;;;;;;;;;;;;;51.7;52.2;52.5;52.8;53.0;53.2;53.2;53.3;53.3;53.3;53.3;53.3;53.2;53.1;52.9;52.7;52.4;52.1;51.7;51.3;50.8;50.3;49.7;49.1;48.5;47.9;47.2;46.5;45.8;45.1;44.5;43.8;43.1;42.5;41.9;41.3;40.7;40.2;39.7;39.2;38.8;38.4;38.0;37.7;37.4;37.2;37.0;36.8;36.7;36.6;36.5;36.4;36.4;36.4;36.4;36.4;36.5;36.5;36.6;36.6;36.7;36.8;36.9;36.9;37.0;37.1;37.2;37.3;37.5;37.6;37.8;37.9;38.1;38.3;38.6;38.9;39.2;39.6;40.0;40.4;40.9;41.4;41.9;42.4;42.9;43.4;43.8;44.1;44.4;44.7;44.9;45.1;45.4;45.7;46.0;46.3;;;;;;;;;;;;;;;;;;;
-1.200;;;;;;;;;;;;;;;;;;;;;;;;;;;;51.7;52.1;52.5;52.8;53.0;53.2;53.2;53.3;53.3;53.2;53.2;53.2;53.1;53.0;52.9;52.7;52.4;52.1;51.7;51.3;50.9;50.4;49.8;49.2;48.6;48.0;47.3;46.7;46.0;45.3;44.7;44.0;43.4;42.7;42.1;41.5;41.0;40.4;39.9;39.5;39.0;38.6;38.3;37.9;37.6;37.4;37.2;37.0;36.8;36.7;36.6;36.6;36.5;36.5;36.5;36.6;36.6;36.6;36.7;36.8;36.8;36.9;37.0;37.1;37.2;37.3;37.4;37.5;37.6;37.8;37.9;38.1;38.3;38.5;38.8;39.1;39.4;39.8;40.2;40.6;41.1;41.6;42.1;42.7;43.2;43.6;43.9;44.2;44.5;44.7;45.0;45.2;45.4;45.7;46.0;;;;;;;;;;;;;;;;;;;;
-1.300;;;;;;;;;;;;;;;;;;;;;;;;;;;;51.6;52.1;52.5;52.8;53.0;53.2;53.2;53.2;53.2;53.2;53.2;53.1;53.1;53.0;52.9;52.6;52.4;52.1;51.8;51.4;50.9;50.4;49.9;49.3;48.8;48.1;47.5;46.9;46.2;45.6;44.9;44.3;43.6;43.0;42.4;41.8;41.3;40.7;40.2;39.8;39.3;38.9;38.5;38.2;37.9;37.6;37.4;37.2;37.0;36.9;36.8;36.7;36.7;36.7;36.7;36.7;36.7;36.8;36.8;36.9;37.0;37.1;37.1;37.2;37.3;37.4;37.5;37.7;37.8;38.0;38.1;38.3;38.5;38.8;39.0;39.3;39.7;40.1;40.5;40.9;41.4;41.9;42.4;42.9;43.4;43.8;44.1;44.4;44.6;44.8;45.0;45.3;45.5;45.8;46.0;;;;;;;;;;;;;;;;;;;;
-1.400;;;;;;;;;;;;;;;;;;;;;;;;;;;;;52.1;52.5;52.8;53.0;53.2;53.2;53.2;53.2;53.2;53.1;53.1;53.0;52.9;52.8;52.6;52.4;52.1;51.8;51.4;51.0;50.5;50.0;49.5;48.9;48.3;47.7;47.1;46.4;45.8;45.2;44.5;43.9;43.3;42.7;42.1;41.6;41.1;40.6;40.1;39.6;39.2;38.9;38.5;38.2;37.9;37.7;37.4;37.3;37.1;37.0;36.9;36.9;36.9;36.9;36.9;36.9;37.0;37.0;37.1;37.1;37.2;37.3;37.4;37.5;37.6;37.7;37.9;38.0;38.2;38.3;38.5;38.8;39.0;39.3;39.6;39.9;40.3;40.7;41.2;41.7;42.2;42.7;43.2;43.6;43.9;44.2;44.5;44.7;44.9;45.1;45.3;45.6;45.8;46.1;;;;;;;;;;;;;;;;;;;;
-1.500;;;;;;;;;;;;;;;;;;;;;;;;;;;;;52.0;52.4;52.7;53.0;53.1;53.2;53.2;53.2;53.1;53.1;53.0;52.9;52.9;52.7;52.6;52.4;52.1;51.8;51.4;51.0;50.6;50.1;49.6;49.0;48.5;47.9;47.3;46.7;46.1;45.4;44.8;44.2;43.6;43.0;42.5;41.9;41.4;40.9;40.4;40.0;39.6;39.2;38.8;38.5;38.2;37.9;37.7;37.5;37.4;37.3;37.2;37.1;37.1;37.1;37.1;37.1;37.1;37.2;37.3;37.3;37.4;37.5;37.6;37.7;37.8;37.9;38.1;38.2;38.4;38.6;38.8;39.0;39.3;39.6;39.9;40.2;40.6;41.1;41.5;42.0;42.5;43.0;43.4;43.8;44.1;44.3;44.6;44.8;45.0;45.2;45.4;45.7;45.9;;;;;;;;;;;;;;;;;;;;;
-1.600;;;;;;;;;;;;;;;;;;;;;;;;;;;;;51.9;52.4;52.7;53.0;53.1;53.2;53.2;53.2;53.1;53.0;52.9;52.9;52.8;52.7;52.5;52.3;52.1;51.8;51.5;51.1;50.7;50.2;49.7;49.2;48.7;48.1;47.5;46.9;46.3;45.7;45.1;44.5;44.0;43.4;42.8;42.3;41.8;41.3;40.8;40.4;40.0;39.6;39.2;38.8;38.5;38.3;38.0;37.8;37.7;37.5;37.4;37.4;37.3;37.3;37.3;37.3;37.3;37.4;37.5;37.5;37.6;37.7;37.8;37.9;38.0;38.2;38.3;38.4;38.6;38.8;39.0;39.3;39.6;39.9;40.2;40.5;40.9;41.4;41.8;42.3;42.8;43.2;43.6;44.0;44.2;44.5;44.7;44.9;45.1;45.3;45.5;45.8;46.0;;;;;;;;;;;;;;;;;;;;;
-1.700;;;;;;;;;;;;;;;;;;;;;;;;;;;;;;52.3;52.6;52.9;53.1;53.2;53.2;53.2;53.1;53.0;52.9;52.8;52.7;52.6;52.5;52.3;52.1;51.8;51.5;51.1;50.7;50.3;49.9;49.4;48.9;48.3;47.8;47.2;46.6;46.0;45.5;44.9;44.3;43.8;43.2;42.7;42.2;41.7;41.2;40.8;40.4;39.9;39.6;39.2;38.9;38.6;38.4;38.2;38.0;37.8;37.7;37.6;37.6;37.6;37.5;37.6;37.6;37.6;37.7;37.8;37.8;37.9;38.0;38.1;38.3;38.4;38.5;38.7;38.9;39.1;39.3;39.6;39.9;40.2;40.5;40.9;41.3;41.7;42.2;42.6;43.1;43.5;43.8;44.1;44.4;44.6;44.8;45.0;45.1;45.4;45.6;45.9;46.1;;;;;;;;;;;;;;;;;;;;;
-1.800;;;;;;;;;;;;;;;;;;;;;;;;;;;;;;52.2;52.5;52.8;53.1;53.1;53.2;53.1;53.0;52.9;52.8;52.7;52.6;52.5;52.4;52.2;52.0;51.8;51.5;51.2;50.8;50.4;50.0;49.5;49.0;48.5;48.0;47.5;46.9;46.4;45.8;45.3;44.7;44.2;43.6;43.1;42.6;42.1;41.7;41.2;40.8;40.4;40.0;39.6;39.3;39.0;38.8;38.5;38.3;38.2;38.1;38.0;37.9;37.9;37.8;37.8;37.9;37.9;38.0;38.0;38.1;38.2;38.3;38.4;38.5;38.7;38.8;39.0;39.2;39.4;39.6;39.9;40.2;40.5;40.9;41.2;41.7;42.1;42.5;43.0;43.4;43.7;44.0;44.3;44.5;44.7;44.9;45.1;45.3;45.5;45.7;46.0;;;;;;;;;;;;;;;;;;;;;;
-1.900;;;;;;;;;;;;;;;;;;;;;;;;;;;;;;;52.4;52.8;53.0;53.1;53.1;53.1;53.0;52.9;52.8;52.7;52.5;52.4;52.3;52.2;52.0;51.8;51.5;51.2;50.9;50.5;50.1;49.7;49.2;48.8;48.3;47.7;47.2;46.7;46.2;45.6;45.1;44.6;44.1;43.6;43.1;42.6;42.1;41.7;41.2;40.8;40.4;40.1;39.7;39.4;39.2;38.9;38.7;38.6;38.4;38.3;38.2;38.2;38.2;38.2;38.2;38.2;38.3;38.3;38.4;38.5;38.6;38.7;38.8;39.0;39.2;39.3;39.5;39.8;40.0;40.3;40.6;40.9;41.2;41.6;42.0;42.5;42.9;43.3;43.7;44.0;44.2;44.4;44.6;44.8;45.0;45.2;45.4;45.6;45.8;46.1;;;;;;;;;;;;;;;;;;;;;;
-2.000;;;;;;;;;;;;;;;;;;;;;;;;;;;;;;;52.3;52.6;52.9;53.0;53.1;53.1;53.0;52.9;52.7;52.6;52.5;52.4;52.2;52.1;52.0;51.8;51.5;51.3;51.0;50.6;50.2;49.8;49.4;49.0;48.5;48.0;47.5;47.0;46.5;46.0;45.5;45.0;44.5;44.0;43.5;43.0;42.6;42.1;41.7;41.3;40.9;40.5;40.2;39.9;39.6;39.4;39.2;39.0;38.8;38.7;38.6;38.6;38.5;38.5;38.5;38.5;38.6;38.7;38.7;38.8;38.9;39.0;39.2;39.3;39.5;39.7;39.9;40.1;40.4;40.7;41.0;41.3;41.7;42.0;42.4;42.9;43.3;43.6;43.9;44.2;44.4;44.6;44.8;44.9;45.1;45.3;45.5;45.7;46.0;46.2;;;;;;;;;;;;;;;;;;;;;;
-2.100;;;;;;;;;;;;;;;;;;;;;;;;;;;;;;;;52.5;52.8;53.0;53.0;53.0;53.0;52.8;52.7;52.5;52.4;52.3;52.2;52.0;51.9;51.7;51.5;51.3;51.0;50.7;50.4;50.0;49.6;49.2;48.8;48.3;47.8;47.4;46.9;46.4;45.9;45.4;44.9;44.5;44.0;43.5;43.1;42.6;42.2;41.8;41.4;41.0;40.7;40.4;40.1;39.8;39.6;39.4;39.3;39.1;39.0;39.0;38.9;38.9;38.9;38.9;39.0;39.0;39.1;39.2;39.3;39.4;39.6;39.7;39.9;40.1;40.3;40.5;40.8;41.1;41.4;41.7;42.1;42.5;42.9;43.3;43.6;43.9;44.2;44.4;44.6;44.7;44.9;45.0;45.2;45.4;45.7;45.9;46.1;;;;;;;;;;;;;;;;;;;;;;;
-2.200;;;;;;;;;;;;;;;;;;;;;;;;;;;;;;;;52.3;52.7;52.9;52.9;53.0;52.9;52.8;52.6;52.5;52.3;52.2;52.1;51.9;51.8;51.7;51.5;51.3;51.0;50.8;50.5;50.1;49.8;49.4;49.0;48.6;48.1;47.7;47.2;46.8;46.3;45.8;45.4;44.9;44.4;44.0;43.6;43.1;42.7;42.3;41.9;41.5;41.2;40.9;40.6;40.3;40.1;39.9;39.7;39.6;39.5;39.4;39.3;39.3;39.3;39.3;39.4;39.4;39.5;39.6;39.7;39.8;40.0;40.1;40.3;40.5;40.7;41.0;41.2;41.5;41.8;42.2;42.5;42.9;43.3;43.6;43.9;44.1;44.4;44.5;44.7;44.9;45.0;45.2;45.4;45.6;45.8;46.0;46.2;;;;;;;;;;;;;;;;;;;;;;;
-2.300;;;;;;;;;;;;;;;;;;;;;;;;;;;;;;;;;52.5;52.7;52.8;52.9;52.8;52.7;52.6;52.4;52.3;52.1;52.0;51.8;51.7;51.6;51.4;51.3;51.1;50.8;50.5;50.2;49.9;49.6;49.2;48.8;48.4;48.0;47.6;47.1;46.7;46.3;45.8;45.4;44.9;44.5;44.0;43.6;43.2;42.8;42.4;42.1;41.7;41.4;41.1;40.8;40.6;40.4;40.2;40.1;40.0;39.9;39.8;39.8;39.8;39.8;39.8;39.9;39.9;40.0;40.1;40.3;40.4;40.6;40.8;41.0;41.2;41.4;41.7;42.0;42.3;42.6;43.0;43.3;43.7;43.9;44.2;44.4;44.5;44.7;44.8;45.0;45.2;45.3;45.5;45.8;46.0;46.2;;;;;;;;;;;;;;;;;;;;;;;;
-2.400;;;;;;;;;;;;;;;;;;;;;;;;;;;;;;;;;52.3;52.6;52.7;52.8;52.8;52.7;52.5;52.4;52.2;52.0;51.9;51.7;51.6;51.5;51.4;51.2;51.1;50.8;50.6;50.3;50.1;49.7;49.4;49.1;48.7;48.3;47.9;47.5;47.1;46.7;46.2;45.8;45.4;45.0;44.5;44.1;43.7;43.3;43.0;42.6;42.3;41.9;41.6;41.4;41.1;40.9;40.8;40.6;40.5;40.4;40.3;40.3;40.3;40.3;40.3;40.4;40.4;40.5;40.6;40.7;40.9;41.1;41.2;41.4;41.7;41.9;42.2;42.5;42.8;43.1;43.4;43.7;44.0;44.2;44.4;44.6;44.7;44.9;45.0;45.1;45.3;45.5;45.7;45.9;46.1;46.3;;;;;;;;;;;;;;;;;;;;;;;;
-2.500;;;;;;;;;;;;;;;;;;;;;;;;;;;;;;;;;;52.4;52.6;52.7;52.7;52.6;52.5;52.3;52.2;52.0;51.8;51.6;51.5;51.4;51.3;51.2;51.0;50.9;50.7;50.4;50.2;49.9;49.6;49.3;48.9;48.6;48.2;47.9;47.5;47.1;46.7;46.3;45.9;45.5;45.0;44.6;44.3;43.9;43.5;43.1;42.8;42.5;42.2;41.9;41.7;41.5;41.3;41.1;41.0;40.9;40.9;40.8;40.8;40.8;40.8;40.9;40.9;41.0;41.1;41.3;41.4;41.6;41.8;42.0;42.2;42.4;42.7;43.0;43.3;43.6;43.9;44.1;44.3;44.5;44.6;44.8;44.9;45.0;45.2;45.3;45.5;45.7;45.9;46.1;46.3;;;;;;;;;;;;;;;;;;;;;;;;;
-2.600;;;;;;;;;;;;;;;;;;;;;;;;;;;;;;;;;;;52.4;52.5;52.6;52.5;52.4;52.3;52.1;51.9;51.7;51.6;51.4;51.3;51.2;51.1;51.0;50.8;50.7;50.5;50.3;50.0;49.8;49.5;49.2;48.9;48.5;48.2;47.8;47.4;47.1;46.7;46.3;45.9;45.5;45.1;44.8;44.4;44.0;43.7;43.4;43.1;42.8;42.5;42.3;42.1;41.9;41.7;41.6;41.5;41.4;41.4;41.3;41.3;41.4;41.4;41.5;41.6;41.7;41.8;41.9;42.1;42.3;42.5;42.7;43.0;43.2;43.5;43.8;44.0;44.2;44.4;44.6;44.7;44.8;45.0;45.1;45.2;45.3;45.5;45.7;45.9;46.1;46.3;;;;;;;;;;;;;;;;;;;;;;;;;;
-2.700;;;;;;;;;;;;;;;;;;;;;;;;;;;;;;;;;;;52.2;52.3;52.4;52.4;52.3;52.2;52.0;51.8;51.6;51.5;51.3;51.2;51.1;51.0;50.9;50.8;50.7;50.5;50.3;50.1;49.9;49.6;49.4;49.1;48.8;48.5;48.1;47.8;47.4;47.1;46.7;46.4;46.0;45.6;45.3;44.9;44.6;44.2;43.9;43.6;43.3;43.1;42.8;42.6;42.5;42.3;42.2;42.1;42.0;41.9;41.9;41.9;41.9;42.0;42.0;42.1;42.2;42.4;42.5;42.7;42.9;43.0;43.3;43.5;43.7;44.0;44.2;44.4;44.5;44.7;44.8;44.9;45.0;45.1;45.3;45.4;45.5;45.7;45.9;46.1;46.3;46.5;;;;;;;;;;;;;;;;;;;;;;;;;;
-2.800;;;;;;;;;;;;;;;;;;;;;;;;;;;;;;;;;;;;52.1;52.3;52.3;52.2;52.1;52.0;51.8;51.6;51.4;51.2;51.1;50.9;50.8;50.8;50.7;50.6;50.5;50.3;50.2;50.0;49.8;49.5;49.3;49.0;48.7;48.4;48.1;47.8;47.5;47.1;46.8;46.4;46.1;45.8;45.4;45.1;44.8;44.5;44.2;43.9;43.7;43.4;43.2;43.0;42.9;42.8;42.7;42.6;42.5;42.5;42.5;42.5;42.6;42.6;42.7;42.8;42.9;43.1;43.2;43.4;43.6;43.8;44.0;44.2;44.4;44.6;44.7;44.8;44.9;45.0;45.1;45.2;45.3;45.5;45.6;45.8;45.9;46.1;46.3;46.5;;;;;;;;;;;;;;;;;;;;;;;;;;;
-2.900;;;;;;;;;;;;;;;;;;;;;;;;;;;;;;;;;;;;;52.1;52.1;52.1;52.0;51.9;51.7;51.5;51.3;51.1;51.0;50.8;50.7;50.6;50.6;50.5;50.4;50.3;50.2;50.0;49.8;49.6;49.4;49.2;49.0;48.7;48.4;48.1;47.8;47.5;47.2;46.9;46.5;46.2;45.9;45.6;45.3;45.0;44.7;44.5;44.2;44.0;43.8;43.6;43.5;43.4;43.3;43.2;43.1;43.1;43.1;43.1;43.2;43.2;43.3;43.4;43.5;43.7;43.8;44.0;44.2;44.4;44.5;44.7;44.8;44.9;45.0;45.1;45.2;45.3;45.3;45.4;45.5;45.7;45.8;46.0;46.2;46.3;46.5;;;;;;;;;;;;;;;;;;;;;;;;;;;;
-3.000;;;;;;;;;;;;;;;;;;;;;;;;;;;;;;;;;;;;;;51.9;51.9;51.9;51.8;51.6;51.4;51.2;51.0;50.9;50.7;50.6;50.5;50.4;50.3;50.3;50.2;50.2;50.0;49.9;49.7;49.5;49.3;49.1;48.9;48.6;48.4;48.1;47.8;47.5;47.2;46.9;46.6;46.4;46.1;45.8;45.5;45.2;45.0;44.8;44.6;44.4;44.2;44.1;43.9;43.9;43.8;43.7;43.7;43.7;43.7;43.8;43.8;43.9;44.0;44.1;44.2;44.4;44.5;44.7;44.8;44.9;45.0;45.1;45.2;45.3;45.3;45.4;45.5;45.6;45.7;45.8;45.9;46.1;46.2;46.4;46.5;;;;;;;;;;;;;;;;;;;;;;;;;;;;;
-3.100;;;;;;;;;;;;;;;;;;;;;;;;;;;;;;;;;;;;;;51.7;51.7;51.7;51.7;51.5;51.4;51.2;51.0;50.8;50.6;50.5;50.3;50.2;50.2;50.1;50.1;50.0;50.0;49.9;49.8;49.6;49.4;49.3;49.1;48.8;48.6;48.4;48.1;47.9;47.6;47.3;47.0;46.8;46.5;46.2;46.0;45.7;45.5;45.3;45.1;44.9;44.8;44.6;44.5;44.4;44.4;44.3;44.3;44.3;44.3;44.3;44.4;44.5;44.6;44.7;44.8;44.9;45.0;45.1;45.2;45.3;45.3;45.4;45.4;45.5;45.6;45.6;45.7;45.8;45.9;46.0;46.2;46.3;46.5;46.6;46.7;;;;;;;;;;;;;;;;;;;;;;;;;;;;;
-3.200;;;;;;;;;;;;;;;;;;;;;;;;;;;;;;;;;;;;;;;51.5;51.6;51.5;51.4;51.3;51.1;50.9;50.7;50.5;50.4;50.2;50.1;50.0;50.0;49.9;49.9;49.8;49.8;49.7;49.6;49.5;49.3;49.2;49.0;48.8;48.6;48.4;48.1;47.9;47.6;47.4;47.1;46.9;46.7;46.4;46.2;46.0;45.8;45.6;45.5;45.3;45.2;45.1;45.0;44.9;44.9;44.9;44.9;44.9;44.9;45.0;45.0;45.1;45.2;45.3;45.4;45.4;45.5;45.5;45.6;45.6;45.6;45.7;45.7;45.8;45.9;46.0;46.1;46.2;46.3;46.4;46.6;46.7;46.8;;;;;;;;;;;;;;;;;;;;;;;;;;;;;;
-3.300;;;;;;;;;;;;;;;;;;;;;;;;;;;;;;;;;;;;;;;;51.3;51.3;51.3;51.1;51.0;50.8;50.6;50.4;50.3;50.1;50.0;49.9;49.8;49.7;49.7;49.6;49.6;49.6;49.5;49.5;49.4;49.2;49.1;48.9;48.7;48.5;48.3;48.1;47.9;47.7;47.5;47.3;47.0;46.8;46.6;46.4;46.3;46.1;45.9;45.8;45.7;45.6;45.5;45.5;45.4;45.4;45.4;45.4;45.5;45.5;45.6;45.6;45.7;45.7;45.7;45.7;45.8;45.8;45.8;45.9;45.9;45.9;46.0;46.1;46.1;46.2;46.3;46.5;46.6;46.7;46.8;46.9;;;;;;;;;;;;;;;;;;;;;;;;;;;;;;;
-3.400;;;;;;;;;;;;;;;;;;;;;;;;;;;;;;;;;;;;;;;;;51.1;51.1;51.0;50.9;50.7;50.6;50.4;50.2;50.0;49.9;49.8;49.7;49.6;49.5;49.5;49.4;49.4;49.4;49.3;49.3;49.2;49.1;49.0;48.8;48.7;48.5;48.3;48.1;48.0;47.8;47.6;47.4;47.2;47.0;46.8;46.7;46.5;46.4;46.3;46.2;46.1;46.0;46.0;45.9;45.9;45.9;45.9;46.0;46.0;46.0;46.0;46.0;46.0;46.0;46.0;46.0;46.0;46.1;46.1;46.1;46.2;46.3;46.3;46.4;46.5;46.6;46.7;46.8;46.9;47.0;;;;;;;;;;;;;;;;;;;;;;;;;;;;;;;;
-3.500;;;;;;;;;;;;;;;;;;;;;;;;;;;;;;;;;;;;;;;;;;50.9;50.8;50.7;50.6;50.5;50.3;50.1;50.0;49.8;49.7;49.5;49.4;49.4;49.3;49.2;49.2;49.2;49.1;49.1;49.1;49.0;48.9;48.8;48.7;48.6;48.5;48.3;48.1;48.0;47.8;47.7;47.5;47.3;47.2;47.0;46.9;46.8;46.7;46.6;46.5;46.5;46.4;46.4;46.3;46.3;46.3;46.3;46.2;46.2;46.2;46.2;46.2;46.2;46.2;46.3;46.3;46.3;46.4;46.4;46.5;46.6;46.6;46.7;46.8;46.9;47.0;47.0;47.1;;;;;;;;;;;;;;;;;;;;;;;;;;;;;;;;;
-3.600;;;;;;;;;;;;;;;;;;;;;;;;;;;;;;;;;;;;;;;;;;;50.6;50.6;50.5;50.4;50.2;50.0;49.9;49.7;49.6;49.4;49.3;49.2;49.2;49.1;49.0;49.0;49.0;48.9;48.9;48.8;48.8;48.7;48.6;48.6;48.5;48.4;48.2;48.1;48.0;47.8;47.7;47.6;47.4;47.3;47.2;47.1;47.0;46.9;46.9;46.8;46.7;46.7;46.6;46.6;46.5;46.5;46.5;46.5;46.5;46.5;46.5;46.5;46.5;46.5;46.5;46.6;46.6;46.7;46.8;46.9;46.9;47.0;47.1;47.1;47.2;47.2;;;;;;;;;;;;;;;;;;;;;;;;;;;;;;;;;;
-3.700;;;;;;;;;;;;;;;;;;;;;;;;;;;;;;;;;;;;;;;;;;;;;50.3;50.2;50.1;50.0;49.8;49.7;49.5;49.4;49.2;49.1;49.0;49.0;48.9;48.8;48.8;48.8;48.7;48.7;48.6;48.6;48.5;48.4;48.4;48.3;48.2;48.1;48.0;47.9;47.8;47.7;47.6;47.5;47.4;47.3;47.2;47.1;47.0;47.0;46.9;46.9;46.8;46.8;46.7;46.7;46.7;46.7;46.7;46.7;46.7;46.7;46.7;46.8;46.8;46.9;46.9;47.0;47.1;47.2;47.2;47.3;47.3;47.3;47.3;;;;;;;;;;;;;;;;;;;;;;;;;;;;;;;;;;;
-3.800;;;;;;;;;;;;;;;;;;;;;;;;;;;;;;;;;;;;;;;;;;;;;;50.1;50.0;49.9;49.7;49.6;49.5;49.3;49.2;49.1;49.0;48.9;48.8;48.7;48.7;48.6;48.6;48.5;48.5;48.4;48.4;48.3;48.3;48.2;48.1;48.0;48.0;47.9;47.8;47.7;47.6;47.5;47.4;47.4;47.3;47.2;47.2;47.1;47.0;47.0;47.0;46.9;46.9;46.9;46.9;46.9;46.9;46.9;46.9;47.0;47.0;47.0;47.1;47.2;47.2;47.3;47.4;47.4;47.5;47.5;47.5;;;;;;;;;;;;;;;;;;;;;;;;;;;;;;;;;;;;;
-3.900;;;;;;;;;;;;;;;;;;;;;;;;;;;;;;;;;;;;;;;;;;;;;;;49.8;49.7;49.6;49.5;49.4;49.3;49.1;49.0;48.9;48.8;48.7;48.6;48.6;48.5;48.5;48.4;48.4;48.3;48.3;48.2;48.2;48.1;48.0;48.0;47.9;47.8;47.8;47.7;47.6;47.5;47.5;47.4;47.3;47.3;47.2;47.2;47.1;47.1;47.1;47.1;47.1;47.1;47.1;47.1;47.1;47.1;47.2;47.2;47.3;47.3;47.4;47.5;47.5;47.6;47.6;47.6;47.6;47.6;;;;;;;;;;;;;;;;;;;;;;;;;;;;;;;;;;;;;;
-4.000;;;;;;;;;;;;;;;;;;;;;;;;;;;;;;;;;;;;;;;;;;;;;;;;;49.5;49.4;49.3;49.2;49.1;49.0;48.9;48.8;48.7;48.6;48.5;48.5;48.4;48.3;48.3;48.2;48.2;48.1;48.1;48.0;48.0;47.9;47.8;47.8;47.7;47.7;47.6;47.5;47.5;47.4;47.4;47.3;47.3;47.3;47.3;47.2;47.2;47.2;47.2;47.2;47.3;47.3;47.3;47.4;47.4;47.5;47.6;47.6;47.7;47.7;47.8;47.8;47.8;47.7;47.7;;;;;;;;;;;;;;;;;;;;;;;;;;;;;;;;;;;;;;;
-4.100;;;;;;;;;;;;;;;;;;;;;;;;;;;;;;;;;;;;;;;;;;;;;;;;;;49.3;49.2;49.1;49.0;48.9;48.8;48.7;48.7;48.6;48.5;48.4;48.4;48.3;48.2;48.2;48.1;48.1;48.0;48.0;47.9;47.9;47.8;47.8;47.7;47.7;47.6;47.6;47.5;47.5;47.5;47.4;47.4;47.4;47.4;47.4;47.4;47.4;47.4;47.5;47.5;47.5;47.6;47.7;47.7;47.8;47.8;47.9;47.9;47.9;47.9;47.9;47.9;;;;;;;;;;;;;;;;;;;;;;;;;;;;;;;;;;;;;;;;;
-4.200;;;;;;;;;;;;;;;;;;;;;;;;;;;;;;;;;;;;;;;;;;;;;;;;;;;;49.0;48.9;48.9;48.8;48.7;48.6;48.6;48.5;48.4;48.4;48.3;48.2;48.2;48.1;48.1;48.0;48.0;47.9;47.9;47.8;47.8;47.7;47.7;47.7;47.6;47.6;47.6;47.6;47.5;47.5;47.5;47.5;47.6;47.6;47.6;47.6;47.7;47.7;47.8;47.9;47.9;48.0;48.0;48.0;48.1;48.1;48.0;48.0;;;;;;;;;;;;;;;;;;;;;;;;;;;;;;;;;;;;;;;;;;;
-4.300;;;;;;;;;;;;;;;;;;;;;;;;;;;;;;;;;;;;;;;;;;;;;;;;;;;;;;48.8;48.7;48.7;48.6;48.5;48.5;48.4;48.4;48.3;48.3;48.2;48.2;48.1;48.1;48.0;48.0;47.9;47.9;47.9;47.8;47.8;47.8;47.7;47.7;47.7;47.7;47.7;47.7;47.7;47.7;47.7;47.8;47.8;47.9;47.9;48.0;48.0;48.1;48.1;48.1;48.1;48.1;48.1;48.1;48.0;;;;;;;;;;;;;;;;;;;;;;;;;;;;;;;;;;;;;;;;;;;;
-4.400;;;;;;;;;;;;;;;;;;;;;;;;;;;;;;;;;;;;;;;;;;;;;;;;;;;;;;;;48.6;48.6;48.5;48.5;48.4;48.4;48.3;48.3;48.3;48.2;48.2;48.1;48.1;48.1;48.0;48.0;48.0;47.9;47.9;47.9;47.9;47.9;47.8;47.8;47.9;47.9;47.9;47.9;47.9;48.0;48.0;48.1;48.1;48.1;48.2;48.2;48.2;48.2;48.2;48.2;;;;;;;;;;;;;;;;;;;;;;;;;;;;;;;;;;;;;;;;;;;;;;;
-4.500;;;;;;;;;;;;;;;;;;;;;;;;;;;;;;;;;;;;;;;;;;;;;;;;;;;;;;;;;;;48.4;48.4;48.4;48.4;48.3;48.3;48.3;48.2;48.2;48.2;48.1;48.1;48.1;48.1;48.0;48.0;48.0;48.0;48.0;48.0;48.0;48.0;48.0;48.1;48.1;48.1;48.1;48.2;48.2;48.2;48.3;48.3;48.3;48.3;48.2;;;;;;;;;;;;;;;;;;;;;;;;;;;;;;;;;;;;;;;;;;;;;;;;;
-4.600;;;;;;;;;;;;;;;;;;;;;;;;;;;;;;;;;;;;;;;;;;;;;;;;;;;;;;;;;;;;;;48.4;48.3;48.3;48.3;48.3;48.3;48.2;48.2;48.2;48.2;48.2;48.2;48.2;48.1;48.1;48.1;48.1;48.2;48.2;48.2;48.2;48.2;48.2;48.3;48.3;48.3;48.3;48.3;48.3;;;;;;;;;;;;;;;;;;;;;;;;;;;;;;;;;;;;;;;;;;;;;;;;;;;;
-4.700;;;;;;;;;;;;;;;;;;;;;;;;;;;;;;;;;;;;;;;;;;;;;;;;;;;;;;;;;;;;;;;;;48.3;48.3;48.3;48.3;48.3;48.3;48.3;48.3;48.2;48.2;48.2;48.2;48.2;48.2;48.2;48.3;48.3;48.3;48.3;48.3;48.3;48.3;;;;;;;;;;;;;;;;;;;;;;;;;;;;;;;;;;;;;;;;;;;;;;;;;;;;;;;;
-4.800;;;;;;;;;;;;;;;;;;;;;;;;;;;;;;;;;;;;;;;;;;;;;;;;;;;;;;;;;;;;;;;;;;;;;;;48.3;48.3;48.3;48.3;48.3;48.3;48.3;48.3;48.3;48.3;;;;;;;;;;;;;;;;;;;;;;;;;;;;;;;;;;;;;;;;;;;;;;;;;;;;;;;;;;;;;;
-4.900;;;;;;;;;;;;;;;;;;;;;;;;;;;;;;;;;;;;;;;;;;;;;;;;;;;;;;;;;;;;;;;;;;;;;;;;;;;;;;;;;;;;;;;;;;;;;;;;;;;;;;;;;;;;;;;;;;;;;;;;;;;;;;;;;;;;;;;;;;;;;;
-5.000;;;;;;;;;;;;;;;;;;;;;;;;;;;;;;;;;;;;;;;;;;;;;;;;;;;;;;;;;;;;;;;;;;;;;;;;;;;;;;;;;;;;;;;;;;;;;;;;;;;;;;;;;;;;;;;;;;;;;;;;;;;;;;;;;;;;;;;;;;;;;;
-5.100;;;;;;;;;;;;;;;;;;;;;;;;;;;;;;;;;;;;;;;;;;;;;;;;;;;;;;;;;;;;;;;;;;;;;;;;;;;;;;;;;;;;;;;;;;;;;;;;;;;;;;;;;;;;;;;;;;;;;;;;;;;;;;;;;;;;;;;;;;;;;;
-5.200;;;;;;;;;;;;;;;;;;;;;;;;;;;;;;;;;;;;;;;;;;;;;;;;;;;;;;;;;;;;;;;;;;;;;;;;;;;;;;;;;;;;;;;;;;;;;;;;;;;;;;;;;;;;;;;;;;;;;;;;;;;;;;;;;;;;;;;;;;;;;;
-5.300;;;;;;;;;;;;;;;;;;;;;;;;;;;;;;;;;;;;;;;;;;;;;;;;;;;;;;;;;;;;;;;;;;;;;;;;;;;;;;;;;;;;;;;;;;;;;;;;;;;;;;;;;;;;;;;;;;;;;;;;;;;;;;;;;;;;;;;;;;;;;;
-5.400;;;;;;;;;;;;;;;;;;;;;;;;;;;;;;;;;;;;;;;;;;;;;;;;;;;;;;;;;;;;;;;;;;;;;;;;;;;;;;;;;;;;;;;;;;;;;;;;;;;;;;;;;;;;;;;;;;;;;;;;;;;;;;;;;;;;;;;;;;;;;;
-5.500;;;;;;;;;;;;;;;;;;;;;;;;;;;;;;;;;;;;;;;;;;;;;;;;;;;;;;;;;;;;;;;;;;;;;;;;;;;;;;;;;;;;;;;;;;;;;;;;;;;;;;;;;;;;;;;;;;;;;;;;;;;;;;;;;;;;;;;;;;;;;;
-5.600;;;;;;;;;;;;;;;;;;;;;;;;;;;;;;;;;;;;;;;;;;;;;;;;;;;;;;;;;;;;;;;;;;;;;;;;;;;;;;;;;;;;;;;;;;;;;;;;;;;;;;;;;;;;;;;;;;;;;;;;;;;;;;;;;;;;;;;;;;;;;;
-5.700;;;;;;;;;;;;;;;;;;;;;;;;;;;;;;;;;;;;;;;;;;;;;;;;;;;;;;;;;;;;;;;;;;;;;;;;;;;;;;;;;;;;;;;;;;;;;;;;;;;;;;;;;;;;;;;;;;;;;;;;;;;;;;;;;;;;;;;;;;;;;;
-5.800;;;;;;;;;;;;;;;;;;;;;;;;;;;;;;;;;;;;;;;;;;;;;;;;;;;;;;;;;;;;;;;;;;;;;;;;;;;;;;;;;;;;;;;;;;;;;;;;;;;;;;;;;;;;;;;;;;;;;;;;;;;;;;;;;;;;;;;;;;;;;;
-5.900;;;;;;;;;;;;;;;;;;;;;;;;;;;;;;;;;;;;;;;;;;;;;;;;;;;;;;;;;;;;;;;;;;;;;;;;;;;;;;;;;;;;;;;;;;;;;;;;;;;;;;;;;;;;;;;;;;;;;;;;;;;;;;;;;;;;;;;;;;;;;;
-6.000;;;;;;;;;;;;;;;;;;;;;;;;;;;;;;;;;;;;;;;;;;;;;;;;;;;;;;;;;;;;;;;;;;;;;;;;;;;;;;;;;;;;;;;;;;;;;;;;;;;;;;;;;;;;;;;;;;;;;;;;;;;;;;;;;;;;;;;;;;;;;;
-6.100;;;;;;;;;;;;;;;;;;;;;;;;;;;;;;;;;;;;;;;;;;;;;;;;;;;;;;;;;;;;;;;;;;;;;;;;;;;;;;;;;;;;;;;;;;;;;;;;;;;;;;;;;;;;;;;;;;;;;;;;;;;;;;;;;;;;;;;;;;;;;;
-6.200;;;;;;;;;;;;;;;;;;;;;;;;;;;;;;;;;;;;;;;;;;;;;;;;;;;;;;;;;;;;;;;;;;;;;;;;;;;;;;;;;;;;;;;;;;;;;;;;;;;;;;;;;;;;;;;;;;;;;;;;;;;;;;;;;;;;;;;;;;;;;;
-6.300;;;;;;;;;;;;;;;;;;;;;;;;;;;;;;;;;;;;;;;;;;;;;;;;;;;;;;;;;;;;;;;;;;;;;;;;;;;;;;;;;;;;;;;;;;;;;;;;;;;;;;;;;;;;;;;;;;;;;;;;;;;;;;;;;;;;;;;;;;;;;;
-6.400;;;;;;;;;;;;;;;;;;;;;;;;;;;;;;;;;;;;;;;;;;;;;;;;;;;;;;;;;;;;;;;;;;;;;;;;;;;;;;;;;;;;;;;;;;;;;;;;;;;;;;;;;;;;;;;;;;;;;;;;;;;;;;;;;;;;;;;;;;;;;;
-6.500;;;;;;;;;;;;;;;;;;;;;;;;;;;;;;;;;;;;;;;;;;;;;;;;;;;;;;;;;;;;;;;;;;;;;;;;;;;;;;;;;;;;;;;;;;;;;;;;;;;;;;;;;;;;;;;;;;;;;;;;;;;;;;;;;;;;;;;;;;;;;;
-6.600;;;;;;;;;;;;;;;;;;;;;;;;;;;;;;;;;;;;;;;;;;;;;;;;;;;;;;;;;;;;;;;;;;;;;;;;;;;;;;;;;;;;;;;;;;;;;;;;;;;;;;;;;;;;;;;;;;;;;;;;;;;;;;;;;;;;;;;;;;;;;;
-6.700;;;;;;;;;;;;;;;;;;;;;;;;;;;;;;;;;;;;;;;;;;;;;;;;;;;;;;;;;;;;;;;;;;;;;;;;;;;;;;;;;;;;;;;;;;;;;;;;;;;;;;;;;;;;;;;;;;;;;;;;;;;;;;;;;;;;;;;;;;;;;;
-6.800;;;;;;;;;;;;;;;;;;;;;;;;;;;;;;;;;;;;;;;;;;;;;;;;;;;;;;;;;;;;;;;;;;;;;;;;;;;;;;;;;;;;;;;;;;;;;;;;;;;;;;;;;;;;;;;;;;;;;;;;;;;;;;;;;;;;;;;;;;;;;;
-6.900;;;;;;;;;;;;;;;;;;;;;;;;;;;;;;;;;;;;;;;;;;;;;;;;;;;;;;;;;;;;;;;;;;;;;;;;;;;;;;;;;;;;;;;;;;;;;;;;;;;;;;;;;;;;;;;;;;;;;;;;;;;;;;;;;;;;;;;;;;;;;;
-7.000;;;;;;;;;;;;;;;;;;;;;;;;;;;;;;;;;;;;;;;;;;;;;;;;;;;;;;;;;;;;;;;;;;;;;;;;;;;;;;;;;;;;;;;;;;;;;;;;;;;;;;;;;;;;;;;;;;;;;;;;;;;;;;;;;;;;;;;;;;;;;;
[SYSTEM];;
Name;Pentacam;
Version;1.25r15;
SerialNo;4022  1220;
Registered User;...;
File Date;14-05-2025;
Matrixsize X;141;
Matrixsize Y;141;
Matrix-Res. X/Y;100;

[PATIENT];;
LastName;çÑçù;
FirstName;Eent;
Eye;OD;
DateOfBirth;01-10-1977;
Sex;...;
PatientID;f;

[EXAMINATION];;
Date;22-11-2023;
Time;08:51:53;
Surgeon;...;
OP;...;
TestNo;...;
Comments;...;
Max. Diameter;11.83;

[GENERAL DATA];;
Cornea Front Rh;8.20;
Cornea Front Rv;8.41;
Cornea Front Axis;77.1;
Cornea Front Astig;1.0;
Cornea Front Exz;0.60;Q-val. (8mm);
Pachy Apex;508;
Pachy Min;481;
Pachy Min X;1.05;
Pachy Min Y;0.20;
Chamber Height;2.86;
Chamber Angle;44.49;
KKS;# Abnorm.;
QS Status;OK;
QS Error;0;
K Max (Front);50.60;
K Max X (Front);-2.89;
K Max Y (Front);-0.33;

[PUPIL];
Pupil Dia;2.72;
XPupil;682;
YPupil;340;

X;Y;
1901;0;
1908;47;
1913;94;
1917;141;
1920;189;
1921;237;
1921;285;
1918;333;
1915;381;
1910;429;
1904;477;
1897;525;
1887;572;
1876;620;
1863;667;
1850;714;
1835;760;
1818;806;
1799;851;
1779;896;
1759;940;
1737;984;
1713;1027;
1687;1068;
1660;1109;
1632;1150;
1604;1189;
1573;1228;
1541;1265;
1508;1301;
1474;1336;
1439;1370;
1403;1403;
1365;1434;
1326;1464;
1287;1492;
1247;1520;
1206;1546;
1164;1570;
1121;1592;
1078;1613;
1034;1633;
990;1651;
945;1668;
899;1681;
853;1694;
807;1705;
760;1715;
714;1724;
667;1729;
620;1733;
573;1736;
527;1737;
481;1737;
434;1734;
388;1729;
343;1723;
298;1716;
253;1708;
209;1698;
166;1685;
123;1671;
81;1656;
40;1640;
0;1623;
-39;1603;
-78;1582;
-115;1561;
-151;1538;
-187;1515;
-221;1490;
-254;1464;
-286;1437;
-316;1409;
-346;1381;
-374;1352;
-401;1322;
-427;1292;
-451;1261;
-474;1229;
-496;1198;
-517;1166;
-536;1133;
-554;1101;
-571;1068;
-586;1035;
-601;1002;
-614;970;
-626;937;
-637;904;
-646;871;
-655;839;
-663;808;
-669;776;
-675;745;
-679;714;
-683;683;
-686;653;
-688;624;
-690;595;
-690;566;
-689;538;
-689;511;
-687;484;
-686;458;
-683;432;
-679;407;
-675;383;
-672;359;
-668;336;
-663;314;
-658;292;
-651;270;
-647;249;
-641;230;
-635;210;
-629;191;
-622;172;
-616;154;
-610;137;
-603;120;
-597;104;
-589;87;
-582;72;
-576;57;
-570;42;
-563;28;
-555;14;
-548;0;
-542;-13;
-536;-26;
-529;-39;
-522;-51;
-515;-64;
-509;-76;
-504;-87;
-498;-99;
-492;-111;
-486;-122;
-480;-133;
-476;-144;
-471;-156;
-466;-167;
-460;-178;
-454;-188;
-451;-200;
-446;-211;
-442;-222;
-437;-234;
-432;-245;
-428;-257;
-424;-269;
-420;-281;
-416;-293;
-411;-305;
-406;-317;
-403;-330;
-398;-344;
-394;-357;
-389;-370;
-383;-383;
-379;-398;
-374;-413;
-369;-428;
-363;-443;
-357;-457;
-351;-473;
-345;-490;
-338;-506;
-331;-523;
-323;-539;
-315;-556;
-307;-574;
-298;-591;
-288;-609;
-278;-627;
-267;-644;
-256;-663;
-244;-682;
-232;-701;
-218;-719;
-204;-737;
-189;-756;
-174;-776;
-158;-794;
-141;-813;
-123;-831;
-105;-849;
-85;-868;
-65;-886;
-44;-904;
-23;-921;
0;-938;
23;-954;
48;-971;
73;-987;
99;-1002;
125;-1016;
153;-1030;
181;-1044;
210;-1056;
240;-1068;
270;-1079;
302;-1090;
333;-1099;
366;-1108;
399;-1115;
433;-1122;
467;-1128;
502;-1132;
537;-1136;
573;-1138;
609;-1140;
646;-1140;
683;-1139;
720;-1137;
757;-1133;
795;-1128;
833;-1123;
870;-1115;
908;-1107;
946;-1097;
984;-1086;
1022;-1073;
1060;-1060;
1097;-1044;
1134;-1028;
1171;-1010;
1207;-991;
1244;-971;
1279;-949;
1314;-926;
1349;-901;
1383;-876;
1417;-849;
1450;-821;
1481;-792;
1512;-761;
1543;-730;
1572;-697;
1602;-663;
1629;-628;
1655;-592;
1680;-555;
1705;-517;
1729;-478;
1751;-439;
1771;-398;
1791;-356;
1810;-314;
1827;-271;
1843;-227;
1857;-183;
1870;-138;
1881;-92;
1892;-46;
[CORNEA EDGE];;
Cornea Center Pos X (related to apex, [mm]);0.19;
Cornea Center Pos Y (related to apex, [mm]);0.36;
Iris Image existing in Examination;1;
Iris Image Apex Pixel Position X;255.38;
Iris Image Apex Pixel Position Y;158.41;
Iris Image mm per Pixel;0.0427;
Left Cornea-Edge X (related to Apex, [µm]);Left Cornea-Edge Y (related to Apex, [µm]);
-4984;2197;
-5041;2007;
-5092;1815;
-5136;1622;
-5174;1427;
-5206;1232;
-5230;1035;
-5248;838;
-5258;640;
-5261;442;
-5258;244;
-5247;46;
-5229;-151;
-5205;-347;
-5173;-542;
-5135;-736;
-5091;-929;
-5040;-1120;
-4983;-1309;
-4921;-1496;
-4852;-1682;
-4779;-1865;
-4700;-2046;
-4616;-2226;
-4528;-2403;
;;
;;
;;
;;
;;
;;
;;
;;
;;
;;
;;
;;
;;
;;
;;
Right Cornea-Edge X (related to Apex, [µm]);Right Cornea-Edge Y (related to Apex, [µm]);
5116;-2205;
5188;-2031;
5256;-1856;
5318;-1680;
5376;-1503;
5428;-1324;
5475;-1145;
5517;-965;
5553;-784;
5584;-602;
5609;-420;
5628;-238;
5641;-55;
5649;129;
5651;312;
5647;494;
5637;677;
5622;859;
5601;1040;
5574;1221;
5542;1400;
5504;1579;
5461;1756;
5413;1932;
;;
;;
;;
;;
;;
;;
;;
;;
;;
;;
;;
;;
;;
;;
;;
;;
[GENERAL DATA 2];;
Chamber Angle @ 180°;44.5;
Chamber Angle @ 0°;45.0;
Chamber Volume [mm³];150;
AXL Axial Length [mm];;
AXL SNR;;
HWTW;10.9;
