FRONT;-7.000;-6.900;-6.800;-6.700;-6.600;-6.500;-6.400;-6.300;-6.200;-6.100;-6.000;-5.900;-5.800;-5.700;-5.600;-5.500;-5.400;-5.300;-5.200;-5.100;-5.000;-4.900;-4.800;-4.700;-4.600;-4.500;-4.400;-4.300;-4.200;-4.100;-4.000;-3.900;-3.800;-3.700;-3.600;-3.500;-3.400;-3.300;-3.200;-3.100;-3.000;-2.900;-2.800;-2.700;-2.600;-2.500;-2.400;-2.300;-2.200;-2.100;-2.000;-1.900;-1.800;-1.700;-1.600;-1.500;-1.400;-1.300;-1.200;-1.100;-1.000;-0.900;-0.800;-0.700;-0.600;-0.500;-0.400;-0.300;-0.200;-0.100;0.000;0.100;0.200;0.300;0.400;0.500;0.600;0.700;0.800;0.900;1.000;1.100;1.200;1.300;1.400;1.500;1.600;1.700;1.800;1.900;2.000;2.100;2.200;2.300;2.400;2.500;2.600;2.700;2.800;2.900;3.000;3.100;3.200;3.300;3.400;3.500;3.600;3.700;3.800;3.900;4.000;4.100;4.200;4.300;4.400;4.500;4.600;4.700;4.800;4.900;5.000;5.100;5.200;5.300;5.400;5.500;5.600;5.700;5.800;5.900;6.000;6.100;6.200;6.300;6.400;6.500;6.600;6.700;6.800;6.900;7.000;
7.000;;;;;;;;;;;;;;;;;;;;;;;;;;;;;;;;;;;;;;;;;;;;;;;;;;;;;;;;;;;;;;;;;;;;;;;;;;;;;;;;;;;;;;;;;;;;;;;;;;;;;;;;;;;;;;;;;;;;;;;;;;;;;;;;;;;;;;;;;;;;;;
6.900;;;;;;;;;;;;;;;;;;;;;;;;;;;;;;;;;;;;;;;;;;;;;;;;;;;;;;;;;;;;;;;;;;;;;;;;;;;;;;;;;;;;;;;;;;;;;;;;;;;;;;;;;;;;;;;;;;;;;;;;;;;;;;;;;;;;;;;;;;;;;;
6.800;;;;;;;;;;;;;;;;;;;;;;;;;;;;;;;;;;;;;;;;;;;;;;;;;;;;;;;;;;;;;;;;;;;;;;;;;;;;;;;;;;;;;;;;;;;;;;;;;;;;;;;;;;;;;;;;;;;;;;;;;;;;;;;;;;;;;;;;;;;;;;
6.700;;;;;;;;;;;;;;;;;;;;;;;;;;;;;;;;;;;;;;;;;;;;;;;;;;;;;;;;;;;;;;;;;;;;;;;;;;;;;;;;;;;;;;;;;;;;;;;;;;;;;;;;;;;;;;;;;;;;;;;;;;;;;;;;;;;;;;;;;;;;;;
6.600;;;;;;;;;;;;;;;;;;;;;;;;;;;;;;;;;;;;;;;;;;;;;;;;;;;;;;;;;;;;;;;;;;;;;;;;;;;;;;;;;;;;;;;;;;;;;;;;;;;;;;;;;;;;;;;;;;;;;;;;;;;;;;;;;;;;;;;;;;;;;;
6.500;;;;;;;;;;;;;;;;;;;;;;;;;;;;;;;;;;;;;;;;;;;;;;;;;;;;;;;;;;;;;;;;;;;;;;;;;;;;;;;;;;;;;;;;;;;;;;;;;;;;;;;;;;;;;;;;;;;;;;;;;;;;;;;;;;;;;;;;;;;;;;
6.400;;;;;;;;;;;;;;;;;;;;;;;;;;;;;;;;;;;;;;;;;;;;;;;;;;;;;;;;;;;;;;;;;;;;;;;;;;;;;;;;;;;;;;;;;;;;;;;;;;;;;;;;;;;;;;;;;;;;;;;;;;;;;;;;;;;;;;;;;;;;;;
6.300;;;;;;;;;;;;;;;;;;;;;;;;;;;;;;;;;;;;;;;;;;;;;;;;;;;;;;;;;;;;;;;;;;;;;;;;;;;;;;;;;;;;;;;;;;;;;;;;;;;;;;;;;;;;;;;;;;;;;;;;;;;;;;;;;;;;;;;;;;;;;;
6.200;;;;;;;;;;;;;;;;;;;;;;;;;;;;;;;;;;;;;;;;;;;;;;;;;;;;;;;;;;;;;;;;;;;;;;;;;;;;;;;;;;;;;;;;;;;;;;;;;;;;;;;;;;;;;;;;;;;;;;;;;;;;;;;;;;;;;;;;;;;;;;
6.100;;;;;;;;;;;;;;;;;;;;;;;;;;;;;;;;;;;;;;;;;;;;;;;;;;;;;;;;;;;;;;;;;;;;;;;;;;;;;;;;;;;;;;;;;;;;;;;;;;;;;;;;;;;;;;;;;;;;;;;;;;;;;;;;;;;;;;;;;;;;;;
6.000;;;;;;;;;;;;;;;;;;;;;;;;;;;;;;;;;;;;;;;;;;;;;;;;;;;;;;;;;;;;;;;;;;;;;;;;;;;;;;;;;;;;;;;;;;;;;;;;;;;;;;;;;;;;;;;;;;;;;;;;;;;;;;;;;;;;;;;;;;;;;;
5.900;;;;;;;;;;;;;;;;;;;;;;;;;;;;;;;;;;;;;;;;;;;;;;;;;;;;;;;;;;;;;;;;;;;;;;;;;;;;;;;;;;;;;;;;;;;;;;;;;;;;;;;;;;;;;;;;;;;;;;;;;;;;;;;;;;;;;;;;;;;;;;
5.800;;;;;;;;;;;;;;;;;;;;;;;;;;;;;;;;;;;;;;;;;;;;;;;;;;;;;;;;;;;;;;;;;;;;;;;;;;;;;;;;;;;;;;;;;;;;;;;;;;;;;;;;;;;;;;;;;;;;;;;;;;;;;;;;;;;;;;;;;;;;;;
5.700;;;;;;;;;;;;;;;;;;;;;;;;;;;;;;;;;;;;;;;;;;;;;;;;;;;;;;;;;;;;;;;;;;;;;;;;;;;;;;;;;;;;;;;;;;;;;;;;;;;;;;;;;;;;;;;;;;;;;;;;;;;;;;;;;;;;;;;;;;;;;;
5.600;;;;;;;;;;;;;;;;;;;;;;;;;;;;;;;;;;;;;;;;;;;;;;;;;;;;;;;;;;;;;;;;;;;;;;;;;;;;;;;;;;;;;;;;;;;;;;;;;;;;;;;;;;;;;;;;;;;;;;;;;;;;;;;;;;;;;;;;;;;;;;
5.500;;;;;;;;;;;;;;;;;;;;;;;;;;;;;;;;;;;;;;;;;;;;;;;;;;;;;;;;;;;;;;;;;;;;;;;;;;;;;;;;;;;;;;;;;;;;;;;;;;;;;;;;;;;;;;;;;;;;;;;;;;;;;;;;;;;;;;;;;;;;;;
5.400;;;;;;;;;;;;;;;;;;;;;;;;;;;;;;;;;;;;;;;;;;;;;;;;;;;;;;;;;;;;;;;;;;;;;;;;;;;;;;;;;;;;;;;;;;;;;;;;;;;;;;;;;;;;;;;;;;;;;;;;;;;;;;;;;;;;;;;;;;;;;;
5.300;;;;;;;;;;;;;;;;;;;;;;;;;;;;;;;;;;;;;;;;;;;;;;;;;;;;;;;;;;;;;;;;;;;;;;;;;;;;;;;;;;;;;;;;;;;;;;;;;;;;;;;;;;;;;;;;;;;;;;;;;;;;;;;;;;;;;;;;;;;;;;
5.200;;;;;;;;;;;;;;;;;;;;;;;;;;;;;;;;;;;;;;;;;;;;;;;;;;;;;;;;;;;;;;;;;;;;;;;;;;;;;;;;;;;;;;;;;;;;;;;;;;;;;;;;;;;;;;;;;;;;;;;;;;;;;;;;;;;;;;;;;;;;;;
5.100;;;;;;;;;;;;;;;;;;;;;;;;;;;;;;;;;;;;;;;;;;;;;;;;;;;;;;;;;;;;;;;;;;;7.50;7.52;7.54;7.56;7.58;7.60;7.61;7.63;7.64;7.65;7.65;;;;;;;;;;;;;;;;;;;;;;;;;;;;;;;;;;;;;;;;;;;;;;;;;;;;;;;;;;;;;;;;;
5.000;;;;;;;;;;;;;;;;;;;;;;;;;;;;;;;;;;;;;;;;;;;;;;;;;;;;;;;;;;;;;7.41;7.43;7.46;7.48;7.51;7.53;7.55;7.58;7.60;7.62;7.63;7.65;7.66;7.68;7.69;7.70;7.70;7.71;7.71;7.71;7.70;7.69;7.68;;;;;;;;;;;;;;;;;;;;;;;;;;;;;;;;;;;;;;;;;;;;;;;;;;;;;;;;;;;
4.900;;;;;;;;;;;;;;;;;;;;;;;;;;;;;;;;;;;;;;;;;;;;;;;;;;;;;;;;;7.36;7.38;7.41;7.43;7.46;7.49;7.51;7.54;7.56;7.58;7.61;7.63;7.65;7.67;7.68;7.70;7.71;7.73;7.74;7.74;7.75;7.75;7.76;7.75;7.75;7.74;7.73;7.72;7.70;7.68;7.65;;;;;;;;;;;;;;;;;;;;;;;;;;;;;;;;;;;;;;;;;;;;;;;;;;;;;;;
4.800;;;;;;;;;;;;;;;;;;;;;;;;;;;;;;;;;;;;;;;;;;;;;;;;;;;;;;7.33;7.36;7.38;7.41;7.44;7.46;7.49;7.51;7.54;7.57;7.59;7.62;7.64;7.66;7.68;7.70;7.72;7.74;7.75;7.77;7.78;7.79;7.79;7.80;7.80;7.80;7.80;7.80;7.79;7.78;7.77;7.75;7.73;7.71;7.68;7.64;7.61;;;;;;;;;;;;;;;;;;;;;;;;;;;;;;;;;;;;;;;;;;;;;;;;;;;;
4.700;;;;;;;;;;;;;;;;;;;;;;;;;;;;;;;;;;;;;;;;;;;;;;;;;;;;7.34;7.36;7.38;7.41;7.44;7.46;7.49;7.52;7.54;7.57;7.60;7.62;7.65;7.67;7.69;7.72;7.74;7.76;7.77;7.79;7.80;7.82;7.83;7.84;7.84;7.85;7.85;7.85;7.85;7.84;7.84;7.83;7.82;7.80;7.78;7.76;7.73;7.70;7.67;7.63;7.58;;;;;;;;;;;;;;;;;;;;;;;;;;;;;;;;;;;;;;;;;;;;;;;;;;
4.600;;;;;;;;;;;;;;;;;;;;;;;;;;;;;;;;;;;;;;;;;;;;;;;;;;7.34;7.36;7.39;7.41;7.44;7.46;7.49;7.52;7.55;7.57;7.60;7.63;7.65;7.68;7.70;7.73;7.75;7.77;7.79;7.81;7.83;7.84;7.85;7.87;7.88;7.88;7.89;7.89;7.90;7.90;7.89;7.89;7.88;7.87;7.86;7.85;7.83;7.81;7.78;7.75;7.72;7.68;7.64;7.60;7.55;;;;;;;;;;;;;;;;;;;;;;;;;;;;;;;;;;;;;;;;;;;;;;;;
4.500;;;;;;;;;;;;;;;;;;;;;;;;;;;;;;;;;;;;;;;;;;;;;;;;7.35;7.37;7.39;7.42;7.44;7.47;7.49;7.52;7.55;7.57;7.60;7.63;7.66;7.68;7.71;7.73;7.76;7.78;7.80;7.83;7.85;7.86;7.88;7.89;7.91;7.92;7.93;7.93;7.94;7.94;7.94;7.94;7.94;7.94;7.93;7.92;7.91;7.89;7.88;7.86;7.83;7.81;7.78;7.74;7.70;7.66;7.61;7.56;7.51;;;;;;;;;;;;;;;;;;;;;;;;;;;;;;;;;;;;;;;;;;;;;;
4.400;;;;;;;;;;;;;;;;;;;;;;;;;;;;;;;;;;;;;;;;;;;;;;7.35;7.38;7.40;7.42;7.45;7.47;7.50;7.52;7.55;7.58;7.60;7.63;7.66;7.69;7.71;7.74;7.77;7.79;7.82;7.84;7.86;7.88;7.90;7.92;7.93;7.95;7.96;7.97;7.98;7.98;7.99;7.99;7.99;7.99;7.99;7.98;7.97;7.96;7.95;7.94;7.92;7.90;7.88;7.86;7.83;7.80;7.76;7.72;7.67;7.63;7.57;7.52;7.46;;;;;;;;;;;;;;;;;;;;;;;;;;;;;;;;;;;;;;;;;;;;
4.300;;;;;;;;;;;;;;;;;;;;;;;;;;;;;;;;;;;;;;;;;;;;7.36;7.38;7.40;7.43;7.45;7.48;7.50;7.53;7.55;7.58;7.60;7.63;7.66;7.69;7.71;7.74;7.77;7.80;7.82;7.85;7.87;7.89;7.92;7.94;7.95;7.97;7.99;8.00;8.01;8.02;8.03;8.03;8.03;8.04;8.04;8.03;8.03;8.02;8.02;8.01;8.00;7.98;7.97;7.95;7.93;7.90;7.88;7.85;7.81;7.78;7.73;7.69;7.64;7.59;7.53;7.47;;;;;;;;;;;;;;;;;;;;;;;;;;;;;;;;;;;;;;;;;;;
4.200;;;;;;;;;;;;;;;;;;;;;;;;;;;;;;;;;;;;;;;;;;;7.39;7.41;7.43;7.46;7.48;7.50;7.53;7.55;7.58;7.61;7.63;7.66;7.69;7.72;7.74;7.77;7.80;7.83;7.85;7.88;7.90;7.93;7.95;7.97;7.99;8.01;8.02;8.04;8.05;8.06;8.07;8.08;8.08;8.08;8.08;8.08;8.08;8.07;8.07;8.06;8.05;8.04;8.03;8.01;7.99;7.97;7.95;7.92;7.90;7.86;7.83;7.79;7.75;7.70;7.65;7.60;7.54;7.48;7.41;;;;;;;;;;;;;;;;;;;;;;;;;;;;;;;;;;;;;;;;;
4.100;;;;;;;;;;;;;;;;;;;;;;;;;;;;;;;;;;;;;;;;;;7.42;7.44;7.46;7.49;7.51;7.53;7.56;7.58;7.61;7.63;7.66;7.69;7.72;7.74;7.77;7.80;7.83;7.86;7.88;7.91;7.94;7.96;7.98;8.01;8.03;8.05;8.06;8.08;8.09;8.10;8.11;8.12;8.13;8.13;8.13;8.13;8.13;8.13;8.12;8.11;8.10;8.09;8.08;8.07;8.05;8.04;8.02;7.99;7.97;7.94;7.91;7.88;7.84;7.80;7.76;7.71;7.66;7.60;7.55;7.49;7.42;;;;;;;;;;;;;;;;;;;;;;;;;;;;;;;;;;;;;;;;
4.000;;;;;;;;;;;;;;;;;;;;;;;;;;;;;;;;;;;;;;;;7.42;7.44;7.47;7.49;7.51;7.54;7.56;7.59;7.61;7.64;7.66;7.69;7.72;7.74;7.77;7.80;7.83;7.86;7.88;7.91;7.94;7.97;7.99;8.02;8.04;8.06;8.08;8.10;8.12;8.13;8.15;8.16;8.17;8.17;8.18;8.18;8.18;8.18;8.18;8.17;8.17;8.16;8.15;8.14;8.13;8.11;8.10;8.08;8.06;8.04;8.01;7.99;7.96;7.93;7.89;7.85;7.81;7.77;7.72;7.67;7.61;7.55;7.49;7.43;7.37;;;;;;;;;;;;;;;;;;;;;;;;;;;;;;;;;;;;;;
3.900;;;;;;;;;;;;;;;;;;;;;;;;;;;;;;;;;;;;;;;7.45;7.47;7.49;7.52;7.54;7.56;7.59;7.61;7.64;7.66;7.69;7.72;7.74;7.77;7.80;7.83;7.85;7.88;7.91;7.94;7.97;8.00;8.02;8.05;8.07;8.10;8.12;8.14;8.16;8.18;8.19;8.20;8.21;8.22;8.22;8.23;8.23;8.23;8.23;8.22;8.22;8.21;8.20;8.19;8.18;8.17;8.15;8.14;8.12;8.10;8.08;8.05;8.03;8.00;7.97;7.94;7.90;7.86;7.82;7.78;7.73;7.67;7.62;7.56;7.50;7.44;7.37;;;;;;;;;;;;;;;;;;;;;;;;;;;;;;;;;;;;;
3.800;;;;;;;;;;;;;;;;;;;;;;;;;;;;;;;;;;;;;;7.47;7.49;7.52;7.54;7.56;7.59;7.61;7.64;7.66;7.69;7.71;7.74;7.77;7.79;7.82;7.85;7.88;7.91;7.94;7.97;8.00;8.03;8.05;8.08;8.11;8.13;8.15;8.18;8.20;8.21;8.23;8.24;8.25;8.26;8.27;8.27;8.28;8.28;8.28;8.27;8.27;8.26;8.25;8.25;8.24;8.22;8.21;8.20;8.18;8.16;8.14;8.12;8.10;8.07;8.04;8.01;7.98;7.95;7.91;7.87;7.83;7.78;7.73;7.68;7.62;7.57;7.51;7.45;7.38;;;;;;;;;;;;;;;;;;;;;;;;;;;;;;;;;;;;
3.700;;;;;;;;;;;;;;;;;;;;;;;;;;;;;;;;;;;;;7.49;7.51;7.54;7.56;7.58;7.61;7.63;7.66;7.68;7.71;7.74;7.76;7.79;7.82;7.85;7.88;7.91;7.94;7.97;7.99;8.02;8.05;8.08;8.11;8.14;8.16;8.19;8.21;8.23;8.25;8.27;8.28;8.29;8.30;8.31;8.32;8.32;8.32;8.32;8.32;8.31;8.31;8.30;8.29;8.29;8.28;8.26;8.25;8.24;8.22;8.20;8.18;8.16;8.14;8.11;8.08;8.05;8.02;7.99;7.95;7.92;7.88;7.83;7.79;7.74;7.68;7.63;7.57;7.51;7.45;7.39;;;;;;;;;;;;;;;;;;;;;;;;;;;;;;;;;;;
3.600;;;;;;;;;;;;;;;;;;;;;;;;;;;;;;;;;;;;7.50;7.53;7.55;7.58;7.60;7.63;7.65;7.68;7.70;7.73;7.76;7.78;7.81;7.84;7.87;7.90;7.93;7.96;7.99;8.02;8.05;8.08;8.11;8.13;8.16;8.19;8.21;8.24;8.26;8.28;8.30;8.32;8.33;8.34;8.35;8.36;8.36;8.36;8.36;8.36;8.36;8.35;8.35;8.34;8.33;8.32;8.31;8.30;8.29;8.27;8.26;8.24;8.22;8.20;8.18;8.15;8.12;8.09;8.06;8.03;8.00;7.96;7.92;7.88;7.83;7.79;7.74;7.69;7.63;7.58;7.52;7.46;7.40;;;;;;;;;;;;;;;;;;;;;;;;;;;;;;;;;;
3.500;;;;;;;;;;;;;;;;;;;;;;;;;;;;;;;;;;;7.51;7.54;7.57;7.59;7.62;7.64;7.67;7.70;7.72;7.75;7.77;7.80;7.83;7.86;7.89;7.92;7.95;7.98;8.01;8.04;8.07;8.10;8.13;8.16;8.18;8.21;8.24;8.26;8.29;8.31;8.33;8.35;8.36;8.38;8.39;8.40;8.40;8.41;8.41;8.41;8.40;8.40;8.39;8.39;8.38;8.37;8.36;8.35;8.33;8.32;8.31;8.29;8.27;8.26;8.23;8.21;8.19;8.16;8.13;8.10;8.07;8.03;8.00;7.96;7.92;7.88;7.83;7.79;7.74;7.69;7.63;7.58;7.52;7.47;7.41;;;;;;;;;;;;;;;;;;;;;;;;;;;;;;;;;
3.400;;;;;;;;;;;;;;;;;;;;;;;;;;;;;;;;;;7.52;7.55;7.57;7.60;7.63;7.65;7.68;7.71;7.73;7.76;7.79;7.82;7.85;7.88;7.91;7.94;7.97;8.00;8.03;8.06;8.09;8.12;8.15;8.17;8.20;8.23;8.26;8.28;8.31;8.33;8.36;8.38;8.40;8.41;8.43;8.44;8.45;8.45;8.45;8.45;8.45;8.45;8.44;8.43;8.42;8.41;8.40;8.39;8.38;8.37;8.35;8.34;8.32;8.31;8.29;8.27;8.25;8.22;8.20;8.17;8.14;8.10;8.07;8.04;8.00;7.96;7.92;7.88;7.83;7.79;7.74;7.69;7.64;7.58;7.53;7.47;7.42;;;;;;;;;;;;;;;;;;;;;;;;;;;;;;;;
3.300;;;;;;;;;;;;;;;;;;;;;;;;;;;;;;;;;7.52;7.55;7.58;7.61;7.64;7.66;7.69;7.72;7.74;7.77;7.80;7.83;7.86;7.89;7.92;7.95;7.98;8.01;8.04;8.07;8.10;8.13;8.16;8.19;8.22;8.24;8.27;8.30;8.33;8.35;8.38;8.40;8.42;8.44;8.46;8.48;8.49;8.50;8.50;8.50;8.50;8.50;8.49;8.49;8.48;8.47;8.45;8.44;8.43;8.42;8.40;8.39;8.37;8.36;8.34;8.32;8.30;8.28;8.26;8.23;8.20;8.17;8.14;8.11;8.07;8.03;7.99;7.96;7.91;7.87;7.83;7.78;7.74;7.69;7.64;7.59;7.53;7.48;7.43;;;;;;;;;;;;;;;;;;;;;;;;;;;;;;;
3.200;;;;;;;;;;;;;;;;;;;;;;;;;;;;;;;;7.52;7.55;7.58;7.61;7.64;7.67;7.69;7.72;7.75;7.78;7.81;7.84;7.87;7.90;7.93;7.96;7.99;8.02;8.05;8.08;8.11;8.14;8.17;8.20;8.23;8.25;8.28;8.31;8.34;8.37;8.40;8.42;8.45;8.47;8.49;8.51;8.53;8.54;8.55;8.56;8.56;8.56;8.56;8.55;8.54;8.53;8.52;8.50;8.48;8.47;8.45;8.44;8.42;8.41;8.39;8.37;8.35;8.33;8.31;8.29;8.26;8.23;8.20;8.17;8.14;8.10;8.07;8.03;7.99;7.95;7.91;7.87;7.82;7.78;7.73;7.68;7.64;7.59;7.54;7.49;7.44;;;;;;;;;;;;;;;;;;;;;;;;;;;;;;
3.100;;;;;;;;;;;;;;;;;;;;;;;;;;;;;;;7.52;7.55;7.58;7.61;7.64;7.67;7.69;7.72;7.75;7.78;7.81;7.84;7.87;7.90;7.93;7.97;8.00;8.03;8.06;8.09;8.12;8.15;8.18;8.20;8.23;8.26;8.29;8.32;8.35;8.38;8.41;8.44;8.47;8.50;8.53;8.55;8.58;8.60;8.61;8.62;8.63;8.63;8.63;8.63;8.62;8.61;8.60;8.58;8.57;8.55;8.53;8.51;8.48;8.47;8.45;8.43;8.41;8.39;8.37;8.35;8.32;8.29;8.27;8.23;8.20;8.17;8.13;8.10;8.06;8.02;7.98;7.94;7.90;7.86;7.81;7.77;7.73;7.68;7.64;7.59;7.54;7.50;;;;;;;;;;;;;;;;;;;;;;;;;;;;;;
3.000;;;;;;;;;;;;;;;;;;;;;;;;;;;;;;;7.54;7.57;7.60;7.63;7.66;7.69;7.72;7.75;7.78;7.81;7.84;7.87;7.90;7.93;7.97;8.00;8.03;8.06;8.09;8.12;8.15;8.18;8.21;8.23;8.26;8.29;8.32;8.36;8.39;8.43;8.46;8.50;8.53;8.56;8.59;8.62;8.64;8.66;8.68;8.69;8.70;8.71;8.71;8.71;8.70;8.69;8.67;8.66;8.64;8.62;8.60;8.57;8.55;8.52;8.50;8.47;8.45;8.43;8.40;8.38;8.35;8.33;8.30;8.27;8.23;8.20;8.16;8.12;8.09;8.05;8.01;7.97;7.93;7.89;7.85;7.81;7.76;7.72;7.68;7.64;7.59;7.55;7.51;;;;;;;;;;;;;;;;;;;;;;;;;;;;;
2.900;;;;;;;;;;;;;;;;;;;;;;;;;;;;;;7.53;7.57;7.60;7.63;7.66;7.68;7.71;7.74;7.77;7.80;7.83;7.86;7.90;7.93;7.96;7.99;8.03;8.06;8.09;8.12;8.15;8.18;8.21;8.23;8.26;8.29;8.33;8.37;8.41;8.44;8.48;8.52;8.56;8.59;8.63;8.66;8.69;8.71;8.74;8.75;8.77;8.78;8.79;8.79;8.79;8.78;8.77;8.75;8.74;8.72;8.69;8.67;8.64;8.61;8.59;8.56;8.53;8.50;8.47;8.44;8.42;8.39;8.36;8.33;8.30;8.26;8.23;8.19;8.15;8.11;8.07;8.04;8.00;7.96;7.92;7.88;7.84;7.80;7.76;7.72;7.68;7.63;7.59;7.55;7.52;;;;;;;;;;;;;;;;;;;;;;;;;;;;
2.800;;;;;;;;;;;;;;;;;;;;;;;;;;;;;7.52;7.55;7.59;7.62;7.65;7.68;7.70;7.73;7.76;7.79;7.82;7.85;7.89;7.92;7.95;7.99;8.02;8.05;8.08;8.11;8.14;8.17;8.20;8.23;8.26;8.30;8.34;8.38;8.42;8.46;8.50;8.54;8.58;8.62;8.66;8.69;8.73;8.76;8.79;8.81;8.83;8.85;8.86;8.87;8.87;8.87;8.86;8.85;8.84;8.82;8.80;8.77;8.75;8.72;8.69;8.66;8.62;8.59;8.56;8.53;8.49;8.46;8.43;8.40;8.36;8.33;8.29;8.26;8.22;8.18;8.14;8.10;8.06;8.02;7.98;7.94;7.90;7.86;7.82;7.79;7.75;7.71;7.67;7.63;7.60;7.56;;;;;;;;;;;;;;;;;;;;;;;;;;;;
2.700;;;;;;;;;;;;;;;;;;;;;;;;;;;;;7.54;7.57;7.60;7.63;7.66;7.69;7.72;7.75;7.78;7.81;7.84;7.87;7.91;7.94;7.98;8.01;8.04;8.07;8.10;8.13;8.16;8.19;8.22;8.26;8.30;8.34;8.38;8.42;8.47;8.51;8.56;8.60;8.64;8.69;8.73;8.77;8.80;8.84;8.87;8.89;8.91;8.93;8.95;8.95;8.96;8.96;8.95;8.94;8.92;8.90;8.88;8.85;8.83;8.79;8.76;8.73;8.69;8.66;8.62;8.59;8.55;8.51;8.48;8.44;8.40;8.36;8.33;8.29;8.24;8.20;8.16;8.12;8.08;8.04;8.00;7.96;7.92;7.89;7.85;7.81;7.77;7.74;7.70;7.67;7.64;7.60;7.57;;;;;;;;;;;;;;;;;;;;;;;;;;;
2.600;;;;;;;;;;;;;;;;;;;;;;;;;;;;7.52;7.56;7.59;7.62;7.65;7.68;7.71;7.74;7.77;7.80;7.83;7.86;7.89;7.93;7.96;7.99;8.03;8.06;8.09;8.12;8.15;8.18;8.21;8.25;8.29;8.34;8.38;8.43;8.48;8.52;8.57;8.62;8.67;8.71;8.76;8.80;8.84;8.88;8.91;8.95;8.97;9.00;9.02;9.03;9.04;9.05;9.04;9.04;9.03;9.01;8.99;8.97;8.94;8.91;8.87;8.84;8.80;8.77;8.73;8.69;8.65;8.61;8.57;8.53;8.48;8.44;8.40;8.36;8.32;8.27;8.23;8.19;8.14;8.10;8.06;8.02;7.98;7.94;7.91;7.87;7.83;7.80;7.76;7.73;7.70;7.67;7.64;7.61;7.58;;;;;;;;;;;;;;;;;;;;;;;;;;
2.500;;;;;;;;;;;;;;;;;;;;;;;;;;;;7.54;7.57;7.61;7.64;7.67;7.69;7.72;7.75;7.78;7.81;7.84;7.87;7.91;7.94;7.98;8.01;8.04;8.08;8.11;8.14;8.17;8.20;8.24;8.29;8.33;8.38;8.43;8.48;8.53;8.58;8.63;8.68;8.73;8.78;8.83;8.87;8.92;8.96;8.99;9.03;9.06;9.08;9.10;9.12;9.13;9.13;9.13;9.13;9.12;9.10;9.08;9.05;9.02;8.99;8.96;8.92;8.88;8.84;8.80;8.75;8.71;8.67;8.62;8.58;8.53;8.49;8.44;8.40;8.35;8.30;8.26;8.21;8.17;8.12;8.08;8.04;8.00;7.96;7.92;7.89;7.85;7.82;7.78;7.75;7.72;7.70;7.67;7.64;7.62;;;;;;;;;;;;;;;;;;;;;;;;;;
2.400;;;;;;;;;;;;;;;;;;;;;;;;;;;7.52;7.56;7.59;7.62;7.65;7.68;7.71;7.74;7.76;7.79;7.82;7.85;7.89;7.92;7.96;7.99;8.02;8.06;8.09;8.12;8.15;8.19;8.23;8.28;8.32;8.37;8.42;8.48;8.53;8.59;8.64;8.70;8.75;8.80;8.85;8.90;8.95;9.00;9.04;9.08;9.11;9.14;9.17;9.19;9.21;9.22;9.22;9.22;9.22;9.21;9.19;9.17;9.14;9.11;9.07;9.04;9.00;8.95;8.91;8.87;8.82;8.77;8.73;8.68;8.63;8.58;8.54;8.49;8.44;8.39;8.33;8.29;8.24;8.19;8.14;8.10;8.06;8.01;7.98;7.94;7.90;7.87;7.83;7.80;7.77;7.74;7.72;7.69;7.67;7.65;7.63;;;;;;;;;;;;;;;;;;;;;;;;;
2.300;;;;;;;;;;;;;;;;;;;;;;;;;;7.50;7.54;7.57;7.60;7.64;7.67;7.69;7.72;7.75;7.77;7.80;7.83;7.87;7.90;7.93;7.97;8.00;8.03;8.07;8.10;8.13;8.17;8.21;8.26;8.31;8.36;8.41;8.47;8.53;8.59;8.64;8.70;8.76;8.82;8.87;8.93;8.98;9.03;9.08;9.12;9.16;9.20;9.23;9.25;9.28;9.30;9.31;9.31;9.31;9.31;9.29;9.28;9.25;9.23;9.19;9.16;9.12;9.07;9.03;8.98;8.94;8.89;8.84;8.79;8.74;8.69;8.64;8.58;8.53;8.48;8.42;8.37;8.32;8.26;8.21;8.16;8.12;8.07;8.03;7.99;7.95;7.92;7.88;7.85;7.82;7.79;7.76;7.74;7.71;7.69;7.68;7.66;;;;;;;;;;;;;;;;;;;;;;;;;
2.200;;;;;;;;;;;;;;;;;;;;;;;;;;7.51;7.55;7.59;7.62;7.65;7.68;7.71;7.73;7.76;7.79;7.81;7.85;7.88;7.91;7.95;7.98;8.01;8.04;8.07;8.11;8.14;8.19;8.23;8.28;8.34;8.39;8.45;8.51;8.58;8.64;8.70;8.77;8.83;8.89;8.95;9.00;9.06;9.11;9.16;9.20;9.24;9.28;9.31;9.34;9.36;9.38;9.39;9.40;9.40;9.39;9.38;9.36;9.34;9.31;9.27;9.24;9.19;9.15;9.10;9.06;9.01;8.95;8.90;8.85;8.80;8.74;8.69;8.63;8.58;8.52;8.46;8.41;8.35;8.29;8.24;8.18;8.13;8.09;8.04;8.00;7.96;7.93;7.89;7.86;7.83;7.80;7.77;7.75;7.73;7.71;7.70;7.68;7.67;;;;;;;;;;;;;;;;;;;;;;;;
2.100;;;;;;;;;;;;;;;;;;;;;;;;;;7.53;7.57;7.60;7.64;7.66;7.69;7.72;7.74;7.77;7.80;7.83;7.86;7.89;7.92;7.95;7.99;8.02;8.05;8.08;8.12;8.16;8.20;8.25;8.31;8.37;8.43;8.49;8.56;8.62;8.69;8.76;8.83;8.89;8.96;9.02;9.08;9.13;9.19;9.24;9.28;9.32;9.36;9.40;9.42;9.45;9.47;9.48;9.48;9.48;9.48;9.46;9.44;9.42;9.39;9.35;9.31;9.27;9.22;9.17;9.12;9.07;9.02;8.97;8.91;8.86;8.80;8.74;8.69;8.63;8.57;8.51;8.45;8.38;8.32;8.26;8.21;8.15;8.10;8.06;8.01;7.97;7.94;7.90;7.87;7.84;7.81;7.78;7.76;7.74;7.73;7.71;7.70;7.69;;;;;;;;;;;;;;;;;;;;;;;;
2.000;;;;;;;;;;;;;;;;;;;;;;;;;7.51;7.55;7.59;7.62;7.65;7.68;7.71;7.73;7.75;7.78;7.81;7.84;7.87;7.90;7.93;7.96;7.99;8.02;8.05;8.09;8.13;8.17;8.22;8.27;8.33;8.39;8.46;8.53;8.60;8.67;8.74;8.81;8.89;8.96;9.02;9.09;9.15;9.21;9.26;9.31;9.36;9.40;9.44;9.48;9.50;9.53;9.55;9.56;9.56;9.56;9.56;9.54;9.52;9.49;9.46;9.43;9.38;9.34;9.29;9.24;9.19;9.14;9.08;9.03;8.97;8.91;8.86;8.80;8.74;8.68;8.61;8.55;8.49;8.42;8.36;8.29;8.23;8.17;8.12;8.07;8.03;7.98;7.95;7.91;7.88;7.85;7.82;7.79;7.77;7.75;7.74;7.73;7.72;7.71;7.71;;;;;;;;;;;;;;;;;;;;;;;
1.900;;;;;;;;;;;;;;;;;;;;;;;;;7.53;7.57;7.60;7.64;7.67;7.69;7.72;7.74;7.77;7.79;7.82;7.85;7.88;7.91;7.94;7.97;8.00;8.03;8.06;8.09;8.13;8.18;8.23;8.29;8.35;8.42;8.49;8.56;8.64;8.71;8.79;8.87;8.94;9.02;9.09;9.16;9.22;9.28;9.34;9.39;9.44;9.48;9.52;9.55;9.58;9.61;9.62;9.64;9.64;9.64;9.63;9.61;9.59;9.57;9.53;9.49;9.45;9.41;9.36;9.31;9.25;9.20;9.14;9.09;9.03;8.97;8.91;8.85;8.79;8.72;8.66;8.59;8.53;8.46;8.39;8.32;8.26;8.19;8.14;8.08;8.04;7.99;7.96;7.92;7.89;7.86;7.83;7.80;7.78;7.76;7.75;7.74;7.73;7.73;7.73;;;;;;;;;;;;;;;;;;;;;;;
1.800;;;;;;;;;;;;;;;;;;;;;;;;7.50;7.55;7.59;7.62;7.66;7.68;7.71;7.73;7.76;7.78;7.80;7.83;7.86;7.89;7.92;7.95;7.97;8.00;8.03;8.06;8.10;8.14;8.19;8.24;8.30;8.37;8.44;8.52;8.59;8.67;8.75;8.84;8.92;9.00;9.08;9.15;9.22;9.29;9.35;9.41;9.46;9.51;9.56;9.60;9.63;9.66;9.68;9.70;9.71;9.71;9.71;9.70;9.68;9.66;9.63;9.60;9.56;9.51;9.47;9.42;9.36;9.31;9.25;9.20;9.14;9.08;9.02;8.96;8.90;8.84;8.77;8.71;8.64;8.57;8.50;8.43;8.36;8.29;8.22;8.16;8.10;8.05;8.00;7.96;7.93;7.89;7.86;7.83;7.81;7.78;7.77;7.75;7.74;7.74;7.74;7.74;;;;;;;;;;;;;;;;;;;;;;;
1.700;;;;;;;;;;;;;;;;;;;;;;;;7.52;7.57;7.61;7.64;7.67;7.70;7.73;7.75;7.77;7.79;7.82;7.85;7.87;7.90;7.93;7.95;7.98;8.00;8.03;8.06;8.10;8.14;8.19;8.25;8.32;8.38;8.46;8.54;8.62;8.70;8.79;8.88;8.96;9.05;9.13;9.21;9.28;9.35;9.42;9.48;9.53;9.58;9.63;9.67;9.70;9.73;9.75;9.76;9.77;9.78;9.77;9.76;9.74;9.72;9.69;9.65;9.61;9.57;9.52;9.47;9.42;9.36;9.31;9.25;9.19;9.13;9.07;9.01;8.95;8.89;8.82;8.75;8.68;8.61;8.54;8.47;8.39;8.32;8.24;8.18;8.12;8.06;8.01;7.97;7.93;7.90;7.87;7.84;7.81;7.79;7.77;7.76;7.75;7.74;7.74;7.75;7.76;;;;;;;;;;;;;;;;;;;;;;
1.600;;;;;;;;;;;;;;;;;;;;;;;;7.54;7.59;7.63;7.66;7.69;7.72;7.74;7.76;7.79;7.81;7.83;7.86;7.88;7.91;7.94;7.96;7.98;8.00;8.03;8.06;8.10;8.14;8.20;8.26;8.32;8.40;8.47;8.56;8.64;8.73;8.82;8.91;9.00;9.09;9.18;9.26;9.34;9.41;9.48;9.54;9.60;9.65;9.69;9.73;9.77;9.79;9.81;9.83;9.83;9.83;9.83;9.81;9.79;9.77;9.74;9.70;9.66;9.61;9.56;9.51;9.46;9.41;9.35;9.30;9.24;9.18;9.12;9.06;9.00;8.94;8.87;8.80;8.73;8.66;8.58;8.51;8.43;8.35;8.27;8.20;8.13;8.08;8.03;7.98;7.94;7.90;7.87;7.84;7.81;7.79;7.77;7.76;7.75;7.75;7.75;7.76;7.77;;;;;;;;;;;;;;;;;;;;;;
1.500;;;;;;;;;;;;;;;;;;;;;;;7.51;7.56;7.61;7.65;7.69;7.72;7.74;7.76;7.78;7.80;7.82;7.85;7.87;7.90;7.92;7.94;7.96;7.98;8.00;8.03;8.06;8.10;8.14;8.20;8.26;8.33;8.40;8.48;8.57;8.66;8.75;8.85;8.94;9.04;9.13;9.22;9.31;9.39;9.47;9.54;9.60;9.66;9.71;9.76;9.79;9.83;9.85;9.87;9.88;9.89;9.88;9.88;9.86;9.84;9.81;9.78;9.74;9.70;9.65;9.60;9.55;9.50;9.45;9.40;9.34;9.29;9.23;9.17;9.11;9.05;8.98;8.92;8.85;8.77;8.70;8.62;8.54;8.46;8.38;8.30;8.23;8.15;8.09;8.04;7.99;7.94;7.91;7.87;7.84;7.82;7.79;7.77;7.76;7.75;7.75;7.75;7.76;7.78;;;;;;;;;;;;;;;;;;;;;;
1.400;;;;;;;;;;;;;;;;;;;;;;;7.53;7.59;7.63;7.67;7.71;7.74;7.76;7.78;7.80;7.82;7.84;7.86;7.89;7.91;7.93;7.95;7.96;7.98;8.00;8.02;8.05;8.09;8.14;8.20;8.26;8.33;8.41;8.49;8.58;8.67;8.77;8.87;8.96;9.06;9.16;9.26;9.35;9.43;9.51;9.59;9.65;9.71;9.77;9.81;9.85;9.88;9.91;9.92;9.93;9.93;9.93;9.92;9.90;9.87;9.84;9.81;9.77;9.73;9.68;9.63;9.58;9.53;9.48;9.43;9.38;9.32;9.27;9.21;9.15;9.09;9.03;8.96;8.89;8.82;8.74;8.66;8.58;8.50;8.42;8.34;8.25;8.17;8.11;8.05;8.00;7.95;7.91;7.88;7.85;7.82;7.80;7.78;7.76;7.75;7.75;7.76;7.77;7.78;7.81;;;;;;;;;;;;;;;;;;;;;
1.300;;;;;;;;;;;;;;;;;;;;;;;7.56;7.61;7.66;7.70;7.73;7.76;7.78;7.80;7.82;7.84;7.86;7.88;7.90;7.92;7.94;7.95;7.96;7.98;7.99;8.02;8.05;8.09;8.14;8.19;8.26;8.33;8.41;8.49;8.58;8.68;8.78;8.88;8.98;9.08;9.18;9.28;9.38;9.47;9.55;9.63;9.70;9.76;9.82;9.86;9.90;9.93;9.95;9.97;9.97;9.97;9.96;9.95;9.93;9.90;9.87;9.83;9.79;9.75;9.70;9.66;9.61;9.56;9.51;9.46;9.41;9.36;9.31;9.25;9.19;9.13;9.07;9.00;8.93;8.86;8.78;8.70;8.62;8.54;8.45;8.37;8.28;8.20;8.12;8.06;8.01;7.96;7.92;7.88;7.85;7.82;7.80;7.78;7.76;7.75;7.75;7.76;7.77;7.79;7.81;;;;;;;;;;;;;;;;;;;;;
1.200;;;;;;;;;;;;;;;;;;;;;;;7.58;7.64;7.68;7.72;7.76;7.78;7.80;7.82;7.84;7.86;7.88;7.90;7.92;7.93;7.95;7.96;7.96;7.97;7.99;8.01;8.04;8.08;8.13;8.19;8.25;8.32;8.40;8.49;8.58;8.68;8.78;8.88;8.99;9.09;9.20;9.30;9.40;9.49;9.58;9.66;9.74;9.80;9.86;9.91;9.95;9.98;10.00;10.01;10.01;10.00;9.99;9.97;9.94;9.91;9.88;9.84;9.80;9.76;9.71;9.67;9.62;9.58;9.53;9.49;9.44;9.39;9.34;9.29;9.23;9.17;9.11;9.04;8.97;8.90;8.82;8.74;8.66;8.57;8.48;8.40;8.31;8.22;8.14;8.07;8.01;7.96;7.92;7.88;7.85;7.82;7.80;7.78;7.76;7.75;7.75;7.76;7.77;7.79;7.82;;;;;;;;;;;;;;;;;;;;;
1.100;;;;;;;;;;;;;;;;;;;;;;7.54;7.61;7.66;7.71;7.75;7.78;7.81;7.83;7.84;7.86;7.88;7.90;7.91;7.93;7.94;7.95;7.96;7.96;7.97;7.99;8.01;8.04;8.08;8.12;8.18;8.24;8.32;8.40;8.48;8.58;8.68;8.78;8.88;8.99;9.10;9.21;9.31;9.41;9.51;9.60;9.69;9.76;9.83;9.89;9.94;9.98;10.01;10.03;10.04;10.04;10.03;10.01;9.98;9.95;9.92;9.88;9.84;9.80;9.76;9.72;9.68;9.63;9.59;9.55;9.51;9.46;9.41;9.37;9.32;9.26;9.21;9.15;9.08;9.01;8.94;8.86;8.78;8.69;8.61;8.52;8.43;8.33;8.25;8.16;8.09;8.02;7.97;7.93;7.89;7.85;7.83;7.80;7.78;7.76;7.76;7.75;7.76;7.77;7.80;7.82;;;;;;;;;;;;;;;;;;;;;
1.000;;;;;;;;;;;;;;;;;;;;;;7.57;7.63;7.69;7.74;7.78;7.81;7.83;7.85;7.87;7.88;7.90;7.91;7.93;7.94;7.95;7.96;7.96;7.96;7.97;7.98;8.00;8.03;8.07;8.12;8.17;8.24;8.31;8.39;8.47;8.57;8.67;8.77;8.88;8.98;9.09;9.20;9.31;9.41;9.52;9.61;9.70;9.78;9.86;9.92;9.97;10.02;10.05;10.06;10.07;10.06;10.05;10.02;9.99;9.95;9.91;9.87;9.83;9.79;9.75;9.71;9.68;9.64;9.60;9.56;9.52;9.48;9.44;9.39;9.34;9.29;9.24;9.18;9.11;9.05;8.97;8.89;8.81;8.73;8.64;8.55;8.45;8.36;8.27;8.18;8.10;8.03;7.98;7.93;7.89;7.86;7.83;7.80;7.78;7.76;7.76;7.75;7.76;7.78;7.80;7.83;7.87;;;;;;;;;;;;;;;;;;;;
0.900;;;;;;;;;;;;;;;;;;;;;;7.59;7.66;7.72;7.76;7.80;7.83;7.85;7.87;7.89;7.90;7.92;7.93;7.95;7.96;7.96;7.96;7.96;7.96;7.97;7.98;8.00;8.03;8.06;8.11;8.16;8.23;8.30;8.38;8.46;8.56;8.65;8.76;8.86;8.97;9.08;9.19;9.30;9.41;9.51;9.61;9.70;9.79;9.87;9.94;10.00;10.04;10.07;10.09;10.09;10.08;10.05;10.02;9.98;9.94;9.90;9.85;9.81;9.78;9.74;9.70;9.67;9.63;9.60;9.56;9.53;9.49;9.45;9.41;9.37;9.32;9.26;9.21;9.14;9.08;9.00;8.93;8.84;8.76;8.67;8.57;8.48;8.38;8.29;8.20;8.11;8.04;7.98;7.93;7.89;7.86;7.83;7.80;7.78;7.76;7.76;7.75;7.76;7.78;7.80;7.83;7.88;;;;;;;;;;;;;;;;;;;;
0.800;;;;;;;;;;;;;;;;;;;;;;7.62;7.69;7.74;7.79;7.83;7.86;7.88;7.89;7.91;7.92;7.94;7.95;7.96;7.97;7.97;7.97;7.96;7.96;7.96;7.97;7.99;8.02;8.06;8.10;8.15;8.22;8.29;8.36;8.45;8.54;8.64;8.74;8.84;8.95;9.06;9.17;9.28;9.39;9.49;9.60;9.69;9.78;9.87;9.94;10.01;10.06;10.09;10.11;10.11;10.09;10.05;10.01;9.96;9.91;9.87;9.83;9.79;9.75;9.72;9.68;9.65;9.62;9.60;9.57;9.53;9.50;9.46;9.43;9.38;9.34;9.29;9.23;9.17;9.10;9.03;8.95;8.87;8.78;8.69;8.60;8.50;8.40;8.31;8.21;8.13;8.05;7.99;7.94;7.89;7.86;7.83;7.80;7.78;7.77;7.76;7.75;7.76;7.78;7.80;7.84;7.88;;;;;;;;;;;;;;;;;;;;
0.700;;;;;;;;;;;;;;;;;;;;;;7.64;7.71;7.77;7.82;7.85;7.88;7.90;7.92;7.93;7.94;7.95;7.96;7.97;7.98;7.98;7.97;7.96;7.96;7.96;7.97;7.99;8.01;8.05;8.09;8.14;8.20;8.27;8.35;8.43;8.52;8.62;8.72;8.82;8.93;9.04;9.15;9.25;9.36;9.47;9.57;9.67;9.76;9.85;9.93;10.01;10.07;10.11;10.13;10.12;10.09;10.05;9.99;9.93;9.88;9.83;9.79;9.75;9.72;9.69;9.66;9.64;9.61;9.59;9.56;9.54;9.51;9.47;9.44;9.40;9.36;9.31;9.25;9.19;9.13;9.06;8.98;8.89;8.81;8.71;8.62;8.52;8.42;8.32;8.23;8.14;8.06;8.00;7.94;7.90;7.86;7.83;7.80;7.78;7.77;7.76;7.76;7.76;7.78;7.81;7.84;7.89;;;;;;;;;;;;;;;;;;;;
0.600;;;;;;;;;;;;;;;;;;;;;;7.67;7.74;7.80;7.84;7.88;7.91;7.92;7.94;7.95;7.96;7.97;7.98;7.98;7.99;7.98;7.97;7.96;7.96;7.96;7.97;7.98;8.01;8.04;8.08;8.13;8.19;8.26;8.33;8.42;8.50;8.60;8.69;8.80;8.90;9.00;9.11;9.22;9.32;9.43;9.53;9.63;9.73;9.82;9.91;9.99;10.06;10.11;10.14;10.13;10.09;10.03;9.96;9.89;9.83;9.78;9.74;9.71;9.68;9.66;9.64;9.62;9.60;9.58;9.56;9.54;9.51;9.48;9.45;9.41;9.37;9.32;9.27;9.21;9.15;9.07;9.00;8.91;8.82;8.73;8.63;8.54;8.44;8.34;8.24;8.15;8.07;8.00;7.94;7.90;7.86;7.83;7.80;7.78;7.77;7.76;7.76;7.77;7.78;7.81;7.85;7.90;;;;;;;;;;;;;;;;;;;;
0.500;;;;;;;;;;;;;;;;;;;;;7.61;7.69;7.76;7.82;7.87;7.90;7.93;7.95;7.96;7.97;7.98;7.99;7.99;7.99;7.99;7.99;7.98;7.96;7.96;7.96;7.97;7.98;8.01;8.04;8.08;8.13;8.18;8.25;8.32;8.40;8.48;8.57;8.67;8.77;8.87;8.97;9.07;9.18;9.28;9.38;9.48;9.58;9.68;9.77;9.87;9.96;10.04;10.10;10.14;10.14;10.09;10.00;9.91;9.83;9.76;9.72;9.69;9.66;9.64;9.63;9.61;9.60;9.59;9.57;9.55;9.53;9.51;9.49;9.46;9.42;9.38;9.33;9.28;9.22;9.16;9.09;9.01;8.93;8.84;8.74;8.65;8.55;8.45;8.35;8.25;8.16;8.07;8.00;7.95;7.90;7.86;7.83;7.81;7.78;7.77;7.76;7.76;7.77;7.79;7.82;7.85;7.90;;;;;;;;;;;;;;;;;;;;
0.400;;;;;;;;;;;;;;;;;;;;;7.63;7.71;7.78;7.84;7.89;7.92;7.95;7.96;7.98;7.98;7.99;8.00;8.00;8.00;8.00;7.99;7.98;7.96;7.96;7.96;7.96;7.98;8.00;8.03;8.07;8.12;8.17;8.24;8.31;8.38;8.46;8.55;8.64;8.74;8.83;8.93;9.03;9.13;9.23;9.33;9.42;9.52;9.61;9.71;9.80;9.90;9.99;10.08;10.13;10.14;10.07;9.96;9.84;9.75;9.69;9.65;9.63;9.62;9.61;9.60;9.59;9.58;9.57;9.56;9.55;9.53;9.51;9.49;9.46;9.43;9.39;9.34;9.29;9.23;9.17;9.10;9.02;8.94;8.85;8.75;8.66;8.56;8.45;8.35;8.26;8.16;8.07;8.01;7.95;7.90;7.86;7.83;7.81;7.79;7.77;7.76;7.76;7.77;7.79;7.82;7.86;7.91;;;;;;;;;;;;;;;;;;;;
0.300;;;;;;;;;;;;;;;;;;;;;7.65;7.73;7.81;7.86;7.91;7.94;7.97;7.98;7.99;8.00;8.00;8.01;8.01;8.01;8.00;7.99;7.98;7.96;7.96;7.96;7.96;7.98;8.00;8.03;8.06;8.11;8.16;8.23;8.29;8.37;8.45;8.53;8.62;8.71;8.80;8.89;8.99;9.08;9.18;9.27;9.36;9.45;9.53;9.62;9.71;9.81;9.91;10.01;10.11;10.14;10.06;9.89;9.74;9.65;9.61;9.60;9.59;9.59;9.58;9.58;9.58;9.57;9.57;9.56;9.55;9.53;9.51;9.49;9.46;9.43;9.39;9.35;9.30;9.24;9.18;9.10;9.03;8.94;8.85;8.76;8.66;8.56;8.46;8.36;8.26;8.16;8.08;8.01;7.95;7.90;7.86;7.83;7.81;7.79;7.77;7.76;7.76;7.77;7.79;7.83;7.87;7.92;;;;;;;;;;;;;;;;;;;;
0.200;;;;;;;;;;;;;;;;;;;;;7.67;7.75;7.83;7.88;7.93;7.96;7.98;8.00;8.00;8.01;8.01;8.01;8.01;8.01;8.00;7.99;7.97;7.96;7.95;7.95;7.96;7.97;7.99;8.02;8.06;8.10;8.16;8.21;8.28;8.35;8.43;8.51;8.59;8.68;8.77;8.86;8.94;9.03;9.12;9.20;9.29;9.37;9.45;9.53;9.60;9.69;9.78;9.89;10.02;10.12;10.04;9.77;9.61;9.56;9.55;9.56;9.56;9.57;9.57;9.57;9.57;9.57;9.56;9.56;9.54;9.53;9.51;9.49;9.46;9.43;9.39;9.35;9.30;9.24;9.18;9.10;9.03;8.94;8.85;8.76;8.66;8.56;8.46;8.36;8.26;8.16;8.08;8.01;7.95;7.90;7.86;7.83;7.81;7.79;7.77;7.77;7.77;7.78;7.80;7.83;7.88;7.93;;;;;;;;;;;;;;;;;;;;
0.100;;;;;;;;;;;;;;;;;;;;;7.69;7.77;7.84;7.90;7.95;7.98;8.00;8.01;8.02;8.02;8.02;8.02;8.01;8.01;8.00;7.99;7.97;7.96;7.95;7.95;7.96;7.97;7.99;8.02;8.05;8.10;8.15;8.20;8.27;8.34;8.41;8.49;8.57;8.65;8.73;8.82;8.90;8.98;9.07;9.14;9.22;9.29;9.36;9.42;9.49;9.55;9.62;9.70;9.82;10.01;10.01;9.58;9.51;9.52;9.54;9.56;9.57;9.57;9.58;9.58;9.58;9.57;9.57;9.56;9.55;9.53;9.51;9.49;9.46;9.43;9.39;9.35;9.29;9.24;9.17;9.10;9.02;8.94;8.85;8.75;8.65;8.55;8.45;8.35;8.25;8.16;8.07;8.00;7.95;7.90;7.86;7.83;7.81;7.79;7.78;7.77;7.77;7.78;7.81;7.84;7.89;7.95;;;;;;;;;;;;;;;;;;;;
0.000;;;;;;;;;;;;;;;;;;;;;7.70;7.79;7.86;7.92;7.96;7.99;8.01;8.02;8.02;8.03;8.02;8.02;8.01;8.01;8.00;7.98;7.97;7.95;7.95;7.95;7.95;7.96;7.99;8.01;8.05;8.09;8.14;8.20;8.26;8.32;8.39;8.47;8.55;8.62;8.70;8.78;8.86;8.94;9.01;9.09;9.15;9.22;9.27;9.33;9.37;9.42;9.45;9.49;9.51;9.54;9.77;9.57;9.58;9.59;9.59;9.60;9.60;9.60;9.60;9.59;9.59;9.58;9.57;9.56;9.55;9.53;9.51;9.49;9.46;9.43;9.39;9.34;9.29;9.23;9.16;9.09;9.01;8.93;8.84;8.74;8.65;8.55;8.45;8.35;8.25;8.15;8.07;8.00;7.94;7.90;7.86;7.83;7.81;7.79;7.78;7.77;7.77;7.79;7.81;7.85;7.90;7.96;;;;;;;;;;;;;;;;;;;;
-0.100;;;;;;;;;;;;;;;;;;;;;7.72;7.80;7.87;7.93;7.97;8.00;8.02;8.03;8.03;8.03;8.02;8.02;8.01;8.00;7.99;7.98;7.96;7.95;7.94;7.94;7.95;7.96;7.98;8.01;8.04;8.08;8.13;8.19;8.25;8.31;8.38;8.45;8.53;8.60;8.68;8.75;8.83;8.90;8.97;9.03;9.09;9.15;9.20;9.25;9.28;9.31;9.34;9.35;9.38;9.48;9.95;9.99;9.84;9.75;9.71;9.68;9.66;9.65;9.63;9.62;9.61;9.60;9.58;9.57;9.55;9.53;9.51;9.48;9.45;9.42;9.38;9.33;9.28;9.22;9.15;9.08;9.00;8.91;8.82;8.73;8.63;8.53;8.43;8.33;8.24;8.15;8.06;7.99;7.94;7.90;7.86;7.83;7.81;7.79;7.78;7.78;7.78;7.79;7.82;7.86;7.91;7.97;;;;;;;;;;;;;;;;;;;;
-0.200;;;;;;;;;;;;;;;;;;;;;7.73;7.81;7.88;7.94;7.98;8.01;8.03;8.03;8.03;8.03;8.02;8.01;8.00;7.99;7.98;7.97;7.95;7.94;7.93;7.93;7.94;7.95;7.97;8.00;8.03;8.08;8.12;8.18;8.24;8.30;8.36;8.43;8.51;8.58;8.65;8.72;8.79;8.86;8.93;8.99;9.05;9.10;9.14;9.19;9.22;9.25;9.28;9.33;9.41;9.60;9.91;10.05;9.99;9.89;9.82;9.77;9.73;9.70;9.67;9.65;9.63;9.62;9.60;9.58;9.56;9.54;9.51;9.48;9.45;9.41;9.37;9.32;9.26;9.20;9.13;9.06;8.98;8.89;8.80;8.71;8.61;8.52;8.42;8.32;8.23;8.14;8.05;7.99;7.93;7.89;7.86;7.83;7.81;7.79;7.78;7.78;7.78;7.80;7.83;7.87;7.92;7.99;;;;;;;;;;;;;;;;;;;;
-0.300;;;;;;;;;;;;;;;;;;;;;7.74;7.82;7.89;7.95;7.99;8.02;8.03;8.04;8.03;8.03;8.02;8.01;8.00;7.98;7.97;7.95;7.94;7.93;7.92;7.92;7.93;7.94;7.96;7.99;8.03;8.07;8.11;8.17;8.22;8.29;8.35;8.42;8.49;8.56;8.63;8.70;8.77;8.83;8.89;8.95;9.01;9.06;9.10;9.14;9.18;9.23;9.27;9.35;9.47;9.65;9.87;10.01;10.02;9.96;9.90;9.84;9.79;9.75;9.71;9.68;9.66;9.63;9.61;9.59;9.56;9.53;9.50;9.47;9.44;9.40;9.35;9.30;9.24;9.18;9.11;9.04;8.96;8.87;8.78;8.69;8.59;8.50;8.40;8.30;8.21;8.12;8.04;7.98;7.93;7.89;7.86;7.83;7.81;7.79;7.78;7.78;7.79;7.81;7.84;7.88;7.93;8.00;;;;;;;;;;;;;;;;;;;;
-0.400;;;;;;;;;;;;;;;;;;;;;7.75;7.83;7.90;7.96;8.00;8.02;8.03;8.04;8.03;8.02;8.01;8.00;7.98;7.97;7.95;7.94;7.92;7.91;7.91;7.91;7.92;7.93;7.95;7.98;8.02;8.06;8.10;8.16;8.21;8.27;8.34;8.40;8.47;8.54;8.61;8.67;8.74;8.80;8.86;8.92;8.98;9.03;9.07;9.12;9.17;9.22;9.28;9.37;9.50;9.66;9.83;9.95;9.99;9.97;9.93;9.88;9.83;9.78;9.74;9.71;9.68;9.65;9.62;9.59;9.56;9.53;9.50;9.46;9.42;9.38;9.33;9.28;9.22;9.16;9.09;9.01;8.93;8.85;8.76;8.66;8.57;8.47;8.38;8.28;8.19;8.11;8.03;7.97;7.92;7.88;7.85;7.83;7.81;7.80;7.79;7.79;7.79;7.81;7.84;7.89;7.94;8.01;;;;;;;;;;;;;;;;;;;;
-0.500;;;;;;;;;;;;;;;;;;;;;;7.84;7.91;7.96;8.00;8.02;8.03;8.04;8.03;8.02;8.00;7.99;7.97;7.95;7.94;7.92;7.91;7.90;7.89;7.90;7.90;7.92;7.94;7.97;8.00;8.04;8.09;8.14;8.20;8.26;8.32;8.39;8.45;8.52;8.59;8.65;8.72;8.78;8.84;8.90;8.95;9.00;9.05;9.11;9.16;9.22;9.30;9.39;9.51;9.65;9.78;9.89;9.94;9.95;9.92;9.89;9.84;9.80;9.76;9.72;9.69;9.65;9.62;9.59;9.55;9.52;9.48;9.45;9.40;9.36;9.31;9.25;9.19;9.13;9.06;8.98;8.90;8.81;8.73;8.63;8.54;8.45;8.35;8.26;8.17;8.09;8.02;7.96;7.92;7.88;7.85;7.83;7.81;7.80;7.79;7.79;7.80;7.82;7.85;7.90;7.96;8.03;;;;;;;;;;;;;;;;;;;;
-0.600;;;;;;;;;;;;;;;;;;;;;;7.85;7.92;7.97;8.00;8.03;8.03;8.03;8.03;8.01;8.00;7.98;7.96;7.94;7.92;7.90;7.89;7.88;7.88;7.88;7.89;7.90;7.92;7.95;7.99;8.03;8.08;8.13;8.18;8.24;8.30;8.37;8.43;8.50;8.57;8.63;8.70;8.76;8.82;8.88;8.93;8.99;9.04;9.09;9.15;9.22;9.30;9.39;9.50;9.62;9.73;9.82;9.88;9.90;9.90;9.87;9.84;9.80;9.76;9.72;9.69;9.65;9.61;9.58;9.54;9.51;9.47;9.43;9.38;9.33;9.28;9.22;9.16;9.09;9.02;8.95;8.86;8.78;8.69;8.60;8.51;8.42;8.33;8.24;8.15;8.07;8.00;7.95;7.91;7.88;7.85;7.83;7.81;7.80;7.79;7.79;7.80;7.83;7.86;7.91;7.97;8.04;;;;;;;;;;;;;;;;;;;;
-0.700;;;;;;;;;;;;;;;;;;;;;;7.86;7.92;7.97;8.01;8.03;8.03;8.03;8.02;8.00;7.99;7.96;7.94;7.92;7.90;7.88;7.87;7.86;7.86;7.86;7.87;7.88;7.91;7.94;7.97;8.01;8.06;8.11;8.17;8.22;8.29;8.35;8.41;8.48;8.55;8.61;8.67;8.74;8.80;8.86;8.91;8.97;9.03;9.08;9.15;9.22;9.30;9.39;9.48;9.59;9.68;9.76;9.81;9.84;9.85;9.84;9.81;9.78;9.75;9.71;9.67;9.64;9.60;9.56;9.52;9.48;9.44;9.40;9.35;9.30;9.25;9.19;9.12;9.06;8.98;8.91;8.83;8.74;8.65;8.57;8.48;8.38;8.30;8.21;8.13;8.05;7.99;7.94;7.90;7.87;7.85;7.83;7.81;7.80;7.79;7.80;7.81;7.83;7.87;7.92;7.98;8.06;;;;;;;;;;;;;;;;;;;;
-0.800;;;;;;;;;;;;;;;;;;;;;;7.87;7.93;7.98;8.01;8.03;8.03;8.03;8.01;8.00;7.98;7.95;7.93;7.90;7.88;7.86;7.85;7.84;7.83;7.84;7.85;7.86;7.89;7.92;7.95;7.99;8.04;8.09;8.15;8.20;8.27;8.33;8.39;8.46;8.52;8.59;8.65;8.71;8.78;8.83;8.89;8.95;9.01;9.07;9.14;9.21;9.28;9.37;9.45;9.54;9.63;9.69;9.75;9.78;9.79;9.78;9.77;9.74;9.71;9.68;9.65;9.61;9.57;9.53;9.49;9.45;9.41;9.36;9.32;9.26;9.21;9.15;9.08;9.01;8.94;8.86;8.78;8.70;8.61;8.53;8.44;8.35;8.27;8.18;8.10;8.03;7.98;7.93;7.90;7.87;7.84;7.82;7.81;7.80;7.80;7.80;7.82;7.84;7.88;7.93;7.99;8.07;;;;;;;;;;;;;;;;;;;;
-0.900;;;;;;;;;;;;;;;;;;;;;;7.88;7.94;7.98;8.01;8.03;8.03;8.02;8.01;7.99;7.97;7.94;7.91;7.89;7.86;7.84;7.82;7.81;7.81;7.81;7.82;7.84;7.86;7.89;7.93;7.97;8.02;8.07;8.12;8.18;8.24;8.31;8.37;8.44;8.50;8.57;8.63;8.69;8.75;8.81;8.87;8.93;8.99;9.05;9.12;9.19;9.26;9.34;9.42;9.49;9.57;9.63;9.67;9.71;9.72;9.72;9.71;9.69;9.67;9.64;9.61;9.57;9.54;9.50;9.46;9.41;9.37;9.32;9.27;9.22;9.16;9.10;9.04;8.97;8.89;8.82;8.74;8.66;8.57;8.49;8.40;8.32;8.23;8.15;8.08;8.01;7.96;7.92;7.89;7.86;7.84;7.82;7.81;7.80;7.80;7.80;7.82;7.85;7.88;7.94;8.00;8.08;;;;;;;;;;;;;;;;;;;;
-1.000;;;;;;;;;;;;;;;;;;;;;;7.89;7.95;7.99;8.02;8.03;8.03;8.02;8.01;7.98;7.96;7.93;7.90;7.87;7.84;7.82;7.80;7.79;7.79;7.79;7.80;7.82;7.84;7.87;7.91;7.95;7.99;8.04;8.10;8.16;8.22;8.28;8.35;8.41;8.48;8.54;8.60;8.67;8.73;8.79;8.85;8.91;8.97;9.03;9.09;9.16;9.23;9.30;9.37;9.44;9.50;9.56;9.60;9.63;9.65;9.65;9.65;9.63;9.61;9.59;9.56;9.52;9.49;9.45;9.41;9.37;9.32;9.28;9.22;9.17;9.11;9.05;8.99;8.92;8.84;8.77;8.69;8.61;8.53;8.44;8.36;8.28;8.20;8.12;8.05;7.99;7.95;7.91;7.88;7.86;7.84;7.82;7.81;7.80;7.80;7.81;7.82;7.85;7.89;7.94;8.01;;;;;;;;;;;;;;;;;;;;;
-1.100;;;;;;;;;;;;;;;;;;;;;;;7.96;8.00;8.02;8.03;8.03;8.02;8.00;7.98;7.95;7.92;7.89;7.86;7.83;7.80;7.78;7.77;7.76;7.77;7.77;7.79;7.81;7.84;7.88;7.92;7.97;8.02;8.07;8.13;8.19;8.25;8.32;8.38;8.45;8.51;8.58;8.64;8.70;8.76;8.82;8.88;8.94;9.00;9.07;9.13;9.19;9.26;9.32;9.38;9.44;9.49;9.53;9.55;9.57;9.58;9.58;9.56;9.55;9.52;9.50;9.47;9.43;9.39;9.36;9.31;9.27;9.22;9.17;9.11;9.06;8.99;8.93;8.86;8.79;8.71;8.64;8.56;8.48;8.40;8.32;8.24;8.16;8.09;8.03;7.97;7.93;7.90;7.87;7.85;7.83;7.82;7.81;7.80;7.80;7.81;7.83;7.86;7.90;7.95;8.01;;;;;;;;;;;;;;;;;;;;;
-1.200;;;;;;;;;;;;;;;;;;;;;;;7.97;8.01;8.03;8.04;8.04;8.02;8.00;7.98;7.95;7.91;7.88;7.85;7.81;7.79;7.76;7.74;7.74;7.74;7.75;7.77;7.79;7.82;7.85;7.89;7.94;7.99;8.04;8.10;8.16;8.23;8.29;8.35;8.42;8.48;8.55;8.61;8.67;8.73;8.79;8.85;8.91;8.97;9.03;9.09;9.15;9.21;9.27;9.32;9.37;9.41;9.45;9.47;9.49;9.50;9.50;9.49;9.47;9.45;9.43;9.40;9.37;9.33;9.29;9.25;9.20;9.16;9.11;9.05;8.99;8.93;8.87;8.80;8.73;8.66;8.58;8.51;8.43;8.35;8.27;8.20;8.13;8.06;8.00;7.96;7.92;7.89;7.87;7.85;7.83;7.81;7.80;7.80;7.80;7.81;7.83;7.86;7.90;7.95;8.02;;;;;;;;;;;;;;;;;;;;;
-1.300;;;;;;;;;;;;;;;;;;;;;;;7.98;8.02;8.04;8.05;8.04;8.03;8.00;7.98;7.94;7.91;7.87;7.84;7.80;7.77;7.75;7.72;7.72;7.72;7.73;7.74;7.76;7.79;7.83;7.87;7.91;7.96;8.01;8.07;8.13;8.19;8.26;8.32;8.38;8.45;8.51;8.58;8.64;8.70;8.76;8.82;8.87;8.93;8.99;9.05;9.10;9.15;9.21;9.26;9.30;9.34;9.37;9.39;9.41;9.41;9.41;9.41;9.39;9.37;9.35;9.32;9.29;9.26;9.22;9.18;9.14;9.09;9.04;8.98;8.93;8.87;8.80;8.74;8.67;8.60;8.53;8.45;8.38;8.30;8.23;8.16;8.09;8.03;7.98;7.94;7.91;7.88;7.86;7.84;7.82;7.81;7.80;7.79;7.80;7.81;7.83;7.86;7.90;7.95;8.02;;;;;;;;;;;;;;;;;;;;;
-1.400;;;;;;;;;;;;;;;;;;;;;;;8.00;8.04;8.06;8.06;8.05;8.03;8.01;7.98;7.94;7.91;7.87;7.83;7.80;7.76;7.73;7.71;7.70;7.70;7.70;7.72;7.74;7.76;7.80;7.84;7.88;7.93;7.98;8.04;8.10;8.16;8.22;8.29;8.35;8.41;8.48;8.54;8.60;8.66;8.72;8.78;8.83;8.89;8.94;9.00;9.05;9.10;9.14;9.19;9.23;9.26;9.29;9.31;9.32;9.33;9.33;9.32;9.31;9.29;9.27;9.24;9.21;9.18;9.14;9.10;9.06;9.01;8.96;8.91;8.86;8.80;8.74;8.67;8.61;8.54;8.47;8.40;8.32;8.25;8.19;8.12;8.06;8.00;7.95;7.92;7.89;7.87;7.85;7.83;7.82;7.80;7.79;7.79;7.79;7.81;7.83;7.86;7.90;7.95;;;;;;;;;;;;;;;;;;;;;;
-1.500;;;;;;;;;;;;;;;;;;;;;;;;8.06;8.07;8.07;8.06;8.04;8.01;7.98;7.95;7.91;7.87;7.83;7.79;7.76;7.72;7.70;7.68;7.67;7.68;7.69;7.71;7.74;7.77;7.81;7.85;7.90;7.95;8.01;8.06;8.12;8.19;8.25;8.31;8.37;8.44;8.50;8.56;8.62;8.68;8.73;8.79;8.84;8.89;8.94;8.99;9.03;9.08;9.12;9.15;9.18;9.20;9.22;9.23;9.24;9.23;9.23;9.22;9.20;9.18;9.16;9.13;9.09;9.06;9.02;8.98;8.93;8.89;8.84;8.78;8.73;8.67;8.60;8.54;8.47;8.41;8.34;8.27;8.20;8.14;8.08;8.02;7.97;7.93;7.91;7.88;7.86;7.84;7.83;7.81;7.80;7.79;7.78;7.79;7.80;7.82;7.85;7.89;7.94;;;;;;;;;;;;;;;;;;;;;;
-1.600;;;;;;;;;;;;;;;;;;;;;;;;8.08;8.10;8.09;8.08;8.06;8.03;7.99;7.96;7.92;7.87;7.83;7.79;7.75;7.72;7.69;7.67;7.66;7.66;7.67;7.69;7.71;7.74;7.78;7.82;7.87;7.92;7.97;8.03;8.09;8.15;8.21;8.27;8.33;8.40;8.46;8.52;8.57;8.63;8.68;8.74;8.79;8.84;8.88;8.93;8.97;9.01;9.04;9.07;9.10;9.12;9.13;9.14;9.14;9.14;9.14;9.12;9.11;9.09;9.06;9.04;9.01;8.97;8.94;8.89;8.85;8.81;8.76;8.70;8.65;8.59;8.53;8.47;8.41;8.34;8.28;8.22;8.16;8.10;8.04;7.99;7.95;7.92;7.89;7.87;7.85;7.83;7.82;7.80;7.79;7.78;7.78;7.78;7.80;7.82;7.85;7.89;7.93;;;;;;;;;;;;;;;;;;;;;;
-1.700;;;;;;;;;;;;;;;;;;;;;;;;8.11;8.12;8.12;8.10;8.08;8.04;8.00;7.97;7.92;7.88;7.84;7.80;7.76;7.72;7.69;7.66;7.65;7.64;7.65;7.67;7.69;7.72;7.75;7.79;7.84;7.89;7.94;7.99;8.05;8.11;8.17;8.23;8.29;8.35;8.41;8.47;8.52;8.58;8.63;8.68;8.73;8.78;8.82;8.86;8.90;8.94;8.97;8.99;9.01;9.03;9.04;9.05;9.05;9.05;9.04;9.03;9.01;8.99;8.97;8.94;8.91;8.88;8.85;8.81;8.77;8.72;8.67;8.62;8.57;8.52;8.46;8.40;8.34;8.28;8.22;8.16;8.11;8.05;8.00;7.95;7.92;7.90;7.88;7.86;7.84;7.83;7.81;7.79;7.78;7.77;7.77;7.78;7.79;7.81;7.84;7.87;;;;;;;;;;;;;;;;;;;;;;;
-1.800;;;;;;;;;;;;;;;;;;;;;;;;;8.15;8.15;8.13;8.10;8.06;8.02;7.98;7.94;7.89;7.85;7.81;7.76;7.72;7.69;7.66;7.64;7.63;7.64;7.65;7.67;7.69;7.73;7.76;7.81;7.85;7.90;7.96;8.01;8.07;8.13;8.19;8.25;8.31;8.36;8.42;8.47;8.53;8.58;8.63;8.67;8.72;8.76;8.80;8.83;8.86;8.89;8.91;8.93;8.94;8.95;8.96;8.96;8.95;8.95;8.93;8.92;8.90;8.88;8.85;8.82;8.79;8.76;8.72;8.68;8.64;8.59;8.54;8.49;8.44;8.39;8.33;8.28;8.22;8.17;8.11;8.06;8.01;7.96;7.93;7.90;7.88;7.86;7.85;7.83;7.82;7.80;7.78;7.77;7.76;7.76;7.77;7.78;7.80;7.82;7.86;;;;;;;;;;;;;;;;;;;;;;;
-1.900;;;;;;;;;;;;;;;;;;;;;;;;;8.19;8.18;8.16;8.13;8.09;8.04;8.00;7.95;7.91;7.86;7.82;7.77;7.73;7.70;7.67;7.64;7.62;7.62;7.63;7.65;7.67;7.70;7.74;7.78;7.82;7.87;7.92;7.98;8.03;8.09;8.14;8.20;8.26;8.31;8.37;8.42;8.47;8.52;8.57;8.61;8.65;8.69;8.73;8.76;8.79;8.81;8.83;8.84;8.86;8.86;8.87;8.86;8.86;8.85;8.84;8.82;8.80;8.78;8.76;8.73;8.70;8.66;8.63;8.59;8.55;8.51;8.46;8.42;8.37;8.32;8.27;8.21;8.16;8.11;8.06;8.01;7.97;7.93;7.91;7.89;7.87;7.85;7.84;7.82;7.80;7.79;7.77;7.76;7.75;7.75;7.75;7.77;7.78;7.81;7.84;;;;;;;;;;;;;;;;;;;;;;;
-2.000;;;;;;;;;;;;;;;;;;;;;;;;;;8.22;8.20;8.16;8.12;8.07;8.02;7.97;7.93;7.88;7.83;7.79;7.75;7.71;7.67;7.65;7.63;7.62;7.62;7.63;7.65;7.68;7.71;7.75;7.79;7.84;7.89;7.94;7.99;8.04;8.10;8.15;8.21;8.26;8.32;8.37;8.42;8.46;8.51;8.55;8.59;8.62;8.65;8.68;8.71;8.73;8.75;8.76;8.77;8.77;8.78;8.77;8.77;8.76;8.74;8.73;8.71;8.69;8.66;8.63;8.61;8.57;8.54;8.50;8.46;8.42;8.38;8.34;8.29;8.25;8.20;8.15;8.10;8.06;8.01;7.97;7.93;7.91;7.89;7.87;7.85;7.84;7.82;7.81;7.79;7.77;7.76;7.75;7.74;7.74;7.74;7.75;7.76;7.78;;;;;;;;;;;;;;;;;;;;;;;;
-2.100;;;;;;;;;;;;;;;;;;;;;;;;;;8.27;8.24;8.20;8.15;8.10;8.05;8.00;7.95;7.90;7.85;7.81;7.76;7.72;7.69;7.66;7.63;7.62;7.61;7.62;7.64;7.66;7.69;7.72;7.76;7.81;7.85;7.90;7.95;8.00;8.05;8.11;8.16;8.21;8.26;8.31;8.36;8.40;8.44;8.48;8.52;8.55;8.58;8.61;8.63;8.65;8.66;8.68;8.68;8.69;8.69;8.68;8.67;8.66;8.65;8.63;8.61;8.59;8.57;8.54;8.51;8.48;8.45;8.42;8.38;8.34;8.30;8.26;8.22;8.18;8.13;8.09;8.05;8.01;7.97;7.93;7.90;7.89;7.87;7.85;7.84;7.83;7.81;7.80;7.78;7.76;7.74;7.73;7.72;7.72;7.72;7.73;7.74;7.76;;;;;;;;;;;;;;;;;;;;;;;;
-2.200;;;;;;;;;;;;;;;;;;;;;;;;;;;8.29;8.24;8.19;8.14;8.08;8.03;7.97;7.92;7.87;7.83;7.78;7.74;7.70;7.67;7.64;7.62;7.61;7.61;7.63;7.65;7.67;7.70;7.74;7.78;7.82;7.86;7.91;7.96;8.01;8.06;8.11;8.16;8.21;8.25;8.30;8.34;8.38;8.42;8.45;8.48;8.51;8.53;8.55;8.57;8.58;8.59;8.60;8.60;8.60;8.59;8.58;8.57;8.56;8.54;8.52;8.50;8.48;8.45;8.43;8.40;8.37;8.33;8.30;8.26;8.23;8.19;8.15;8.11;8.07;8.03;8.00;7.96;7.92;7.90;7.88;7.87;7.85;7.84;7.83;7.81;7.80;7.78;7.76;7.74;7.73;7.72;7.71;7.70;7.70;7.71;7.71;;;;;;;;;;;;;;;;;;;;;;;;;
-2.300;;;;;;;;;;;;;;;;;;;;;;;;;;;8.34;8.29;8.24;8.18;8.12;8.06;8.00;7.95;7.90;7.85;7.80;7.76;7.72;7.69;7.66;7.64;7.62;7.61;7.62;7.63;7.65;7.68;7.71;7.75;7.79;7.83;7.87;7.92;7.97;8.01;8.06;8.11;8.15;8.20;8.24;8.28;8.32;8.35;8.38;8.41;8.44;8.46;8.48;8.49;8.50;8.51;8.51;8.51;8.51;8.51;8.50;8.49;8.47;8.45;8.44;8.41;8.39;8.37;8.34;8.31;8.28;8.25;8.22;8.19;8.16;8.12;8.09;8.05;8.02;7.98;7.95;7.92;7.89;7.87;7.86;7.85;7.84;7.83;7.81;7.80;7.78;7.77;7.75;7.73;7.71;7.70;7.69;7.68;7.68;7.68;7.68;;;;;;;;;;;;;;;;;;;;;;;;;
-2.400;;;;;;;;;;;;;;;;;;;;;;;;;;;;8.35;8.29;8.23;8.16;8.10;8.04;7.98;7.92;7.87;7.83;7.78;7.74;7.71;7.67;7.65;7.63;7.62;7.62;7.62;7.64;7.66;7.69;7.72;7.76;7.80;7.84;7.88;7.92;7.97;8.01;8.06;8.10;8.14;8.18;8.22;8.25;8.29;8.32;8.34;8.37;8.39;8.40;8.42;8.43;8.43;8.43;8.43;8.43;8.42;8.41;8.40;8.39;8.37;8.35;8.33;8.31;8.29;8.26;8.23;8.21;8.18;8.15;8.12;8.09;8.06;8.03;7.99;7.96;7.93;7.90;7.88;7.87;7.85;7.84;7.83;7.82;7.81;7.80;7.79;7.77;7.75;7.73;7.71;7.69;7.68;7.67;7.66;7.65;7.65;;;;;;;;;;;;;;;;;;;;;;;;;;
-2.500;;;;;;;;;;;;;;;;;;;;;;;;;;;;8.40;8.34;8.28;8.21;8.14;8.07;8.01;7.95;7.90;7.85;7.80;7.76;7.73;7.69;7.67;7.65;7.63;7.62;7.62;7.63;7.65;7.67;7.70;7.73;7.77;7.80;7.84;7.88;7.92;7.97;8.01;8.05;8.09;8.12;8.16;8.19;8.22;8.25;8.27;8.30;8.31;8.33;8.34;8.35;8.35;8.36;8.35;8.35;8.34;8.33;8.32;8.31;8.29;8.27;8.25;8.23;8.21;8.18;8.16;8.13;8.11;8.08;8.05;8.03;8.00;7.97;7.94;7.92;7.89;7.87;7.86;7.85;7.84;7.83;7.82;7.81;7.80;7.79;7.77;7.75;7.73;7.71;7.69;7.67;7.65;7.64;7.63;7.62;7.61;;;;;;;;;;;;;;;;;;;;;;;;;;
-2.600;;;;;;;;;;;;;;;;;;;;;;;;;;;;;8.40;8.33;8.26;8.19;8.12;8.05;7.99;7.93;7.88;7.83;7.79;7.75;7.71;7.68;7.66;7.64;7.63;7.63;7.63;7.64;7.66;7.68;7.71;7.74;7.77;7.81;7.85;7.88;7.92;7.96;8.00;8.03;8.07;8.10;8.13;8.16;8.18;8.21;8.23;8.25;8.26;8.27;8.28;8.28;8.28;8.28;8.27;8.27;8.26;8.24;8.23;8.21;8.20;8.18;8.16;8.14;8.11;8.09;8.07;8.04;8.02;7.99;7.97;7.94;7.92;7.90;7.87;7.86;7.85;7.84;7.83;7.82;7.82;7.81;7.80;7.79;7.77;7.75;7.73;7.71;7.69;7.67;7.65;7.63;7.61;7.60;7.58;;;;;;;;;;;;;;;;;;;;;;;;;;;
-2.700;;;;;;;;;;;;;;;;;;;;;;;;;;;;;8.46;8.39;8.31;8.23;8.16;8.09;8.02;7.96;7.91;7.86;7.81;7.77;7.73;7.70;7.68;7.66;7.64;7.64;7.63;7.64;7.65;7.67;7.69;7.72;7.75;7.78;7.81;7.84;7.88;7.91;7.95;7.98;8.01;8.04;8.07;8.10;8.12;8.14;8.16;8.18;8.19;8.20;8.21;8.21;8.21;8.21;8.20;8.20;8.19;8.17;8.16;8.14;8.13;8.11;8.09;8.07;8.05;8.03;8.01;7.98;7.96;7.94;7.92;7.90;7.88;7.86;7.84;7.83;7.83;7.82;7.81;7.81;7.80;7.79;7.78;7.77;7.75;7.73;7.71;7.69;7.66;7.64;7.62;7.60;7.58;7.56;;;;;;;;;;;;;;;;;;;;;;;;;;;;
-2.800;;;;;;;;;;;;;;;;;;;;;;;;;;;;;;8.44;8.37;8.29;8.21;8.13;8.06;7.99;7.94;7.88;7.84;7.79;7.76;7.72;7.70;7.67;7.66;7.65;7.64;7.64;7.64;7.65;7.67;7.69;7.72;7.75;7.78;7.81;7.84;7.87;7.90;7.93;7.96;7.99;8.02;8.04;8.07;8.08;8.10;8.12;8.13;8.14;8.14;8.15;8.14;8.14;8.14;8.13;8.12;8.11;8.09;8.08;8.06;8.05;8.03;8.01;7.99;7.97;7.95;7.93;7.91;7.89;7.87;7.86;7.84;7.83;7.82;7.81;7.81;7.81;7.80;7.80;7.79;7.78;7.77;7.75;7.73;7.71;7.69;7.66;7.64;7.62;7.59;7.57;7.54;7.52;;;;;;;;;;;;;;;;;;;;;;;;;;;;
-2.900;;;;;;;;;;;;;;;;;;;;;;;;;;;;;;;8.42;8.34;8.25;8.18;8.10;8.03;7.97;7.91;7.86;7.82;7.78;7.74;7.71;7.69;7.67;7.66;7.65;7.64;7.65;7.65;7.66;7.68;7.70;7.72;7.75;7.78;7.80;7.83;7.86;7.89;7.92;7.94;7.97;7.99;8.01;8.03;8.04;8.06;8.07;8.08;8.08;8.08;8.08;8.08;8.08;8.07;8.06;8.05;8.03;8.02;8.00;7.99;7.97;7.95;7.94;7.92;7.90;7.88;7.87;7.85;7.84;7.82;7.81;7.81;7.80;7.80;7.80;7.79;7.79;7.78;7.78;7.76;7.75;7.73;7.71;7.69;7.66;7.64;7.61;7.59;7.56;7.53;7.51;;;;;;;;;;;;;;;;;;;;;;;;;;;;;
-3.000;;;;;;;;;;;;;;;;;;;;;;;;;;;;;;;;8.39;8.30;8.22;8.14;8.07;8.00;7.94;7.89;7.84;7.80;7.76;7.73;7.70;7.68;7.67;7.66;7.65;7.65;7.65;7.66;7.67;7.68;7.70;7.72;7.75;7.77;7.80;7.82;7.85;7.87;7.90;7.92;7.94;7.96;7.98;7.99;8.00;8.01;8.02;8.03;8.03;8.03;8.02;8.02;8.01;8.00;7.99;7.98;7.97;7.95;7.94;7.92;7.91;7.89;7.87;7.86;7.84;7.83;7.82;7.81;7.80;7.79;7.79;7.79;7.78;7.78;7.78;7.78;7.77;7.76;7.75;7.73;7.71;7.69;7.67;7.64;7.61;7.59;7.56;7.53;7.50;;;;;;;;;;;;;;;;;;;;;;;;;;;;;;
-3.100;;;;;;;;;;;;;;;;;;;;;;;;;;;;;;;;8.44;8.35;8.26;8.18;8.11;8.03;7.97;7.91;7.86;7.82;7.78;7.75;7.72;7.70;7.68;7.67;7.66;7.65;7.65;7.66;7.66;7.68;7.69;7.70;7.72;7.74;7.77;7.79;7.81;7.84;7.86;7.88;7.90;7.91;7.93;7.94;7.96;7.96;7.97;7.98;7.98;7.98;7.97;7.97;7.96;7.95;7.94;7.93;7.92;7.90;7.89;7.88;7.86;7.85;7.83;7.82;7.81;7.80;7.79;7.78;7.78;7.78;7.77;7.77;7.77;7.77;7.77;7.76;7.75;7.74;7.73;7.71;7.69;7.67;7.64;7.62;7.59;7.56;7.52;7.49;;;;;;;;;;;;;;;;;;;;;;;;;;;;;;;
-3.200;;;;;;;;;;;;;;;;;;;;;;;;;;;;;;;;;8.39;8.31;8.22;8.14;8.07;8.00;7.94;7.89;7.84;7.80;7.76;7.73;7.71;7.69;7.68;7.67;7.66;7.66;7.66;7.66;7.67;7.68;7.69;7.71;7.72;7.74;7.76;7.78;7.80;7.82;7.84;7.86;7.87;7.89;7.90;7.91;7.92;7.93;7.93;7.93;7.93;7.93;7.92;7.92;7.91;7.90;7.89;7.88;7.86;7.85;7.84;7.83;7.81;7.80;7.79;7.78;7.78;7.77;7.77;7.76;7.76;7.76;7.76;7.76;7.76;7.75;7.75;7.74;7.72;7.71;7.69;7.67;7.64;7.62;7.59;7.56;7.52;7.49;7.45;;;;;;;;;;;;;;;;;;;;;;;;;;;;;;;
-3.300;;;;;;;;;;;;;;;;;;;;;;;;;;;;;;;;;;8.34;8.26;8.18;8.10;8.03;7.97;7.91;7.86;7.82;7.78;7.75;7.72;7.70;7.69;7.67;7.67;7.66;7.66;7.66;7.67;7.68;7.69;7.70;7.71;7.73;7.74;7.76;7.78;7.79;7.81;7.83;7.84;7.85;7.86;7.87;7.88;7.89;7.89;7.89;7.89;7.89;7.88;7.88;7.87;7.86;7.85;7.84;7.83;7.82;7.81;7.79;7.78;7.77;7.77;7.76;7.75;7.75;7.75;7.75;7.75;7.75;7.74;7.74;7.74;7.74;7.73;7.72;7.70;7.69;7.67;7.65;7.62;7.59;7.56;7.52;7.49;7.45;;;;;;;;;;;;;;;;;;;;;;;;;;;;;;;;
-3.400;;;;;;;;;;;;;;;;;;;;;;;;;;;;;;;;;;;8.29;8.21;8.13;8.06;7.99;7.93;7.88;7.83;7.80;7.76;7.73;7.71;7.69;7.68;7.67;7.67;7.67;7.67;7.67;7.68;7.69;7.70;7.71;7.72;7.73;7.75;7.76;7.77;7.79;7.80;7.81;7.82;7.83;7.84;7.85;7.85;7.86;7.86;7.86;7.85;7.85;7.84;7.83;7.83;7.82;7.81;7.80;7.79;7.78;7.77;7.76;7.75;7.74;7.74;7.73;7.73;7.73;7.73;7.73;7.73;7.73;7.73;7.72;7.72;7.71;7.70;7.68;7.67;7.64;7.62;7.59;7.56;7.53;7.49;7.45;;;;;;;;;;;;;;;;;;;;;;;;;;;;;;;;;
-3.500;;;;;;;;;;;;;;;;;;;;;;;;;;;;;;;;;;;;8.23;8.16;8.08;8.02;7.96;7.90;7.85;7.81;7.78;7.75;7.72;7.70;7.69;7.68;7.67;7.67;7.67;7.67;7.68;7.69;7.69;7.70;7.72;7.73;7.74;7.75;7.76;7.78;7.79;7.80;7.81;7.81;7.82;7.82;7.83;7.83;7.83;7.83;7.82;7.82;7.81;7.81;7.80;7.79;7.78;7.77;7.76;7.75;7.74;7.73;7.73;7.72;7.72;7.72;7.72;7.72;7.72;7.72;7.72;7.71;7.71;7.71;7.70;7.69;7.68;7.66;7.64;7.62;7.59;7.56;7.53;7.49;7.45;;;;;;;;;;;;;;;;;;;;;;;;;;;;;;;;;;
-3.600;;;;;;;;;;;;;;;;;;;;;;;;;;;;;;;;;;;;;8.18;8.10;8.04;7.97;7.92;7.87;7.83;7.79;7.76;7.73;7.71;7.70;7.68;7.68;7.67;7.67;7.67;7.68;7.69;7.69;7.70;7.71;7.72;7.74;7.75;7.76;7.77;7.78;7.79;7.79;7.80;7.80;7.81;7.81;7.81;7.81;7.81;7.80;7.80;7.79;7.78;7.77;7.76;7.75;7.74;7.74;7.73;7.72;7.71;7.71;7.70;7.70;7.70;7.70;7.70;7.70;7.70;7.70;7.70;7.69;7.69;7.68;7.67;7.66;7.64;7.62;7.59;7.57;7.53;7.49;7.45;;;;;;;;;;;;;;;;;;;;;;;;;;;;;;;;;;;
-3.700;;;;;;;;;;;;;;;;;;;;;;;;;;;;;;;;;;;;;;8.12;8.05;7.99;7.93;7.88;7.84;7.80;7.77;7.74;7.72;7.70;7.69;7.68;7.68;7.68;7.68;7.68;7.69;7.69;7.70;7.71;7.72;7.73;7.74;7.75;7.76;7.77;7.78;7.78;7.79;7.79;7.79;7.79;7.79;7.79;7.79;7.78;7.77;7.77;7.76;7.75;7.74;7.73;7.72;7.71;7.70;7.70;7.69;7.69;7.68;7.68;7.68;7.68;7.68;7.68;7.68;7.68;7.68;7.68;7.67;7.66;7.65;7.64;7.62;7.59;7.57;7.53;7.50;7.46;;;;;;;;;;;;;;;;;;;;;;;;;;;;;;;;;;;;
-3.800;;;;;;;;;;;;;;;;;;;;;;;;;;;;;;;;;;;;;;;8.06;8.00;7.94;7.89;7.85;7.81;7.78;7.75;7.73;7.71;7.69;7.68;7.68;7.68;7.68;7.68;7.69;7.69;7.70;7.71;7.72;7.73;7.74;7.75;7.76;7.76;7.77;7.78;7.78;7.78;7.78;7.78;7.78;7.77;7.77;7.76;7.75;7.75;7.74;7.73;7.72;7.71;7.70;7.69;7.68;7.68;7.67;7.67;7.67;7.66;7.66;7.66;7.66;7.67;7.67;7.66;7.66;7.66;7.65;7.64;7.63;7.61;7.59;7.56;7.53;7.50;;;;;;;;;;;;;;;;;;;;;;;;;;;;;;;;;;;;;;
-3.900;;;;;;;;;;;;;;;;;;;;;;;;;;;;;;;;;;;;;;;;;7.95;7.90;7.86;7.82;7.78;7.76;7.73;7.71;7.70;7.69;7.68;7.68;7.68;7.68;7.69;7.69;7.70;7.71;7.72;7.73;7.74;7.74;7.75;7.76;7.76;7.77;7.77;7.77;7.77;7.77;7.76;7.76;7.75;7.74;7.73;7.72;7.71;7.70;7.70;7.69;7.68;7.67;7.66;7.66;7.65;7.65;7.65;7.65;7.65;7.65;7.65;7.65;7.65;7.65;7.64;7.64;7.63;7.62;7.60;7.59;7.56;7.53;7.50;;;;;;;;;;;;;;;;;;;;;;;;;;;;;;;;;;;;;;;
-4.000;;;;;;;;;;;;;;;;;;;;;;;;;;;;;;;;;;;;;;;;;;7.90;7.86;7.82;7.79;7.76;7.74;7.72;7.70;7.69;7.68;7.68;7.68;7.68;7.68;7.69;7.70;7.70;7.71;7.72;7.73;7.74;7.74;7.75;7.75;7.76;7.76;7.76;7.75;7.75;7.75;7.74;7.73;7.72;7.71;7.70;7.69;7.68;7.67;7.66;7.66;7.65;7.64;7.64;7.63;7.63;7.63;7.63;7.63;7.63;7.63;7.63;7.63;7.63;7.62;7.62;7.61;7.59;7.58;7.56;7.53;7.50;;;;;;;;;;;;;;;;;;;;;;;;;;;;;;;;;;;;;;;;
-4.100;;;;;;;;;;;;;;;;;;;;;;;;;;;;;;;;;;;;;;;;;;;7.86;7.82;7.79;7.76;7.74;7.72;7.71;7.69;7.69;7.68;7.68;7.68;7.68;7.69;7.69;7.70;7.71;7.71;7.72;7.73;7.73;7.74;7.74;7.74;7.74;7.74;7.74;7.73;7.73;7.72;7.71;7.70;7.69;7.68;7.67;7.66;7.65;7.64;7.63;7.63;7.62;7.62;7.61;7.61;7.61;7.61;7.61;7.61;7.61;7.61;7.61;7.60;7.60;7.59;7.58;7.56;7.55;7.52;;;;;;;;;;;;;;;;;;;;;;;;;;;;;;;;;;;;;;;;;;
-4.200;;;;;;;;;;;;;;;;;;;;;;;;;;;;;;;;;;;;;;;;;;;;;7.79;7.76;7.74;7.72;7.71;7.69;7.69;7.68;7.68;7.68;7.68;7.68;7.69;7.69;7.70;7.71;7.71;7.72;7.72;7.73;7.73;7.73;7.73;7.73;7.72;7.72;7.71;7.70;7.69;7.68;7.67;7.66;7.65;7.64;7.63;7.62;7.61;7.60;7.60;7.59;7.59;7.59;7.59;7.59;7.59;7.59;7.59;7.58;7.58;7.58;7.57;7.56;7.55;7.53;7.51;;;;;;;;;;;;;;;;;;;;;;;;;;;;;;;;;;;;;;;;;;;
-4.300;;;;;;;;;;;;;;;;;;;;;;;;;;;;;;;;;;;;;;;;;;;;;;;7.73;7.72;7.70;7.69;7.69;7.68;7.68;7.68;7.68;7.68;7.69;7.69;7.69;7.70;7.70;7.71;7.71;7.71;7.71;7.71;7.71;7.71;7.70;7.70;7.69;7.68;7.67;7.66;7.65;7.64;7.63;7.61;7.60;7.60;7.59;7.58;7.57;7.57;7.57;7.56;7.56;7.56;7.56;7.56;7.56;7.56;7.55;7.55;7.54;7.53;7.52;;;;;;;;;;;;;;;;;;;;;;;;;;;;;;;;;;;;;;;;;;;;;
-4.400;;;;;;;;;;;;;;;;;;;;;;;;;;;;;;;;;;;;;;;;;;;;;;;;7.71;7.70;7.69;7.68;7.68;7.67;7.67;7.67;7.68;7.68;7.68;7.69;7.69;7.69;7.70;7.70;7.70;7.70;7.70;7.69;7.69;7.68;7.67;7.67;7.66;7.65;7.63;7.62;7.61;7.60;7.59;7.58;7.57;7.56;7.55;7.55;7.54;7.54;7.54;7.54;7.53;7.53;7.53;7.53;7.53;7.52;7.52;7.51;;;;;;;;;;;;;;;;;;;;;;;;;;;;;;;;;;;;;;;;;;;;;;;
-4.500;;;;;;;;;;;;;;;;;;;;;;;;;;;;;;;;;;;;;;;;;;;;;;;;;;7.68;7.67;7.67;7.67;7.67;7.67;7.67;7.67;7.68;7.68;7.68;7.68;7.68;7.69;7.68;7.68;7.68;7.67;7.67;7.66;7.65;7.64;7.63;7.62;7.61;7.60;7.58;7.57;7.56;7.55;7.54;7.53;7.52;7.52;7.51;7.51;7.51;7.50;7.50;7.50;7.50;7.50;7.49;7.49;;;;;;;;;;;;;;;;;;;;;;;;;;;;;;;;;;;;;;;;;;;;;;;;;
-4.600;;;;;;;;;;;;;;;;;;;;;;;;;;;;;;;;;;;;;;;;;;;;;;;;;;;;;7.66;7.66;7.66;7.66;7.66;7.67;7.67;7.67;7.67;7.67;7.67;7.67;7.66;7.66;7.65;7.64;7.64;7.63;7.61;7.60;7.59;7.58;7.56;7.55;7.54;7.53;7.52;7.51;7.50;7.49;7.48;7.48;7.48;7.47;7.47;7.47;7.46;7.46;7.46;;;;;;;;;;;;;;;;;;;;;;;;;;;;;;;;;;;;;;;;;;;;;;;;;;;
-4.700;;;;;;;;;;;;;;;;;;;;;;;;;;;;;;;;;;;;;;;;;;;;;;;;;;;;;;;7.65;7.65;7.65;7.65;7.65;7.65;7.65;7.65;7.65;7.65;7.64;7.64;7.63;7.62;7.61;7.60;7.58;7.57;7.56;7.54;7.53;7.52;7.51;7.49;7.48;7.47;7.46;7.45;7.45;7.44;7.44;7.43;7.43;7.43;7.42;;;;;;;;;;;;;;;;;;;;;;;;;;;;;;;;;;;;;;;;;;;;;;;;;;;;;
-4.800;;;;;;;;;;;;;;;;;;;;;;;;;;;;;;;;;;;;;;;;;;;;;;;;;;;;;;;;;;7.64;7.64;7.64;7.63;7.63;7.63;7.62;7.62;7.61;7.60;7.59;7.58;7.56;7.55;7.54;7.52;7.51;7.49;7.48;7.47;7.45;7.44;7.43;7.42;7.41;7.41;7.40;7.40;;;;;;;;;;;;;;;;;;;;;;;;;;;;;;;;;;;;;;;;;;;;;;;;;;;;;;;;;
-4.900;;;;;;;;;;;;;;;;;;;;;;;;;;;;;;;;;;;;;;;;;;;;;;;;;;;;;;;;;;;;;;;7.60;7.60;7.59;7.58;7.57;7.56;7.54;7.53;7.51;7.50;7.48;7.47;7.45;7.44;7.42;7.41;7.40;7.39;7.38;;;;;;;;;;;;;;;;;;;;;;;;;;;;;;;;;;;;;;;;;;;;;;;;;;;;;;;;;;;;;
-5.000;;;;;;;;;;;;;;;;;;;;;;;;;;;;;;;;;;;;;;;;;;;;;;;;;;;;;;;;;;;;;;;;;;;;;;;;;;;;;;;;;;;;;;;;;;;;;;;;;;;;;;;;;;;;;;;;;;;;;;;;;;;;;;;;;;;;;;;;;;;;;;
-5.100;;;;;;;;;;;;;;;;;;;;;;;;;;;;;;;;;;;;;;;;;;;;;;;;;;;;;;;;;;;;;;;;;;;;;;;;;;;;;;;;;;;;;;;;;;;;;;;;;;;;;;;;;;;;;;;;;;;;;;;;;;;;;;;;;;;;;;;;;;;;;;
-5.200;;;;;;;;;;;;;;;;;;;;;;;;;;;;;;;;;;;;;;;;;;;;;;;;;;;;;;;;;;;;;;;;;;;;;;;;;;;;;;;;;;;;;;;;;;;;;;;;;;;;;;;;;;;;;;;;;;;;;;;;;;;;;;;;;;;;;;;;;;;;;;
-5.300;;;;;;;;;;;;;;;;;;;;;;;;;;;;;;;;;;;;;;;;;;;;;;;;;;;;;;;;;;;;;;;;;;;;;;;;;;;;;;;;;;;;;;;;;;;;;;;;;;;;;;;;;;;;;;;;;;;;;;;;;;;;;;;;;;;;;;;;;;;;;;
-5.400;;;;;;;;;;;;;;;;;;;;;;;;;;;;;;;;;;;;;;;;;;;;;;;;;;;;;;;;;;;;;;;;;;;;;;;;;;;;;;;;;;;;;;;;;;;;;;;;;;;;;;;;;;;;;;;;;;;;;;;;;;;;;;;;;;;;;;;;;;;;;;
-5.500;;;;;;;;;;;;;;;;;;;;;;;;;;;;;;;;;;;;;;;;;;;;;;;;;;;;;;;;;;;;;;;;;;;;;;;;;;;;;;;;;;;;;;;;;;;;;;;;;;;;;;;;;;;;;;;;;;;;;;;;;;;;;;;;;;;;;;;;;;;;;;
-5.600;;;;;;;;;;;;;;;;;;;;;;;;;;;;;;;;;;;;;;;;;;;;;;;;;;;;;;;;;;;;;;;;;;;;;;;;;;;;;;;;;;;;;;;;;;;;;;;;;;;;;;;;;;;;;;;;;;;;;;;;;;;;;;;;;;;;;;;;;;;;;;
-5.700;;;;;;;;;;;;;;;;;;;;;;;;;;;;;;;;;;;;;;;;;;;;;;;;;;;;;;;;;;;;;;;;;;;;;;;;;;;;;;;;;;;;;;;;;;;;;;;;;;;;;;;;;;;;;;;;;;;;;;;;;;;;;;;;;;;;;;;;;;;;;;
-5.800;;;;;;;;;;;;;;;;;;;;;;;;;;;;;;;;;;;;;;;;;;;;;;;;;;;;;;;;;;;;;;;;;;;;;;;;;;;;;;;;;;;;;;;;;;;;;;;;;;;;;;;;;;;;;;;;;;;;;;;;;;;;;;;;;;;;;;;;;;;;;;
-5.900;;;;;;;;;;;;;;;;;;;;;;;;;;;;;;;;;;;;;;;;;;;;;;;;;;;;;;;;;;;;;;;;;;;;;;;;;;;;;;;;;;;;;;;;;;;;;;;;;;;;;;;;;;;;;;;;;;;;;;;;;;;;;;;;;;;;;;;;;;;;;;
-6.000;;;;;;;;;;;;;;;;;;;;;;;;;;;;;;;;;;;;;;;;;;;;;;;;;;;;;;;;;;;;;;;;;;;;;;;;;;;;;;;;;;;;;;;;;;;;;;;;;;;;;;;;;;;;;;;;;;;;;;;;;;;;;;;;;;;;;;;;;;;;;;
-6.100;;;;;;;;;;;;;;;;;;;;;;;;;;;;;;;;;;;;;;;;;;;;;;;;;;;;;;;;;;;;;;;;;;;;;;;;;;;;;;;;;;;;;;;;;;;;;;;;;;;;;;;;;;;;;;;;;;;;;;;;;;;;;;;;;;;;;;;;;;;;;;
-6.200;;;;;;;;;;;;;;;;;;;;;;;;;;;;;;;;;;;;;;;;;;;;;;;;;;;;;;;;;;;;;;;;;;;;;;;;;;;;;;;;;;;;;;;;;;;;;;;;;;;;;;;;;;;;;;;;;;;;;;;;;;;;;;;;;;;;;;;;;;;;;;
-6.300;;;;;;;;;;;;;;;;;;;;;;;;;;;;;;;;;;;;;;;;;;;;;;;;;;;;;;;;;;;;;;;;;;;;;;;;;;;;;;;;;;;;;;;;;;;;;;;;;;;;;;;;;;;;;;;;;;;;;;;;;;;;;;;;;;;;;;;;;;;;;;
-6.400;;;;;;;;;;;;;;;;;;;;;;;;;;;;;;;;;;;;;;;;;;;;;;;;;;;;;;;;;;;;;;;;;;;;;;;;;;;;;;;;;;;;;;;;;;;;;;;;;;;;;;;;;;;;;;;;;;;;;;;;;;;;;;;;;;;;;;;;;;;;;;
-6.500;;;;;;;;;;;;;;;;;;;;;;;;;;;;;;;;;;;;;;;;;;;;;;;;;;;;;;;;;;;;;;;;;;;;;;;;;;;;;;;;;;;;;;;;;;;;;;;;;;;;;;;;;;;;;;;;;;;;;;;;;;;;;;;;;;;;;;;;;;;;;;
-6.600;;;;;;;;;;;;;;;;;;;;;;;;;;;;;;;;;;;;;;;;;;;;;;;;;;;;;;;;;;;;;;;;;;;;;;;;;;;;;;;;;;;;;;;;;;;;;;;;;;;;;;;;;;;;;;;;;;;;;;;;;;;;;;;;;;;;;;;;;;;;;;
-6.700;;;;;;;;;;;;;;;;;;;;;;;;;;;;;;;;;;;;;;;;;;;;;;;;;;;;;;;;;;;;;;;;;;;;;;;;;;;;;;;;;;;;;;;;;;;;;;;;;;;;;;;;;;;;;;;;;;;;;;;;;;;;;;;;;;;;;;;;;;;;;;
-6.800;;;;;;;;;;;;;;;;;;;;;;;;;;;;;;;;;;;;;;;;;;;;;;;;;;;;;;;;;;;;;;;;;;;;;;;;;;;;;;;;;;;;;;;;;;;;;;;;;;;;;;;;;;;;;;;;;;;;;;;;;;;;;;;;;;;;;;;;;;;;;;
-6.900;;;;;;;;;;;;;;;;;;;;;;;;;;;;;;;;;;;;;;;;;;;;;;;;;;;;;;;;;;;;;;;;;;;;;;;;;;;;;;;;;;;;;;;;;;;;;;;;;;;;;;;;;;;;;;;;;;;;;;;;;;;;;;;;;;;;;;;;;;;;;;
-7.000;;;;;;;;;;;;;;;;;;;;;;;;;;;;;;;;;;;;;;;;;;;;;;;;;;;;;;;;;;;;;;;;;;;;;;;;;;;;;;;;;;;;;;;;;;;;;;;;;;;;;;;;;;;;;;;;;;;;;;;;;;;;;;;;;;;;;;;;;;;;;;
BACK;-7.000;-6.900;-6.800;-6.700;-6.600;-6.500;-6.400;-6.300;-6.200;-6.100;-6.000;-5.900;-5.800;-5.700;-5.600;-5.500;-5.400;-5.300;-5.200;-5.100;-5.000;-4.900;-4.800;-4.700;-4.600;-4.500;-4.400;-4.300;-4.200;-4.100;-4.000;-3.900;-3.800;-3.700;-3.600;-3.500;-3.400;-3.300;-3.200;-3.100;-3.000;-2.900;-2.800;-2.700;-2.600;-2.500;-2.400;-2.300;-2.200;-2.100;-2.000;-1.900;-1.800;-1.700;-1.600;-1.500;-1.400;-1.300;-1.200;-1.100;-1.000;-0.900;-0.800;-0.700;-0.600;-0.500;-0.400;-0.300;-0.200;-0.100;0.000;0.100;0.200;0.300;0.400;0.500;0.600;0.700;0.800;0.900;1.000;1.100;1.200;1.300;1.400;1.500;1.600;1.700;1.800;1.900;2.000;2.100;2.200;2.300;2.400;2.500;2.600;2.700;2.800;2.900;3.000;3.100;3.200;3.300;3.400;3.500;3.600;3.700;3.800;3.900;4.000;4.100;4.200;4.300;4.400;4.500;4.600;4.700;4.800;4.900;5.000;5.100;5.200;5.300;5.400;5.500;5.600;5.700;5.800;5.900;6.000;6.100;6.200;6.300;6.400;6.500;6.600;6.700;6.800;6.900;7.000;
7.000;;;;;;;;;;;;;;;;;;;;;;;;;;;;;;;;;;;;;;;;;;;;;;;;;;;;;;;;;;;;;;;;;;;;;;;;;;;;;;;;;;;;;;;;;;;;;;;;;;;;;;;;;;;;;;;;;;;;;;;;;;;;;;;;;;;;;;;;;;;;;;
6.900;;;;;;;;;;;;;;;;;;;;;;;;;;;;;;;;;;;;;;;;;;;;;;;;;;;;;;;;;;;;;;;;;;;;;;;;;;;;;;;;;;;;;;;;;;;;;;;;;;;;;;;;;;;;;;;;;;;;;;;;;;;;;;;;;;;;;;;;;;;;;;
6.800;;;;;;;;;;;;;;;;;;;;;;;;;;;;;;;;;;;;;;;;;;;;;;;;;;;;;;;;;;;;;;;;;;;;;;;;;;;;;;;;;;;;;;;;;;;;;;;;;;;;;;;;;;;;;;;;;;;;;;;;;;;;;;;;;;;;;;;;;;;;;;
6.700;;;;;;;;;;;;;;;;;;;;;;;;;;;;;;;;;;;;;;;;;;;;;;;;;;;;;;;;;;;;;;;;;;;;;;;;;;;;;;;;;;;;;;;;;;;;;;;;;;;;;;;;;;;;;;;;;;;;;;;;;;;;;;;;;;;;;;;;;;;;;;
6.600;;;;;;;;;;;;;;;;;;;;;;;;;;;;;;;;;;;;;;;;;;;;;;;;;;;;;;;;;;;;;;;;;;;;;;;;;;;;;;;;;;;;;;;;;;;;;;;;;;;;;;;;;;;;;;;;;;;;;;;;;;;;;;;;;;;;;;;;;;;;;;
6.500;;;;;;;;;;;;;;;;;;;;;;;;;;;;;;;;;;;;;;;;;;;;;;;;;;;;;;;;;;;;;;;;;;;;;;;;;;;;;;;;;;;;;;;;;;;;;;;;;;;;;;;;;;;;;;;;;;;;;;;;;;;;;;;;;;;;;;;;;;;;;;
6.400;;;;;;;;;;;;;;;;;;;;;;;;;;;;;;;;;;;;;;;;;;;;;;;;;;;;;;;;;;;;;;;;;;;;;;;;;;;;;;;;;;;;;;;;;;;;;;;;;;;;;;;;;;;;;;;;;;;;;;;;;;;;;;;;;;;;;;;;;;;;;;
6.300;;;;;;;;;;;;;;;;;;;;;;;;;;;;;;;;;;;;;;;;;;;;;;;;;;;;;;;;;;;;;;;;;;;;;;;;;;;;;;;;;;;;;;;;;;;;;;;;;;;;;;;;;;;;;;;;;;;;;;;;;;;;;;;;;;;;;;;;;;;;;;
6.200;;;;;;;;;;;;;;;;;;;;;;;;;;;;;;;;;;;;;;;;;;;;;;;;;;;;;;;;;;;;;;;;;;;;;;;;;;;;;;;;;;;;;;;;;;;;;;;;;;;;;;;;;;;;;;;;;;;;;;;;;;;;;;;;;;;;;;;;;;;;;;
6.100;;;;;;;;;;;;;;;;;;;;;;;;;;;;;;;;;;;;;;;;;;;;;;;;;;;;;;;;;;;;;;;;;;;;;;;;;;;;;;;;;;;;;;;;;;;;;;;;;;;;;;;;;;;;;;;;;;;;;;;;;;;;;;;;;;;;;;;;;;;;;;
6.000;;;;;;;;;;;;;;;;;;;;;;;;;;;;;;;;;;;;;;;;;;;;;;;;;;;;;;;;;;;;;;;;;;;;;;;;;;;;;;;;;;;;;;;;;;;;;;;;;;;;;;;;;;;;;;;;;;;;;;;;;;;;;;;;;;;;;;;;;;;;;;
5.900;;;;;;;;;;;;;;;;;;;;;;;;;;;;;;;;;;;;;;;;;;;;;;;;;;;;;;;;;;;;;;;;;;;;;;;;;;;;;;;;;;;;;;;;;;;;;;;;;;;;;;;;;;;;;;;;;;;;;;;;;;;;;;;;;;;;;;;;;;;;;;
5.800;;;;;;;;;;;;;;;;;;;;;;;;;;;;;;;;;;;;;;;;;;;;;;;;;;;;;;;;;;;;;;;;;;;;;;;;;;;;;;;;;;;;;;;;;;;;;;;;;;;;;;;;;;;;;;;;;;;;;;;;;;;;;;;;;;;;;;;;;;;;;;
5.700;;;;;;;;;;;;;;;;;;;;;;;;;;;;;;;;;;;;;;;;;;;;;;;;;;;;;;;;;;;;;;;;;;;;;;;;;;;;;;;;;;;;;;;;;;;;;;;;;;;;;;;;;;;;;;;;;;;;;;;;;;;;;;;;;;;;;;;;;;;;;;
5.600;;;;;;;;;;;;;;;;;;;;;;;;;;;;;;;;;;;;;;;;;;;;;;;;;;;;;;;;;;;;;;;;;;;;;;;;;;;;;;;;;;;;;;;;;;;;;;;;;;;;;;;;;;;;;;;;;;;;;;;;;;;;;;;;;;;;;;;;;;;;;;
5.500;;;;;;;;;;;;;;;;;;;;;;;;;;;;;;;;;;;;;;;;;;;;;;;;;;;;;;;;;;;;;;;;;;;;;;;;;;;;;;;;;;;;;;;;;;;;;;;;;;;;;;;;;;;;;;;;;;;;;;;;;;;;;;;;;;;;;;;;;;;;;;
5.400;;;;;;;;;;;;;;;;;;;;;;;;;;;;;;;;;;;;;;;;;;;;;;;;;;;;;;;;;;;;;;;;;;;;;;;;;;;;;;;;;;;;;;;;;;;;;;;;;;;;;;;;;;;;;;;;;;;;;;;;;;;;;;;;;;;;;;;;;;;;;;
5.300;;;;;;;;;;;;;;;;;;;;;;;;;;;;;;;;;;;;;;;;;;;;;;;;;;;;;;;;;;;;;;;;;;;;;;;;;;;;;;;;;;;;;;;;;;;;;;;;;;;;;;;;;;;;;;;;;;;;;;;;;;;;;;;;;;;;;;;;;;;;;;
5.200;;;;;;;;;;;;;;;;;;;;;;;;;;;;;;;;;;;;;;;;;;;;;;;;;;;;;;;;;;;;;;;;;;;;;;;;;;;;;;;;;;;;;;;;;;;;;;;;;;;;;;;;;;;;;;;;;;;;;;;;;;;;;;;;;;;;;;;;;;;;;;
5.100;;;;;;;;;;;;;;;;;;;;;;;;;;;;;;;;;;;;;;;;;;;;;;;;;;;;;;;;;;;;;;;;;;;;;;;;;;;;;;;;;;;;;;;;;;;;;;;;;;;;;;;;;;;;;;;;;;;;;;;;;;;;;;;;;;;;;;;;;;;;;;
5.000;;;;;;;;;;;;;;;;;;;;;;;;;;;;;;;;;;;;;;;;;;;;;;;;;;;;;;;;;;;;;;;;;;;;;;;;;;;;;;;;;;;;;;;;;;;;;;;;;;;;;;;;;;;;;;;;;;;;;;;;;;;;;;;;;;;;;;;;;;;;;;
4.900;;;;;;;;;;;;;;;;;;;;;;;;;;;;;;;;;;;;;;;;;;;;;;;;;;;;;;;;;;;;;;;;;;;;;;;;;;;;;;;;;;;;;;;;;;;;;;;;;;;;;;;;;;;;;;;;;;;;;;;;;;;;;;;;;;;;;;;;;;;;;;
4.800;;;;;;;;;;;;;;;;;;;;;;;;;;;;;;;;;;;;;;;;;;;;;;;;;;;;;;;;;;;;;;;;;;;;;;;;;;;;;;;;;;;;;;;;;;;;;;;;;;;;;;;;;;;;;;;;;;;;;;;;;;;;;;;;;;;;;;;;;;;;;;
4.700;;;;;;;;;;;;;;;;;;;;;;;;;;;;;;;;;;;;;;;;;;;;;;;;;;;;;;;;;;;;;;;;;;;;;;;;;;;;;;;;;;;;;;;;;;;;;;;;;;;;;;;;;;;;;;;;;;;;;;;;;;;;;;;;;;;;;;;;;;;;;;
4.600;;;;;;;;;;;;;;;;;;;;;;;;;;;;;;;;;;;;;;;;;;;;;;;;;;;;;;;;;;;;;;;7.54;7.55;7.54;7.53;7.51;7.49;7.46;7.43;7.39;7.36;7.32;7.29;7.26;7.24;7.22;7.20;7.19;7.19;7.19;;;;;;;;;;;;;;;;;;;;;;;;;;;;;;;;;;;;;;;;;;;;;;;;;;;;;;;;;;;;;
4.500;;;;;;;;;;;;;;;;;;;;;;;;;;;;;;;;;;;;;;;;;;;;;;;;;;;;;;;;;;;7.41;7.43;7.45;7.47;7.47;7.47;7.47;7.45;7.43;7.41;7.38;7.35;7.31;7.28;7.25;7.22;7.19;7.16;7.14;7.13;7.12;7.12;7.12;7.13;7.14;7.16;7.19;;;;;;;;;;;;;;;;;;;;;;;;;;;;;;;;;;;;;;;;;;;;;;;;;;;;;;;;;
4.400;;;;;;;;;;;;;;;;;;;;;;;;;;;;;;;;;;;;;;;;;;;;;;;;;;;;;;;;7.26;7.29;7.32;7.34;7.36;7.37;7.38;7.39;7.38;7.37;7.36;7.34;7.31;7.29;7.25;7.22;7.19;7.16;7.13;7.10;7.08;7.06;7.05;7.04;7.04;7.04;7.05;7.06;7.08;7.11;7.13;7.17;7.20;;;;;;;;;;;;;;;;;;;;;;;;;;;;;;;;;;;;;;;;;;;;;;;;;;;;;;
4.300;;;;;;;;;;;;;;;;;;;;;;;;;;;;;;;;;;;;;;;;;;;;;;;;;;;;;7.15;7.16;7.18;7.20;7.22;7.24;7.26;7.27;7.28;7.29;7.29;7.28;7.27;7.26;7.24;7.21;7.18;7.16;7.12;7.09;7.07;7.04;7.01;6.99;6.98;6.96;6.95;6.95;6.96;6.96;6.98;6.99;7.02;7.05;7.08;7.11;7.15;7.19;;;;;;;;;;;;;;;;;;;;;;;;;;;;;;;;;;;;;;;;;;;;;;;;;;;;
4.200;;;;;;;;;;;;;;;;;;;;;;;;;;;;;;;;;;;;;;;;;;;;;;;;;;;7.10;7.10;7.10;7.11;7.12;7.13;7.14;7.16;7.17;7.18;7.18;7.19;7.18;7.18;7.17;7.15;7.13;7.11;7.08;7.05;7.02;7.00;6.97;6.94;6.92;6.90;6.89;6.87;6.87;6.87;6.87;6.88;6.89;6.91;6.93;6.96;6.99;7.02;7.06;7.09;7.13;7.18;7.22;;;;;;;;;;;;;;;;;;;;;;;;;;;;;;;;;;;;;;;;;;;;;;;;;
4.100;;;;;;;;;;;;;;;;;;;;;;;;;;;;;;;;;;;;;;;;;;;;;;;;;7.09;7.07;7.05;7.04;7.04;7.04;7.04;7.05;7.06;7.07;7.08;7.08;7.08;7.08;7.08;7.07;7.06;7.04;7.02;7.00;6.98;6.95;6.92;6.90;6.87;6.85;6.83;6.81;6.80;6.79;6.78;6.78;6.78;6.79;6.80;6.82;6.84;6.86;6.89;6.93;6.96;7.00;7.04;7.08;7.12;7.16;;;;;;;;;;;;;;;;;;;;;;;;;;;;;;;;;;;;;;;;;;;;;;;;
4.000;;;;;;;;;;;;;;;;;;;;;;;;;;;;;;;;;;;;;;;;;;;;;;;;7.08;7.04;7.01;6.99;6.98;6.97;6.97;6.97;6.97;6.97;6.98;6.98;6.98;6.98;6.98;6.97;6.96;6.95;6.93;6.92;6.89;6.87;6.85;6.82;6.80;6.78;6.76;6.74;6.72;6.71;6.70;6.70;6.69;6.70;6.71;6.72;6.73;6.75;6.78;6.80;6.83;6.87;6.90;6.94;6.98;7.02;7.06;7.10;7.14;;;;;;;;;;;;;;;;;;;;;;;;;;;;;;;;;;;;;;;;;;;;;;
3.900;;;;;;;;;;;;;;;;;;;;;;;;;;;;;;;;;;;;;;;;;;;;;;7.14;7.08;7.03;6.99;6.96;6.93;6.91;6.90;6.89;6.89;6.89;6.89;6.89;6.89;6.89;6.88;6.88;6.87;6.86;6.85;6.83;6.81;6.79;6.77;6.75;6.73;6.71;6.69;6.67;6.65;6.64;6.63;6.62;6.61;6.61;6.62;6.62;6.64;6.65;6.67;6.69;6.72;6.75;6.78;6.81;6.85;6.88;6.92;6.96;7.00;7.04;7.08;7.12;;;;;;;;;;;;;;;;;;;;;;;;;;;;;;;;;;;;;;;;;;;;
3.800;;;;;;;;;;;;;;;;;;;;;;;;;;;;;;;;;;;;;;;;;;;;;7.17;7.09;7.03;6.98;6.93;6.90;6.87;6.85;6.83;6.82;6.81;6.81;6.80;6.80;6.80;6.79;6.79;6.78;6.77;6.76;6.75;6.73;6.72;6.70;6.68;6.66;6.64;6.62;6.60;6.58;6.57;6.56;6.55;6.54;6.54;6.54;6.54;6.55;6.56;6.57;6.59;6.61;6.64;6.66;6.69;6.72;6.76;6.79;6.83;6.87;6.91;6.95;6.99;7.03;7.07;;;;;;;;;;;;;;;;;;;;;;;;;;;;;;;;;;;;;;;;;;;
3.700;;;;;;;;;;;;;;;;;;;;;;;;;;;;;;;;;;;;;;;;;;;7.31;7.20;7.12;7.04;6.98;6.92;6.87;6.84;6.81;6.78;6.76;6.75;6.74;6.73;6.72;6.71;6.71;6.70;6.70;6.69;6.68;6.67;6.66;6.64;6.63;6.61;6.59;6.57;6.55;6.54;6.52;6.51;6.49;6.48;6.47;6.47;6.47;6.47;6.47;6.48;6.49;6.50;6.52;6.54;6.56;6.59;6.61;6.64;6.67;6.71;6.74;6.78;6.82;6.86;6.90;6.94;6.98;7.02;;;;;;;;;;;;;;;;;;;;;;;;;;;;;;;;;;;;;;;;;;
3.600;;;;;;;;;;;;;;;;;;;;;;;;;;;;;;;;;;;;;;;;;;7.36;7.24;7.14;7.06;6.98;6.92;6.86;6.82;6.78;6.74;6.72;6.70;6.68;6.66;6.65;6.64;6.64;6.63;6.62;6.61;6.60;6.59;6.58;6.57;6.56;6.54;6.53;6.51;6.49;6.48;6.46;6.45;6.43;6.42;6.41;6.41;6.40;6.40;6.40;6.41;6.41;6.42;6.44;6.45;6.47;6.49;6.51;6.54;6.57;6.60;6.63;6.66;6.70;6.73;6.77;6.81;6.85;6.89;6.94;6.98;7.03;;;;;;;;;;;;;;;;;;;;;;;;;;;;;;;;;;;;;;;;
3.500;;;;;;;;;;;;;;;;;;;;;;;;;;;;;;;;;;;;;;;;;7.41;7.29;7.18;7.08;7.00;6.92;6.86;6.81;6.76;6.72;6.68;6.66;6.63;6.61;6.60;6.58;6.57;6.56;6.55;6.55;6.54;6.53;6.52;6.50;6.49;6.48;6.46;6.45;6.43;6.42;6.40;6.39;6.38;6.37;6.36;6.35;6.34;6.34;6.34;6.34;6.35;6.35;6.36;6.38;6.39;6.41;6.43;6.45;6.47;6.50;6.52;6.55;6.59;6.62;6.65;6.69;6.73;6.77;6.81;6.86;6.90;6.95;7.00;;;;;;;;;;;;;;;;;;;;;;;;;;;;;;;;;;;;;;;
3.400;;;;;;;;;;;;;;;;;;;;;;;;;;;;;;;;;;;;;;;;7.46;7.33;7.22;7.11;7.02;6.94;6.87;6.80;6.75;6.70;6.66;6.63;6.60;6.57;6.55;6.54;6.52;6.51;6.50;6.49;6.48;6.47;6.46;6.44;6.43;6.42;6.41;6.39;6.38;6.36;6.35;6.34;6.33;6.31;6.30;6.30;6.29;6.29;6.28;6.28;6.29;6.29;6.30;6.31;6.32;6.33;6.35;6.37;6.39;6.41;6.43;6.46;6.49;6.52;6.55;6.58;6.62;6.65;6.69;6.73;6.78;6.83;6.87;6.93;6.98;;;;;;;;;;;;;;;;;;;;;;;;;;;;;;;;;;;;;;
3.300;;;;;;;;;;;;;;;;;;;;;;;;;;;;;;;;;;;;;;;7.51;7.37;7.25;7.14;7.05;6.96;6.88;6.81;6.75;6.70;6.65;6.61;6.57;6.54;6.52;6.50;6.48;6.46;6.45;6.44;6.43;6.41;6.40;6.39;6.38;6.37;6.36;6.34;6.33;6.32;6.30;6.29;6.28;6.27;6.26;6.25;6.24;6.24;6.24;6.23;6.24;6.24;6.24;6.25;6.26;6.27;6.28;6.30;6.32;6.33;6.35;6.38;6.40;6.42;6.45;6.48;6.51;6.55;6.58;6.62;6.66;6.71;6.75;6.80;6.85;6.91;6.97;;;;;;;;;;;;;;;;;;;;;;;;;;;;;;;;;;;;;
3.200;;;;;;;;;;;;;;;;;;;;;;;;;;;;;;;;;;;;;;7.55;7.41;7.29;7.17;7.07;6.98;6.90;6.82;6.75;6.70;6.64;6.60;6.56;6.53;6.50;6.47;6.45;6.43;6.41;6.40;6.38;6.37;6.36;6.35;6.34;6.32;6.31;6.30;6.29;6.27;6.26;6.25;6.24;6.23;6.22;6.21;6.20;6.20;6.19;6.19;6.19;6.19;6.20;6.20;6.21;6.22;6.23;6.24;6.25;6.27;6.29;6.30;6.32;6.35;6.37;6.39;6.42;6.45;6.48;6.52;6.55;6.59;6.64;6.68;6.73;6.78;6.84;6.90;6.96;;;;;;;;;;;;;;;;;;;;;;;;;;;;;;;;;;;;
3.100;;;;;;;;;;;;;;;;;;;;;;;;;;;;;;;;;;;;;7.57;7.44;7.31;7.20;7.10;7.00;6.91;6.84;6.77;6.70;6.65;6.60;6.55;6.52;6.48;6.45;6.43;6.41;6.39;6.37;6.35;6.34;6.33;6.31;6.30;6.29;6.27;6.26;6.25;6.24;6.22;6.21;6.20;6.19;6.18;6.17;6.16;6.16;6.15;6.15;6.15;6.15;6.15;6.16;6.16;6.17;6.18;6.19;6.20;6.21;6.23;6.24;6.26;6.28;6.30;6.32;6.34;6.37;6.40;6.43;6.46;6.49;6.53;6.57;6.62;6.67;6.72;6.77;6.83;6.90;6.97;;;;;;;;;;;;;;;;;;;;;;;;;;;;;;;;;;;
3.000;;;;;;;;;;;;;;;;;;;;;;;;;;;;;;;;;;;;7.59;7.46;7.33;7.22;7.12;7.02;6.93;6.85;6.78;6.71;6.65;6.60;6.55;6.51;6.47;6.44;6.41;6.39;6.37;6.35;6.33;6.31;6.30;6.29;6.27;6.26;6.25;6.23;6.22;6.21;6.19;6.18;6.17;6.16;6.15;6.14;6.13;6.12;6.12;6.12;6.12;6.12;6.12;6.12;6.13;6.13;6.14;6.15;6.16;6.17;6.18;6.19;6.21;6.22;6.24;6.25;6.27;6.30;6.32;6.35;6.37;6.40;6.44;6.47;6.51;6.56;6.61;6.66;6.71;6.77;6.83;6.90;6.97;;;;;;;;;;;;;;;;;;;;;;;;;;;;;;;;;;
2.900;;;;;;;;;;;;;;;;;;;;;;;;;;;;;;;;;;;7.59;7.46;7.34;7.23;7.13;7.03;6.95;6.86;6.79;6.72;6.66;6.61;6.56;6.51;6.47;6.44;6.41;6.38;6.36;6.34;6.32;6.30;6.28;6.27;6.25;6.24;6.22;6.21;6.20;6.18;6.17;6.16;6.14;6.13;6.12;6.11;6.10;6.10;6.09;6.09;6.09;6.08;6.09;6.09;6.09;6.10;6.10;6.11;6.12;6.13;6.14;6.15;6.16;6.17;6.19;6.20;6.22;6.23;6.25;6.28;6.30;6.33;6.36;6.39;6.42;6.46;6.50;6.55;6.60;6.65;6.71;6.77;6.84;6.91;;;;;;;;;;;;;;;;;;;;;;;;;;;;;;;;;;
2.800;;;;;;;;;;;;;;;;;;;;;;;;;;;;;;;;;;;7.46;7.34;7.24;7.14;7.04;6.96;6.88;6.80;6.73;6.67;6.61;6.56;6.52;6.48;6.44;6.41;6.38;6.35;6.33;6.31;6.29;6.27;6.26;6.24;6.23;6.21;6.20;6.18;6.17;6.15;6.14;6.13;6.11;6.10;6.09;6.08;6.07;6.07;6.06;6.06;6.06;6.06;6.06;6.06;6.07;6.07;6.08;6.09;6.10;6.10;6.11;6.12;6.13;6.14;6.16;6.17;6.18;6.20;6.22;6.24;6.26;6.29;6.31;6.34;6.38;6.41;6.45;6.50;6.54;6.60;6.65;6.71;6.78;6.85;6.93;;;;;;;;;;;;;;;;;;;;;;;;;;;;;;;;;
2.700;;;;;;;;;;;;;;;;;;;;;;;;;;;;;;;;;;7.44;7.33;7.23;7.14;7.05;6.96;6.88;6.81;6.74;6.68;6.62;6.57;6.52;6.48;6.44;6.41;6.38;6.35;6.33;6.31;6.29;6.27;6.25;6.24;6.22;6.21;6.19;6.18;6.16;6.15;6.13;6.12;6.10;6.09;6.08;6.07;6.06;6.05;6.04;6.04;6.04;6.04;6.04;6.04;6.04;6.05;6.05;6.06;6.07;6.07;6.08;6.09;6.10;6.11;6.12;6.13;6.14;6.16;6.17;6.19;6.20;6.23;6.25;6.27;6.30;6.33;6.37;6.41;6.45;6.50;6.55;6.60;6.66;6.72;6.79;6.86;6.94;;;;;;;;;;;;;;;;;;;;;;;;;;;;;;;;
2.600;;;;;;;;;;;;;;;;;;;;;;;;;;;;;;;;;7.42;7.32;7.22;7.13;7.04;6.96;6.88;6.81;6.75;6.68;6.63;6.58;6.53;6.49;6.45;6.41;6.38;6.35;6.33;6.31;6.29;6.27;6.25;6.24;6.22;6.21;6.19;6.18;6.16;6.14;6.13;6.11;6.10;6.08;6.07;6.06;6.05;6.04;6.03;6.02;6.02;6.02;6.02;6.02;6.02;6.02;6.03;6.04;6.04;6.05;6.06;6.07;6.07;6.08;6.09;6.10;6.11;6.12;6.13;6.14;6.16;6.18;6.19;6.22;6.24;6.27;6.30;6.33;6.37;6.41;6.45;6.50;6.55;6.61;6.67;6.73;6.80;6.88;6.96;;;;;;;;;;;;;;;;;;;;;;;;;;;;;;;
2.500;;;;;;;;;;;;;;;;;;;;;;;;;;;;;;;;7.39;7.30;7.21;7.12;7.04;6.96;6.88;6.81;6.75;6.69;6.63;6.58;6.53;6.49;6.45;6.42;6.39;6.36;6.33;6.31;6.29;6.27;6.26;6.24;6.23;6.21;6.20;6.18;6.17;6.15;6.13;6.12;6.10;6.09;6.07;6.06;6.04;6.03;6.02;6.01;6.01;6.00;6.00;6.00;6.00;6.00;6.01;6.01;6.02;6.03;6.04;6.04;6.05;6.06;6.07;6.07;6.08;6.09;6.10;6.11;6.12;6.13;6.15;6.17;6.19;6.21;6.23;6.26;6.29;6.33;6.37;6.41;6.45;6.50;6.56;6.62;6.68;6.75;6.82;6.90;;;;;;;;;;;;;;;;;;;;;;;;;;;;;;;
2.400;;;;;;;;;;;;;;;;;;;;;;;;;;;;;;;;7.28;7.19;7.10;7.02;6.95;6.88;6.81;6.74;6.68;6.63;6.58;6.53;6.49;6.45;6.42;6.39;6.36;6.34;6.32;6.30;6.28;6.26;6.25;6.23;6.22;6.21;6.19;6.18;6.16;6.15;6.13;6.11;6.10;6.08;6.06;6.05;6.03;6.02;6.01;6.00;5.99;5.99;5.99;5.99;5.99;5.99;6.00;6.00;6.01;6.02;6.02;6.03;6.04;6.04;6.05;6.06;6.07;6.07;6.08;6.09;6.10;6.11;6.13;6.14;6.16;6.18;6.21;6.23;6.26;6.29;6.33;6.37;6.41;6.46;6.51;6.57;6.63;6.69;6.76;6.84;6.92;;;;;;;;;;;;;;;;;;;;;;;;;;;;;;
2.300;;;;;;;;;;;;;;;;;;;;;;;;;;;;;;;7.26;7.17;7.09;7.01;6.94;6.87;6.80;6.74;6.68;6.63;6.58;6.53;6.49;6.45;6.42;6.39;6.36;6.34;6.32;6.30;6.28;6.27;6.26;6.24;6.23;6.22;6.21;6.19;6.18;6.16;6.15;6.13;6.11;6.09;6.07;6.06;6.04;6.02;6.01;6.00;5.99;5.98;5.98;5.97;5.97;5.98;5.98;5.99;5.99;6.00;6.00;6.01;6.02;6.03;6.03;6.04;6.04;6.05;6.06;6.07;6.07;6.08;6.09;6.11;6.12;6.14;6.16;6.18;6.21;6.23;6.26;6.30;6.34;6.38;6.42;6.47;6.52;6.58;6.64;6.71;6.78;6.85;;;;;;;;;;;;;;;;;;;;;;;;;;;;;;
2.200;;;;;;;;;;;;;;;;;;;;;;;;;;;;;;;7.16;7.08;7.00;6.93;6.86;6.79;6.73;6.67;6.62;6.57;6.53;6.49;6.45;6.42;6.39;6.36;6.34;6.32;6.30;6.28;6.27;6.26;6.25;6.24;6.23;6.22;6.21;6.20;6.18;6.17;6.15;6.13;6.11;6.09;6.07;6.06;6.04;6.02;6.00;5.99;5.98;5.97;5.97;5.96;5.96;5.97;5.97;5.98;5.98;5.99;5.99;6.00;6.01;6.02;6.02;6.03;6.03;6.04;6.05;6.05;6.06;6.07;6.08;6.09;6.10;6.12;6.14;6.16;6.18;6.21;6.24;6.27;6.31;6.34;6.39;6.43;6.48;6.53;6.59;6.65;6.72;6.79;6.87;;;;;;;;;;;;;;;;;;;;;;;;;;;;;
2.100;;;;;;;;;;;;;;;;;;;;;;;;;;;;;;7.15;7.07;6.99;6.92;6.85;6.79;6.73;6.67;6.62;6.57;6.52;6.48;6.44;6.41;6.38;6.36;6.33;6.31;6.30;6.28;6.27;6.26;6.25;6.25;6.24;6.23;6.22;6.21;6.20;6.19;6.17;6.16;6.14;6.12;6.10;6.08;6.06;6.04;6.02;6.00;5.99;5.98;5.97;5.96;5.96;5.96;5.96;5.96;5.97;5.97;5.98;5.99;5.99;6.00;6.01;6.01;6.02;6.02;6.03;6.03;6.04;6.05;6.05;6.06;6.07;6.09;6.10;6.12;6.14;6.16;6.19;6.21;6.24;6.28;6.31;6.35;6.40;6.44;6.49;6.55;6.61;6.67;6.74;6.81;;;;;;;;;;;;;;;;;;;;;;;;;;;;;
2.000;;;;;;;;;;;;;;;;;;;;;;;;;;;;;;7.07;7.00;6.92;6.85;6.79;6.72;6.67;6.61;6.56;6.52;6.48;6.44;6.40;6.37;6.35;6.33;6.31;6.29;6.28;6.27;6.26;6.25;6.25;6.24;6.24;6.23;6.23;6.22;6.21;6.20;6.18;6.17;6.15;6.13;6.11;6.09;6.06;6.04;6.02;6.00;5.99;5.97;5.96;5.95;5.95;5.95;5.95;5.95;5.96;5.96;5.97;5.98;5.98;5.99;6.00;6.00;6.01;6.01;6.02;6.02;6.03;6.03;6.04;6.05;6.06;6.07;6.09;6.10;6.12;6.14;6.17;6.19;6.22;6.25;6.29;6.32;6.36;6.41;6.45;6.51;6.56;6.62;6.68;6.75;6.83;;;;;;;;;;;;;;;;;;;;;;;;;;;;
1.900;;;;;;;;;;;;;;;;;;;;;;;;;;;;;7.09;7.01;6.93;6.86;6.79;6.73;6.67;6.61;6.56;6.51;6.47;6.43;6.40;6.37;6.34;6.32;6.30;6.28;6.27;6.26;6.25;6.25;6.24;6.24;6.24;6.24;6.24;6.23;6.23;6.22;6.21;6.19;6.18;6.16;6.14;6.12;6.09;6.07;6.05;6.02;6.00;5.99;5.97;5.96;5.95;5.94;5.94;5.94;5.94;5.95;5.95;5.96;5.97;5.97;5.98;5.99;5.99;6.00;6.00;6.01;6.01;6.02;6.02;6.03;6.04;6.05;6.06;6.07;6.09;6.11;6.13;6.15;6.17;6.20;6.23;6.26;6.30;6.34;6.38;6.42;6.47;6.52;6.57;6.63;6.70;6.77;;;;;;;;;;;;;;;;;;;;;;;;;;;;
1.800;;;;;;;;;;;;;;;;;;;;;;;;;;;;;7.03;6.95;6.87;6.80;6.73;6.67;6.61;6.56;6.51;6.47;6.43;6.39;6.36;6.33;6.31;6.29;6.27;6.26;6.25;6.24;6.24;6.24;6.24;6.24;6.24;6.24;6.24;6.24;6.23;6.23;6.22;6.21;6.19;6.17;6.15;6.13;6.11;6.08;6.05;6.03;6.01;5.99;5.97;5.95;5.94;5.94;5.93;5.93;5.94;5.94;5.94;5.95;5.96;5.96;5.97;5.98;5.98;5.99;5.99;6.00;6.00;6.01;6.01;6.02;6.03;6.04;6.05;6.06;6.08;6.09;6.11;6.13;6.16;6.18;6.21;6.24;6.27;6.31;6.35;6.39;6.43;6.48;6.53;6.59;6.65;6.71;6.79;;;;;;;;;;;;;;;;;;;;;;;;;;;
1.700;;;;;;;;;;;;;;;;;;;;;;;;;;;;;6.98;6.90;6.82;6.75;6.69;6.63;6.57;6.52;6.47;6.43;6.39;6.36;6.33;6.30;6.28;6.26;6.25;6.24;6.23;6.23;6.22;6.22;6.23;6.23;6.23;6.24;6.24;6.24;6.24;6.24;6.23;6.22;6.21;6.19;6.17;6.14;6.12;6.09;6.06;6.04;6.01;5.99;5.97;5.95;5.94;5.93;5.93;5.92;5.93;5.93;5.93;5.94;5.95;5.95;5.96;5.96;5.97;5.98;5.98;5.98;5.99;6.00;6.00;6.01;6.02;6.03;6.04;6.05;6.06;6.08;6.10;6.12;6.14;6.17;6.19;6.22;6.25;6.28;6.32;6.36;6.40;6.44;6.49;6.54;6.60;6.66;6.73;;;;;;;;;;;;;;;;;;;;;;;;;;;
1.600;;;;;;;;;;;;;;;;;;;;;;;;;;;;7.03;6.94;6.86;6.78;6.71;6.65;6.59;6.53;6.48;6.43;6.39;6.36;6.32;6.30;6.27;6.25;6.24;6.22;6.22;6.21;6.21;6.21;6.21;6.22;6.22;6.23;6.23;6.24;6.24;6.25;6.24;6.24;6.23;6.22;6.20;6.18;6.16;6.13;6.10;6.07;6.04;6.02;5.99;5.97;5.95;5.93;5.92;5.92;5.92;5.92;5.92;5.92;5.93;5.94;5.94;5.95;5.95;5.96;5.96;5.97;5.97;5.98;5.98;5.99;6.00;6.01;6.02;6.03;6.04;6.05;6.07;6.09;6.11;6.13;6.15;6.18;6.20;6.23;6.26;6.30;6.33;6.37;6.41;6.46;6.51;6.56;6.62;6.68;6.76;;;;;;;;;;;;;;;;;;;;;;;;;;
1.500;;;;;;;;;;;;;;;;;;;;;;;;;;;;7.00;6.90;6.82;6.74;6.67;6.61;6.55;6.50;6.45;6.40;6.36;6.33;6.30;6.27;6.25;6.23;6.21;6.20;6.20;6.19;6.19;6.19;6.20;6.20;6.21;6.22;6.23;6.24;6.24;6.25;6.25;6.25;6.24;6.23;6.22;6.20;6.17;6.15;6.12;6.08;6.05;6.02;5.99;5.97;5.94;5.93;5.92;5.91;5.91;5.91;5.91;5.91;5.92;5.92;5.93;5.94;5.94;5.95;5.95;5.96;5.96;5.97;5.97;5.98;5.99;6.00;6.01;6.02;6.03;6.04;6.06;6.08;6.09;6.12;6.14;6.16;6.19;6.21;6.24;6.27;6.31;6.34;6.38;6.42;6.47;6.52;6.58;6.64;6.71;;;;;;;;;;;;;;;;;;;;;;;;;;
1.400;;;;;;;;;;;;;;;;;;;;;;;;;;;7.07;6.97;6.88;6.79;6.71;6.64;6.58;6.52;6.47;6.42;6.37;6.34;6.30;6.27;6.24;6.22;6.20;6.19;6.18;6.18;6.17;6.17;6.18;6.18;6.19;6.20;6.21;6.22;6.23;6.24;6.25;6.25;6.25;6.25;6.24;6.23;6.21;6.19;6.16;6.13;6.10;6.06;6.03;5.99;5.97;5.94;5.92;5.91;5.90;5.90;5.89;5.90;5.90;5.91;5.91;5.92;5.92;5.93;5.94;5.94;5.95;5.95;5.96;5.96;5.97;5.98;5.99;6.00;6.01;6.02;6.03;6.05;6.07;6.08;6.10;6.13;6.15;6.17;6.20;6.23;6.25;6.29;6.32;6.36;6.40;6.44;6.49;6.54;6.60;6.67;;;;;;;;;;;;;;;;;;;;;;;;;;
1.300;;;;;;;;;;;;;;;;;;;;;;;;;;;7.05;6.95;6.85;6.77;6.69;6.62;6.56;6.50;6.44;6.39;6.35;6.31;6.28;6.25;6.22;6.20;6.18;6.17;6.16;6.16;6.15;6.16;6.16;6.17;6.18;6.19;6.20;6.21;6.23;6.24;6.25;6.25;6.26;6.26;6.25;6.24;6.22;6.20;6.17;6.14;6.11;6.07;6.03;6.00;5.96;5.94;5.92;5.90;5.89;5.88;5.88;5.88;5.89;5.89;5.90;5.91;5.91;5.92;5.92;5.93;5.94;5.94;5.95;5.95;5.96;5.97;5.98;5.99;6.00;6.01;6.03;6.04;6.06;6.08;6.09;6.11;6.14;6.16;6.18;6.21;6.24;6.27;6.30;6.33;6.37;6.41;6.46;6.51;6.57;6.63;6.70;;;;;;;;;;;;;;;;;;;;;;;;;
1.200;;;;;;;;;;;;;;;;;;;;;;;;;;;7.03;6.93;6.83;6.75;6.67;6.60;6.53;6.48;6.42;6.37;6.33;6.29;6.26;6.23;6.20;6.18;6.17;6.15;6.14;6.14;6.14;6.14;6.14;6.15;6.16;6.17;6.19;6.20;6.21;6.23;6.24;6.25;6.26;6.26;6.26;6.25;6.23;6.21;6.19;6.15;6.12;6.08;6.04;6.00;5.96;5.93;5.91;5.89;5.88;5.87;5.87;5.87;5.88;5.88;5.89;5.89;5.90;5.91;5.91;5.92;5.92;5.93;5.94;5.94;5.95;5.96;5.97;5.98;5.99;6.00;6.02;6.03;6.05;6.07;6.09;6.11;6.13;6.15;6.17;6.20;6.22;6.25;6.28;6.31;6.35;6.39;6.43;6.48;6.54;6.60;6.67;;;;;;;;;;;;;;;;;;;;;;;;;
1.100;;;;;;;;;;;;;;;;;;;;;;;;;;;7.02;6.92;6.82;6.73;6.65;6.58;6.52;6.46;6.41;6.36;6.31;6.28;6.24;6.21;6.19;6.17;6.15;6.14;6.13;6.12;6.12;6.12;6.13;6.13;6.14;6.16;6.17;6.18;6.20;6.22;6.23;6.24;6.25;6.26;6.26;6.25;6.24;6.22;6.20;6.17;6.13;6.09;6.04;6.00;5.96;5.93;5.90;5.88;5.87;5.86;5.86;5.86;5.87;5.87;5.88;5.88;5.89;5.90;5.90;5.91;5.91;5.92;5.93;5.93;5.94;5.95;5.96;5.97;5.98;6.00;6.01;6.03;6.04;6.06;6.08;6.10;6.12;6.14;6.16;6.18;6.21;6.24;6.27;6.30;6.33;6.37;6.41;6.46;6.51;6.57;6.64;;;;;;;;;;;;;;;;;;;;;;;;;
1.000;;;;;;;;;;;;;;;;;;;;;;;;;;7.13;7.01;6.91;6.81;6.72;6.64;6.57;6.51;6.45;6.39;6.34;6.30;6.26;6.23;6.20;6.17;6.15;6.13;6.12;6.11;6.11;6.10;6.10;6.11;6.12;6.13;6.14;6.15;6.17;6.18;6.20;6.21;6.23;6.24;6.25;6.25;6.25;6.24;6.23;6.21;6.18;6.14;6.09;6.05;6.00;5.96;5.92;5.89;5.87;5.86;5.85;5.85;5.85;5.86;5.86;5.87;5.87;5.88;5.89;5.89;5.90;5.91;5.91;5.92;5.93;5.94;5.94;5.95;5.97;5.98;5.99;6.00;6.02;6.04;6.05;6.07;6.09;6.11;6.13;6.15;6.17;6.20;6.22;6.25;6.28;6.32;6.35;6.39;6.44;6.49;6.55;6.62;;;;;;;;;;;;;;;;;;;;;;;;;
0.900;;;;;;;;;;;;;;;;;;;;;;;;;;7.13;7.01;6.90;6.80;6.71;6.63;6.56;6.50;6.44;6.38;6.33;6.29;6.25;6.22;6.19;6.16;6.14;6.12;6.11;6.10;6.09;6.09;6.09;6.09;6.10;6.11;6.12;6.13;6.15;6.16;6.18;6.20;6.21;6.22;6.24;6.24;6.25;6.24;6.23;6.21;6.18;6.15;6.10;6.05;6.00;5.96;5.92;5.88;5.86;5.85;5.84;5.84;5.84;5.85;5.85;5.86;5.87;5.87;5.88;5.89;5.89;5.90;5.91;5.91;5.92;5.93;5.94;5.95;5.96;5.97;5.99;6.00;6.01;6.03;6.05;6.06;6.08;6.10;6.12;6.14;6.17;6.19;6.21;6.24;6.27;6.30;6.34;6.38;6.43;6.48;6.54;6.60;;;;;;;;;;;;;;;;;;;;;;;;;
0.800;;;;;;;;;;;;;;;;;;;;;;;;;;7.12;7.00;6.89;6.79;6.70;6.63;6.55;6.49;6.43;6.38;6.33;6.28;6.24;6.21;6.18;6.15;6.13;6.11;6.10;6.09;6.08;6.08;6.07;6.08;6.08;6.09;6.10;6.11;6.13;6.14;6.16;6.17;6.19;6.21;6.22;6.23;6.23;6.23;6.23;6.21;6.19;6.15;6.11;6.06;6.01;5.95;5.91;5.87;5.85;5.84;5.83;5.83;5.84;5.84;5.85;5.86;5.86;5.87;5.88;5.88;5.89;5.89;5.90;5.91;5.92;5.92;5.93;5.94;5.96;5.97;5.98;5.99;6.01;6.03;6.04;6.06;6.08;6.10;6.12;6.14;6.16;6.18;6.21;6.23;6.26;6.29;6.33;6.37;6.41;6.47;6.52;6.59;6.67;;;;;;;;;;;;;;;;;;;;;;;;
0.700;;;;;;;;;;;;;;;;;;;;;;;;;;7.11;6.99;6.88;6.79;6.70;6.62;6.55;6.48;6.42;6.37;6.32;6.28;6.24;6.21;6.17;6.15;6.12;6.11;6.09;6.08;6.07;6.06;6.06;6.06;6.07;6.07;6.08;6.09;6.10;6.12;6.13;6.15;6.17;6.18;6.20;6.21;6.22;6.22;6.22;6.21;6.19;6.16;6.12;6.07;6.01;5.95;5.90;5.86;5.84;5.83;5.83;5.83;5.84;5.84;5.85;5.86;5.86;5.87;5.88;5.88;5.89;5.89;5.90;5.91;5.91;5.92;5.93;5.94;5.95;5.96;5.98;5.99;6.01;6.02;6.04;6.06;6.07;6.09;6.11;6.13;6.15;6.17;6.20;6.22;6.25;6.29;6.32;6.36;6.41;6.46;6.52;6.59;6.66;;;;;;;;;;;;;;;;;;;;;;;;
0.600;;;;;;;;;;;;;;;;;;;;;;;;;;7.11;6.98;6.88;6.78;6.69;6.62;6.54;6.48;6.42;6.37;6.32;6.28;6.24;6.20;6.17;6.14;6.12;6.10;6.08;6.07;6.06;6.05;6.05;6.05;6.05;6.06;6.06;6.07;6.08;6.10;6.11;6.12;6.14;6.16;6.17;6.18;6.20;6.20;6.21;6.20;6.19;6.17;6.13;6.07;6.01;5.95;5.89;5.86;5.83;5.83;5.83;5.83;5.84;5.85;5.86;5.86;5.87;5.87;5.88;5.88;5.89;5.89;5.90;5.91;5.91;5.92;5.93;5.94;5.95;5.96;5.98;5.99;6.00;6.02;6.04;6.05;6.07;6.09;6.11;6.13;6.15;6.17;6.19;6.22;6.25;6.28;6.32;6.36;6.40;6.45;6.51;6.58;6.66;;;;;;;;;;;;;;;;;;;;;;;;
0.500;;;;;;;;;;;;;;;;;;;;;;;;;;7.10;6.98;6.87;6.77;6.69;6.61;6.54;6.48;6.42;6.37;6.32;6.28;6.24;6.20;6.17;6.14;6.12;6.10;6.08;6.07;6.05;6.05;6.04;6.04;6.04;6.04;6.05;6.05;6.06;6.07;6.09;6.10;6.11;6.13;6.14;6.16;6.17;6.18;6.19;6.19;6.18;6.17;6.13;6.08;6.01;5.94;5.89;5.85;5.83;5.83;5.84;5.84;5.85;5.86;5.87;5.87;5.88;5.88;5.89;5.89;5.89;5.90;5.90;5.91;5.91;5.92;5.93;5.94;5.95;5.96;5.98;5.99;6.00;6.02;6.03;6.05;6.07;6.09;6.10;6.12;6.14;6.17;6.19;6.22;6.25;6.28;6.31;6.35;6.40;6.45;6.51;6.58;6.67;;;;;;;;;;;;;;;;;;;;;;;;
0.400;;;;;;;;;;;;;;;;;;;;;;;;;;7.08;6.97;6.86;6.77;6.68;6.61;6.54;6.48;6.42;6.37;6.32;6.28;6.24;6.20;6.17;6.14;6.12;6.10;6.08;6.06;6.05;6.04;6.03;6.03;6.03;6.03;6.03;6.04;6.04;6.05;6.06;6.07;6.09;6.10;6.11;6.12;6.14;6.15;6.16;6.17;6.17;6.16;6.14;6.09;6.02;5.94;5.88;5.84;5.84;5.84;5.85;5.86;5.87;5.88;5.89;5.89;5.89;5.90;5.90;5.90;5.90;5.90;5.91;5.91;5.92;5.93;5.93;5.94;5.95;5.96;5.98;5.99;6.00;6.02;6.03;6.05;6.07;6.08;6.10;6.12;6.14;6.16;6.19;6.21;6.24;6.28;6.31;6.35;6.40;6.46;6.52;6.59;6.67;;;;;;;;;;;;;;;;;;;;;;;;
0.300;;;;;;;;;;;;;;;;;;;;;;;;;;7.07;6.95;6.85;6.76;6.68;6.60;6.54;6.47;6.42;6.37;6.32;6.28;6.24;6.20;6.17;6.14;6.12;6.10;6.08;6.06;6.05;6.04;6.03;6.02;6.02;6.02;6.02;6.02;6.03;6.03;6.04;6.05;6.06;6.07;6.08;6.09;6.11;6.12;6.13;6.14;6.15;6.15;6.14;6.10;6.03;5.94;5.87;5.85;5.85;5.87;5.88;5.89;5.90;5.91;5.91;5.91;5.91;5.91;5.91;5.91;5.91;5.92;5.92;5.92;5.93;5.93;5.94;5.95;5.96;5.97;5.98;5.99;6.00;6.02;6.03;6.05;6.07;6.08;6.10;6.12;6.14;6.16;6.19;6.21;6.24;6.28;6.31;6.36;6.41;6.46;6.52;6.60;6.69;;;;;;;;;;;;;;;;;;;;;;;;
0.200;;;;;;;;;;;;;;;;;;;;;;;;;7.18;7.05;6.94;6.84;6.75;6.67;6.60;6.53;6.47;6.42;6.37;6.32;6.28;6.24;6.21;6.17;6.15;6.12;6.10;6.08;6.06;6.05;6.04;6.03;6.02;6.01;6.01;6.01;6.01;6.02;6.02;6.03;6.03;6.04;6.05;6.06;6.07;6.08;6.09;6.09;6.10;6.11;6.12;6.12;6.11;6.05;5.94;5.87;5.87;5.90;5.91;5.93;5.93;5.94;5.94;5.94;5.94;5.93;5.93;5.93;5.93;5.93;5.93;5.93;5.93;5.94;5.94;5.95;5.95;5.96;5.97;5.98;5.99;6.01;6.02;6.04;6.05;6.07;6.08;6.10;6.12;6.14;6.16;6.19;6.22;6.25;6.28;6.32;6.36;6.41;6.47;6.53;6.61;6.70;;;;;;;;;;;;;;;;;;;;;;;;
0.100;;;;;;;;;;;;;;;;;;;;;;;;;7.15;7.03;6.92;6.83;6.74;6.66;6.59;6.53;6.47;6.42;6.37;6.32;6.28;6.24;6.21;6.18;6.15;6.12;6.10;6.08;6.06;6.05;6.04;6.02;6.02;6.01;6.01;6.01;6.00;6.01;6.01;6.01;6.02;6.02;6.03;6.04;6.04;6.05;6.06;6.06;6.07;6.08;6.09;6.09;6.10;6.08;5.94;5.90;5.94;5.96;5.97;5.98;5.98;5.97;5.97;5.97;5.96;5.96;5.95;5.95;5.95;5.94;5.94;5.94;5.94;5.95;5.95;5.96;5.96;5.97;5.98;5.99;6.00;6.01;6.02;6.04;6.05;6.07;6.09;6.10;6.12;6.14;6.17;6.19;6.22;6.25;6.28;6.32;6.37;6.42;6.48;6.55;6.63;6.72;;;;;;;;;;;;;;;;;;;;;;;;
0.000;;;;;;;;;;;;;;;;;;;;;;;;;7.13;7.01;6.91;6.81;6.73;6.66;6.59;6.53;6.47;6.42;6.37;6.33;6.28;6.25;6.21;6.18;6.15;6.13;6.10;6.08;6.07;6.05;6.04;6.03;6.02;6.01;6.00;6.00;6.00;6.00;6.00;6.00;6.01;6.01;6.02;6.02;6.03;6.03;6.04;6.04;6.04;6.05;6.05;6.05;6.05;6.05;5.99;6.04;6.04;6.03;6.03;6.02;6.01;6.01;6.00;5.99;5.99;5.98;5.97;5.97;5.96;5.96;5.96;5.96;5.96;5.96;5.96;5.97;5.97;5.98;5.99;6.00;6.01;6.02;6.03;6.04;6.06;6.07;6.09;6.11;6.12;6.15;6.17;6.19;6.22;6.25;6.29;6.33;6.38;6.43;6.49;6.56;6.64;6.74;;;;;;;;;;;;;;;;;;;;;;;;
-0.100;;;;;;;;;;;;;;;;;;;;;;;;;7.10;6.99;6.89;6.80;6.72;6.65;6.58;6.52;6.47;6.42;6.37;6.33;6.29;6.25;6.22;6.19;6.16;6.13;6.11;6.09;6.07;6.05;6.04;6.03;6.02;6.01;6.00;6.00;6.00;6.00;6.00;6.00;6.00;6.01;6.01;6.01;6.02;6.02;6.03;6.03;6.03;6.03;6.02;6.01;5.99;5.95;5.94;6.04;6.06;6.06;6.05;6.05;6.04;6.03;6.02;6.01;6.01;6.00;5.99;5.99;5.98;5.98;5.97;5.97;5.97;5.97;5.98;5.98;5.98;5.99;6.00;6.00;6.01;6.02;6.04;6.05;6.06;6.08;6.09;6.11;6.13;6.15;6.17;6.20;6.23;6.26;6.30;6.34;6.39;6.44;6.50;6.58;6.66;6.76;;;;;;;;;;;;;;;;;;;;;;;;
-0.200;;;;;;;;;;;;;;;;;;;;;;;;;;6.96;6.87;6.78;6.71;6.64;6.58;6.52;6.47;6.42;6.37;6.33;6.29;6.25;6.22;6.19;6.16;6.14;6.11;6.09;6.07;6.06;6.04;6.03;6.02;6.01;6.01;6.00;6.00;6.00;6.00;6.00;6.00;6.01;6.01;6.02;6.02;6.02;6.03;6.03;6.03;6.02;6.02;6.00;5.98;5.95;5.94;5.98;6.02;6.04;6.05;6.05;6.04;6.04;6.03;6.03;6.02;6.01;6.01;6.00;6.00;5.99;5.99;5.99;5.99;5.99;5.99;5.99;6.00;6.00;6.01;6.01;6.02;6.03;6.04;6.05;6.07;6.08;6.10;6.11;6.13;6.15;6.18;6.20;6.23;6.27;6.30;6.35;6.40;6.45;6.52;6.59;6.68;6.79;;;;;;;;;;;;;;;;;;;;;;;;
-0.300;;;;;;;;;;;;;;;;;;;;;;;;;;6.93;6.85;6.77;6.69;6.63;6.57;6.51;6.46;6.42;6.37;6.33;6.29;6.26;6.22;6.19;6.17;6.14;6.12;6.10;6.08;6.06;6.05;6.03;6.02;6.02;6.01;6.01;6.00;6.00;6.00;6.01;6.01;6.01;6.02;6.02;6.03;6.03;6.03;6.04;6.03;6.03;6.02;6.01;5.98;5.96;5.94;5.96;5.98;6.01;6.02;6.03;6.04;6.04;6.04;6.03;6.03;6.02;6.02;6.02;6.01;6.01;6.01;6.00;6.00;6.00;6.00;6.01;6.01;6.01;6.02;6.02;6.03;6.04;6.05;6.06;6.07;6.09;6.10;6.12;6.14;6.16;6.18;6.21;6.24;6.27;6.31;6.36;6.41;6.47;6.53;6.61;6.71;6.81;;;;;;;;;;;;;;;;;;;;;;;;
-0.400;;;;;;;;;;;;;;;;;;;;;;;;;;6.91;6.82;6.75;6.68;6.62;6.56;6.51;6.46;6.42;6.37;6.33;6.30;6.26;6.23;6.20;6.17;6.14;6.12;6.10;6.08;6.06;6.05;6.04;6.03;6.02;6.01;6.01;6.01;6.01;6.01;6.01;6.02;6.02;6.03;6.03;6.04;6.04;6.05;6.05;6.05;6.05;6.04;6.02;6.00;5.97;5.95;5.95;5.96;5.98;5.99;6.01;6.02;6.02;6.03;6.03;6.03;6.03;6.03;6.03;6.02;6.02;6.02;6.02;6.02;6.02;6.02;6.02;6.02;6.03;6.03;6.04;6.04;6.05;6.06;6.07;6.08;6.09;6.11;6.12;6.14;6.16;6.19;6.22;6.25;6.28;6.32;6.37;6.42;6.48;6.55;6.63;6.73;6.84;;;;;;;;;;;;;;;;;;;;;;;;
-0.500;;;;;;;;;;;;;;;;;;;;;;;;;;6.88;6.80;6.74;6.67;6.61;6.56;6.51;6.46;6.42;6.37;6.34;6.30;6.26;6.23;6.20;6.17;6.15;6.13;6.10;6.08;6.07;6.05;6.04;6.03;6.02;6.02;6.01;6.01;6.01;6.02;6.02;6.03;6.03;6.04;6.05;6.05;6.06;6.07;6.07;6.07;6.06;6.05;6.03;6.01;5.98;5.95;5.94;5.94;5.95;5.97;5.98;6.00;6.01;6.02;6.02;6.03;6.03;6.03;6.03;6.03;6.03;6.03;6.03;6.03;6.03;6.03;6.03;6.04;6.04;6.04;6.05;6.05;6.06;6.07;6.08;6.09;6.10;6.12;6.13;6.15;6.17;6.20;6.22;6.25;6.29;6.33;6.38;6.43;6.50;6.57;6.65;6.75;6.87;;;;;;;;;;;;;;;;;;;;;;;;
-0.600;;;;;;;;;;;;;;;;;;;;;;;;;;6.86;6.79;6.72;6.66;6.61;6.55;6.51;6.46;6.42;6.38;6.34;6.30;6.27;6.24;6.21;6.18;6.15;6.13;6.11;6.09;6.07;6.06;6.04;6.03;6.03;6.02;6.02;6.02;6.02;6.02;6.03;6.04;6.04;6.05;6.06;6.07;6.08;6.08;6.09;6.09;6.08;6.07;6.05;6.02;5.99;5.96;5.94;5.94;5.94;5.95;5.96;5.98;5.99;6.00;6.01;6.02;6.03;6.03;6.04;6.04;6.04;6.04;6.04;6.04;6.04;6.04;6.05;6.05;6.05;6.05;6.06;6.06;6.07;6.08;6.09;6.10;6.11;6.12;6.14;6.16;6.18;6.20;6.23;6.26;6.30;6.34;6.39;6.45;6.51;6.59;6.67;6.78;6.90;;;;;;;;;;;;;;;;;;;;;;;;
-0.700;;;;;;;;;;;;;;;;;;;;;;;;;;6.84;6.77;6.71;6.65;6.60;6.55;6.51;6.46;6.42;6.38;6.34;6.31;6.27;6.24;6.21;6.18;6.16;6.13;6.11;6.09;6.07;6.06;6.05;6.04;6.03;6.03;6.02;6.02;6.03;6.03;6.04;6.05;6.06;6.07;6.08;6.09;6.09;6.10;6.10;6.10;6.09;6.08;6.06;6.03;6.00;5.97;5.95;5.93;5.93;5.94;5.95;5.96;5.97;5.99;6.00;6.01;6.02;6.03;6.04;6.04;6.05;6.05;6.05;6.05;6.06;6.06;6.06;6.06;6.06;6.07;6.07;6.08;6.08;6.09;6.10;6.11;6.12;6.13;6.15;6.17;6.19;6.21;6.24;6.27;6.31;6.35;6.40;6.46;6.53;6.60;6.69;6.80;6.93;;;;;;;;;;;;;;;;;;;;;;;;
-0.800;;;;;;;;;;;;;;;;;;;;;;;;;;6.82;6.76;6.70;6.65;6.60;6.55;6.51;6.47;6.43;6.39;6.35;6.31;6.28;6.25;6.22;6.19;6.16;6.14;6.11;6.09;6.08;6.06;6.05;6.04;6.03;6.03;6.03;6.03;6.03;6.04;6.04;6.05;6.07;6.08;6.09;6.10;6.11;6.12;6.12;6.12;6.11;6.09;6.07;6.04;6.01;5.98;5.95;5.94;5.93;5.93;5.94;5.95;5.96;5.98;5.99;6.00;6.02;6.03;6.04;6.04;6.05;6.05;6.06;6.06;6.07;6.07;6.07;6.07;6.08;6.08;6.08;6.09;6.09;6.10;6.11;6.12;6.13;6.14;6.16;6.18;6.20;6.22;6.25;6.28;6.32;6.36;6.42;6.47;6.54;6.62;6.72;6.83;;;;;;;;;;;;;;;;;;;;;;;;;
-0.900;;;;;;;;;;;;;;;;;;;;;;;;;;6.81;6.75;6.70;6.65;6.60;6.56;6.51;6.47;6.43;6.39;6.36;6.32;6.29;6.25;6.22;6.19;6.17;6.14;6.12;6.10;6.08;6.06;6.05;6.04;6.03;6.03;6.03;6.03;6.03;6.04;6.05;6.06;6.07;6.09;6.10;6.11;6.12;6.13;6.13;6.13;6.12;6.10;6.08;6.05;6.02;5.99;5.96;5.94;5.93;5.93;5.93;5.94;5.95;5.97;5.98;6.00;6.01;6.02;6.03;6.04;6.05;6.06;6.07;6.07;6.08;6.08;6.08;6.09;6.09;6.09;6.10;6.10;6.11;6.11;6.12;6.13;6.14;6.15;6.17;6.18;6.21;6.23;6.26;6.29;6.33;6.38;6.43;6.49;6.56;6.64;6.74;6.85;;;;;;;;;;;;;;;;;;;;;;;;;
-1.000;;;;;;;;;;;;;;;;;;;;;;;;;;;6.75;6.70;6.65;6.61;6.56;6.52;6.48;6.44;6.41;6.37;6.33;6.30;6.26;6.23;6.20;6.17;6.14;6.12;6.10;6.08;6.06;6.05;6.04;6.03;6.03;6.03;6.03;6.04;6.04;6.05;6.07;6.08;6.09;6.11;6.12;6.13;6.14;6.14;6.14;6.13;6.11;6.09;6.06;6.03;6.00;5.97;5.95;5.94;5.93;5.93;5.94;5.95;5.96;5.98;5.99;6.01;6.02;6.03;6.04;6.06;6.06;6.07;6.08;6.08;6.09;6.09;6.10;6.10;6.10;6.11;6.11;6.12;6.12;6.13;6.14;6.15;6.16;6.18;6.20;6.22;6.24;6.27;6.30;6.34;6.39;6.44;6.51;6.58;6.66;6.76;6.87;;;;;;;;;;;;;;;;;;;;;;;;;
-1.100;;;;;;;;;;;;;;;;;;;;;;;;;;;6.75;6.70;6.66;6.62;6.58;6.54;6.50;6.46;6.42;6.38;6.34;6.31;6.27;6.24;6.21;6.18;6.15;6.12;6.10;6.08;6.06;6.05;6.04;6.03;6.03;6.03;6.03;6.04;6.05;6.06;6.07;6.08;6.10;6.11;6.13;6.14;6.15;6.15;6.14;6.13;6.12;6.10;6.07;6.04;6.01;5.98;5.96;5.95;5.94;5.94;5.94;5.95;5.96;5.97;5.99;6.00;6.02;6.03;6.05;6.06;6.07;6.08;6.09;6.09;6.10;6.10;6.11;6.11;6.12;6.12;6.12;6.13;6.14;6.14;6.15;6.16;6.17;6.19;6.21;6.23;6.25;6.28;6.32;6.36;6.40;6.46;6.52;6.60;6.68;6.78;6.90;;;;;;;;;;;;;;;;;;;;;;;;;
-1.200;;;;;;;;;;;;;;;;;;;;;;;;;;;6.75;6.71;6.67;6.63;6.59;6.55;6.52;6.48;6.44;6.40;6.36;6.32;6.29;6.25;6.22;6.19;6.16;6.13;6.11;6.08;6.07;6.05;6.04;6.03;6.03;6.03;6.03;6.04;6.05;6.06;6.07;6.09;6.10;6.12;6.13;6.14;6.15;6.15;6.15;6.14;6.13;6.10;6.08;6.05;6.02;6.00;5.98;5.96;5.95;5.94;5.94;5.95;5.96;5.97;5.99;6.00;6.02;6.03;6.05;6.06;6.07;6.08;6.09;6.10;6.11;6.11;6.12;6.12;6.13;6.13;6.14;6.14;6.15;6.16;6.16;6.17;6.19;6.20;6.22;6.24;6.27;6.30;6.33;6.37;6.42;6.47;6.54;6.61;6.70;6.80;;;;;;;;;;;;;;;;;;;;;;;;;;
-1.300;;;;;;;;;;;;;;;;;;;;;;;;;;;;6.73;6.69;6.65;6.62;6.58;6.54;6.50;6.46;6.42;6.38;6.34;6.31;6.27;6.23;6.20;6.17;6.14;6.11;6.09;6.07;6.05;6.04;6.03;6.03;6.03;6.03;6.03;6.04;6.06;6.07;6.09;6.10;6.12;6.13;6.14;6.15;6.16;6.15;6.15;6.13;6.11;6.09;6.06;6.04;6.01;5.99;5.97;5.96;5.95;5.95;5.96;5.96;5.97;5.99;6.00;6.02;6.03;6.05;6.06;6.08;6.09;6.10;6.11;6.12;6.12;6.13;6.13;6.14;6.14;6.15;6.15;6.16;6.17;6.18;6.19;6.20;6.21;6.23;6.25;6.28;6.31;6.35;6.39;6.44;6.49;6.56;6.63;6.72;6.83;;;;;;;;;;;;;;;;;;;;;;;;;;
-1.400;;;;;;;;;;;;;;;;;;;;;;;;;;;;6.75;6.71;6.68;6.64;6.61;6.57;6.53;6.49;6.45;6.41;6.37;6.33;6.29;6.25;6.21;6.18;6.15;6.12;6.09;6.07;6.06;6.04;6.03;6.03;6.02;6.03;6.03;6.04;6.05;6.07;6.08;6.10;6.12;6.13;6.14;6.15;6.16;6.15;6.15;6.14;6.12;6.10;6.07;6.05;6.02;6.00;5.99;5.97;5.97;5.96;5.96;5.97;5.98;5.99;6.01;6.02;6.04;6.05;6.07;6.08;6.09;6.11;6.12;6.12;6.13;6.14;6.15;6.15;6.16;6.16;6.17;6.17;6.18;6.19;6.20;6.21;6.23;6.25;6.27;6.29;6.33;6.36;6.40;6.45;6.51;6.58;6.66;6.75;6.85;;;;;;;;;;;;;;;;;;;;;;;;;;
-1.500;;;;;;;;;;;;;;;;;;;;;;;;;;;;6.77;6.74;6.71;6.68;6.64;6.60;6.56;6.52;6.48;6.44;6.39;6.35;6.31;6.27;6.23;6.19;6.16;6.13;6.10;6.08;6.06;6.04;6.03;6.03;6.02;6.02;6.03;6.04;6.05;6.06;6.08;6.10;6.11;6.13;6.14;6.15;6.16;6.16;6.15;6.14;6.13;6.11;6.08;6.06;6.04;6.02;6.00;5.99;5.98;5.98;5.98;5.98;5.99;6.00;6.01;6.03;6.04;6.06;6.07;6.09;6.10;6.11;6.12;6.13;6.14;6.15;6.16;6.16;6.17;6.17;6.18;6.19;6.20;6.20;6.21;6.23;6.24;6.26;6.28;6.31;6.34;6.38;6.42;6.47;6.53;6.60;6.68;6.77;6.88;;;;;;;;;;;;;;;;;;;;;;;;;;
-1.600;;;;;;;;;;;;;;;;;;;;;;;;;;;;;6.78;6.75;6.72;6.68;6.65;6.61;6.56;6.52;6.47;6.43;6.38;6.34;6.30;6.25;6.21;6.18;6.14;6.11;6.09;6.07;6.05;6.04;6.03;6.02;6.02;6.03;6.04;6.05;6.06;6.08;6.09;6.11;6.12;6.14;6.15;6.15;6.16;6.15;6.14;6.13;6.11;6.09;6.07;6.05;6.03;6.02;6.00;5.99;5.99;5.99;5.99;6.00;6.01;6.02;6.03;6.05;6.06;6.08;6.09;6.11;6.12;6.13;6.14;6.15;6.16;6.17;6.17;6.18;6.19;6.19;6.20;6.21;6.22;6.23;6.24;6.26;6.28;6.30;6.33;6.36;6.40;6.44;6.50;6.56;6.63;6.71;6.80;;;;;;;;;;;;;;;;;;;;;;;;;;;
-1.700;;;;;;;;;;;;;;;;;;;;;;;;;;;;;6.82;6.80;6.77;6.73;6.69;6.65;6.61;6.56;6.52;6.47;6.42;6.37;6.33;6.28;6.24;6.20;6.16;6.13;6.10;6.08;6.06;6.04;6.03;6.03;6.02;6.03;6.03;6.04;6.06;6.07;6.09;6.10;6.12;6.13;6.14;6.15;6.15;6.15;6.15;6.14;6.12;6.10;6.09;6.07;6.05;6.03;6.02;6.01;6.01;6.00;6.01;6.01;6.02;6.03;6.04;6.06;6.07;6.09;6.10;6.12;6.13;6.14;6.15;6.16;6.17;6.18;6.19;6.19;6.20;6.21;6.22;6.23;6.24;6.25;6.26;6.28;6.30;6.32;6.35;6.38;6.42;6.47;6.52;6.58;6.65;6.74;6.83;;;;;;;;;;;;;;;;;;;;;;;;;;;
-1.800;;;;;;;;;;;;;;;;;;;;;;;;;;;;;6.87;6.85;6.82;6.79;6.75;6.71;6.66;6.61;6.56;6.51;6.46;6.41;6.36;6.31;6.27;6.22;6.18;6.15;6.12;6.09;6.07;6.05;6.04;6.03;6.03;6.03;6.03;6.04;6.05;6.07;6.08;6.10;6.12;6.13;6.14;6.15;6.15;6.15;6.15;6.14;6.13;6.11;6.10;6.08;6.07;6.05;6.04;6.03;6.02;6.02;6.02;6.03;6.03;6.04;6.06;6.07;6.08;6.10;6.11;6.12;6.14;6.15;6.16;6.17;6.18;6.19;6.20;6.21;6.22;6.22;6.23;6.24;6.25;6.27;6.28;6.30;6.32;6.34;6.37;6.41;6.45;6.49;6.55;6.61;6.68;6.77;;;;;;;;;;;;;;;;;;;;;;;;;;;;
-1.900;;;;;;;;;;;;;;;;;;;;;;;;;;;;;;6.91;6.88;6.85;6.81;6.77;6.72;6.67;6.62;6.57;6.51;6.46;6.40;6.35;6.30;6.25;6.21;6.17;6.14;6.11;6.08;6.06;6.05;6.04;6.03;6.03;6.03;6.04;6.05;6.07;6.08;6.10;6.11;6.12;6.14;6.15;6.15;6.15;6.15;6.15;6.14;6.12;6.11;6.10;6.08;6.07;6.06;6.05;6.04;6.04;6.04;6.04;6.05;6.06;6.07;6.08;6.09;6.11;6.12;6.13;6.15;6.16;6.17;6.18;6.19;6.20;6.21;6.22;6.23;6.24;6.25;6.26;6.27;6.28;6.30;6.32;6.34;6.37;6.40;6.43;6.47;6.52;6.58;6.64;6.72;6.80;;;;;;;;;;;;;;;;;;;;;;;;;;;;
-2.000;;;;;;;;;;;;;;;;;;;;;;;;;;;;;;6.97;6.95;6.92;6.88;6.84;6.79;6.74;6.68;6.63;6.57;6.51;6.45;6.39;6.34;6.29;6.24;6.20;6.16;6.13;6.10;6.08;6.06;6.05;6.04;6.04;6.04;6.04;6.05;6.06;6.08;6.09;6.11;6.12;6.13;6.14;6.15;6.15;6.15;6.15;6.14;6.13;6.12;6.11;6.10;6.08;6.07;6.07;6.06;6.06;6.06;6.06;6.07;6.07;6.08;6.09;6.11;6.12;6.13;6.15;6.16;6.17;6.18;6.20;6.21;6.22;6.23;6.24;6.25;6.26;6.27;6.28;6.29;6.31;6.32;6.34;6.37;6.39;6.43;6.46;6.51;6.56;6.61;6.68;6.76;;;;;;;;;;;;;;;;;;;;;;;;;;;;;
-2.100;;;;;;;;;;;;;;;;;;;;;;;;;;;;;;;7.02;6.99;6.96;6.91;6.86;6.81;6.75;6.69;6.63;6.57;6.50;6.44;6.39;6.33;6.28;6.23;6.19;6.15;6.12;6.10;6.08;6.06;6.05;6.04;6.04;6.05;6.05;6.07;6.08;6.09;6.11;6.12;6.13;6.14;6.15;6.15;6.16;6.15;6.15;6.14;6.13;6.12;6.11;6.10;6.09;6.08;6.08;6.08;6.08;6.08;6.08;6.09;6.10;6.11;6.12;6.13;6.15;6.16;6.17;6.18;6.20;6.21;6.22;6.23;6.24;6.25;6.26;6.27;6.29;6.30;6.31;6.33;6.35;6.37;6.39;6.42;6.46;6.50;6.54;6.59;6.65;6.72;6.80;;;;;;;;;;;;;;;;;;;;;;;;;;;;;
-2.200;;;;;;;;;;;;;;;;;;;;;;;;;;;;;;;7.09;7.07;7.04;6.99;6.94;6.89;6.83;6.76;6.70;6.63;6.56;6.50;6.44;6.38;6.32;6.27;6.23;6.18;6.15;6.12;6.10;6.08;6.06;6.06;6.05;6.05;6.06;6.07;6.08;6.09;6.10;6.12;6.13;6.14;6.15;6.15;6.16;6.16;6.16;6.15;6.14;6.13;6.13;6.12;6.11;6.10;6.10;6.10;6.10;6.10;6.10;6.11;6.12;6.13;6.14;6.15;6.16;6.17;6.19;6.20;6.21;6.22;6.23;6.25;6.26;6.27;6.28;6.29;6.31;6.32;6.34;6.35;6.38;6.40;6.43;6.46;6.49;6.53;6.58;6.63;6.70;6.77;;;;;;;;;;;;;;;;;;;;;;;;;;;;;;
-2.300;;;;;;;;;;;;;;;;;;;;;;;;;;;;;;;;7.15;7.12;7.08;7.03;6.97;6.91;6.84;6.77;6.70;6.63;6.56;6.49;6.43;6.37;6.32;6.27;6.22;6.18;6.15;6.12;6.10;6.08;6.07;6.07;6.07;6.07;6.07;6.08;6.09;6.11;6.12;6.13;6.14;6.15;6.16;6.16;6.16;6.16;6.16;6.15;6.15;6.14;6.13;6.13;6.12;6.12;6.12;6.12;6.12;6.12;6.13;6.13;6.14;6.15;6.16;6.18;6.19;6.20;6.21;6.23;6.24;6.25;6.26;6.28;6.29;6.30;6.31;6.33;6.35;6.36;6.38;6.41;6.43;6.46;6.49;6.53;6.57;6.62;6.68;6.75;6.82;;;;;;;;;;;;;;;;;;;;;;;;;;;;;;
-2.400;;;;;;;;;;;;;;;;;;;;;;;;;;;;;;;;;7.21;7.17;7.12;7.06;7.00;6.93;6.86;6.78;6.71;6.63;6.56;6.49;6.43;6.37;6.31;6.26;6.22;6.18;6.15;6.13;6.11;6.09;6.08;6.08;6.08;6.08;6.09;6.10;6.11;6.12;6.13;6.14;6.15;6.16;6.17;6.17;6.17;6.17;6.16;6.16;6.16;6.15;6.15;6.14;6.14;6.14;6.14;6.14;6.14;6.15;6.15;6.16;6.17;6.18;6.19;6.21;6.22;6.23;6.24;6.26;6.27;6.28;6.29;6.31;6.32;6.34;6.35;6.37;6.39;6.41;6.44;6.47;6.50;6.53;6.57;6.62;6.67;6.73;6.80;;;;;;;;;;;;;;;;;;;;;;;;;;;;;;;
-2.500;;;;;;;;;;;;;;;;;;;;;;;;;;;;;;;;;7.29;7.26;7.21;7.16;7.09;7.02;6.94;6.86;6.79;6.71;6.63;6.56;6.49;6.42;6.37;6.31;6.26;6.22;6.19;6.16;6.14;6.12;6.11;6.10;6.10;6.10;6.10;6.11;6.12;6.13;6.14;6.15;6.16;6.16;6.17;6.17;6.18;6.18;6.18;6.17;6.17;6.17;6.16;6.16;6.16;6.16;6.16;6.16;6.16;6.17;6.17;6.18;6.19;6.20;6.21;6.22;6.24;6.25;6.26;6.27;6.29;6.30;6.32;6.33;6.35;6.36;6.38;6.40;6.42;6.45;6.47;6.51;6.54;6.58;6.62;6.67;6.73;6.79;;;;;;;;;;;;;;;;;;;;;;;;;;;;;;;;
-2.600;;;;;;;;;;;;;;;;;;;;;;;;;;;;;;;;;;7.35;7.31;7.25;7.19;7.11;7.04;6.95;6.87;6.79;6.71;6.63;6.56;6.49;6.42;6.37;6.31;6.27;6.23;6.20;6.17;6.15;6.13;6.12;6.12;6.11;6.12;6.12;6.13;6.14;6.15;6.15;6.16;6.17;6.18;6.18;6.19;6.19;6.19;6.19;6.19;6.18;6.18;6.18;6.18;6.18;6.18;6.18;6.19;6.19;6.20;6.20;6.21;6.22;6.23;6.24;6.26;6.27;6.28;6.30;6.31;6.32;6.34;6.36;6.37;6.39;6.41;6.43;6.46;6.49;6.52;6.55;6.59;6.63;6.68;6.73;6.79;6.86;;;;;;;;;;;;;;;;;;;;;;;;;;;;;;;;
-2.700;;;;;;;;;;;;;;;;;;;;;;;;;;;;;;;;;;;7.40;7.35;7.29;7.21;7.13;7.05;6.96;6.88;6.79;6.71;6.63;6.56;6.49;6.43;6.37;6.32;6.28;6.24;6.21;6.18;6.17;6.15;6.14;6.14;6.14;6.14;6.14;6.15;6.16;6.16;6.17;6.18;6.19;6.19;6.20;6.20;6.20;6.20;6.20;6.20;6.20;6.20;6.20;6.20;6.20;6.20;6.21;6.21;6.22;6.23;6.23;6.24;6.25;6.27;6.28;6.29;6.30;6.32;6.33;6.35;6.37;6.38;6.40;6.42;6.45;6.47;6.50;6.53;6.56;6.60;6.64;6.68;6.74;6.79;6.86;;;;;;;;;;;;;;;;;;;;;;;;;;;;;;;;;
-2.800;;;;;;;;;;;;;;;;;;;;;;;;;;;;;;;;;;;7.49;7.44;7.38;7.31;7.23;7.15;7.06;6.97;6.88;6.79;6.71;6.63;6.56;6.49;6.43;6.38;6.33;6.29;6.25;6.23;6.20;6.18;6.17;6.16;6.16;6.16;6.16;6.16;6.17;6.18;6.18;6.19;6.20;6.20;6.21;6.21;6.22;6.22;6.22;6.22;6.22;6.22;6.22;6.22;6.23;6.23;6.23;6.24;6.24;6.25;6.26;6.27;6.28;6.29;6.30;6.31;6.33;6.34;6.36;6.38;6.39;6.41;6.43;6.46;6.48;6.51;6.54;6.57;6.61;6.65;6.70;6.75;6.80;6.87;;;;;;;;;;;;;;;;;;;;;;;;;;;;;;;;;;
-2.900;;;;;;;;;;;;;;;;;;;;;;;;;;;;;;;;;;;;7.53;7.48;7.41;7.33;7.25;7.16;7.06;6.97;6.88;6.80;6.71;6.64;6.57;6.50;6.44;6.39;6.34;6.30;6.27;6.24;6.22;6.21;6.19;6.19;6.18;6.18;6.18;6.19;6.19;6.20;6.20;6.21;6.22;6.22;6.23;6.23;6.23;6.24;6.24;6.24;6.24;6.24;6.25;6.25;6.25;6.26;6.26;6.27;6.28;6.28;6.29;6.30;6.32;6.33;6.34;6.36;6.37;6.39;6.41;6.43;6.45;6.47;6.49;6.52;6.55;6.59;6.62;6.66;6.71;6.76;6.81;6.88;;;;;;;;;;;;;;;;;;;;;;;;;;;;;;;;;;;
-3.000;;;;;;;;;;;;;;;;;;;;;;;;;;;;;;;;;;;;;7.56;7.50;7.43;7.34;7.25;7.16;7.07;6.98;6.89;6.80;6.72;6.64;6.57;6.51;6.45;6.40;6.36;6.32;6.29;6.27;6.25;6.23;6.22;6.21;6.21;6.21;6.21;6.21;6.22;6.22;6.23;6.23;6.24;6.24;6.25;6.25;6.26;6.26;6.26;6.27;6.27;6.27;6.28;6.28;6.29;6.29;6.30;6.30;6.31;6.32;6.33;6.34;6.36;6.37;6.39;6.40;6.42;6.44;6.46;6.48;6.51;6.54;6.57;6.60;6.64;6.68;6.72;6.77;6.83;6.89;6.96;;;;;;;;;;;;;;;;;;;;;;;;;;;;;;;;;;;
-3.100;;;;;;;;;;;;;;;;;;;;;;;;;;;;;;;;;;;;;;7.58;7.51;7.44;7.35;7.26;7.17;7.07;6.98;6.89;6.81;6.73;6.65;6.59;6.53;6.47;6.42;6.38;6.35;6.32;6.29;6.27;6.26;6.25;6.24;6.24;6.24;6.24;6.24;6.24;6.25;6.25;6.26;6.26;6.27;6.27;6.28;6.28;6.29;6.29;6.30;6.30;6.30;6.31;6.31;6.32;6.33;6.33;6.34;6.35;6.36;6.38;6.39;6.40;6.42;6.44;6.45;6.48;6.50;6.52;6.55;6.58;6.62;6.65;6.69;6.74;6.79;6.85;6.91;6.98;;;;;;;;;;;;;;;;;;;;;;;;;;;;;;;;;;;;
-3.200;;;;;;;;;;;;;;;;;;;;;;;;;;;;;;;;;;;;;;;7.59;7.52;7.44;7.36;7.26;7.17;7.08;6.99;6.90;6.82;6.74;6.67;6.60;6.54;6.49;6.44;6.40;6.37;6.34;6.32;6.30;6.29;6.28;6.27;6.27;6.27;6.27;6.27;6.27;6.28;6.28;6.29;6.29;6.30;6.30;6.31;6.31;6.32;6.32;6.33;6.33;6.34;6.35;6.35;6.36;6.37;6.38;6.39;6.40;6.41;6.42;6.44;6.46;6.47;6.49;6.52;6.54;6.57;6.60;6.63;6.67;6.71;6.76;6.81;6.86;6.93;7.00;;;;;;;;;;;;;;;;;;;;;;;;;;;;;;;;;;;;;
-3.300;;;;;;;;;;;;;;;;;;;;;;;;;;;;;;;;;;;;;;;;7.60;7.53;7.44;7.36;7.26;7.17;7.08;6.99;6.91;6.83;6.75;6.68;6.62;6.56;6.51;6.47;6.43;6.40;6.37;6.35;6.33;6.32;6.31;6.30;6.30;6.30;6.30;6.30;6.31;6.31;6.32;6.32;6.33;6.33;6.34;6.34;6.35;6.36;6.36;6.37;6.37;6.38;6.39;6.39;6.40;6.41;6.42;6.43;6.45;6.46;6.48;6.50;6.52;6.54;6.56;6.59;6.62;6.65;6.69;6.73;6.78;6.83;6.88;6.95;7.01;;;;;;;;;;;;;;;;;;;;;;;;;;;;;;;;;;;;;;
-3.400;;;;;;;;;;;;;;;;;;;;;;;;;;;;;;;;;;;;;;;;;7.59;7.52;7.44;7.36;7.27;7.18;7.09;7.00;6.92;6.84;6.77;6.70;6.64;6.59;6.54;6.50;6.46;6.43;6.40;6.38;6.37;6.35;6.35;6.34;6.34;6.34;6.34;6.34;6.34;6.35;6.35;6.36;6.36;6.37;6.38;6.38;6.39;6.40;6.40;6.41;6.42;6.42;6.43;6.44;6.45;6.46;6.48;6.49;6.50;6.52;6.54;6.56;6.58;6.61;6.64;6.67;6.71;6.75;6.80;6.85;6.90;6.97;7.04;;;;;;;;;;;;;;;;;;;;;;;;;;;;;;;;;;;;;;;
-3.500;;;;;;;;;;;;;;;;;;;;;;;;;;;;;;;;;;;;;;;;;;7.59;7.52;7.44;7.35;7.27;7.18;7.09;7.01;6.93;6.86;6.79;6.72;6.67;6.61;6.57;6.53;6.49;6.46;6.44;6.42;6.40;6.39;6.38;6.38;6.38;6.38;6.38;6.38;6.38;6.39;6.39;6.40;6.41;6.41;6.42;6.43;6.43;6.44;6.45;6.46;6.47;6.48;6.49;6.50;6.51;6.52;6.53;6.55;6.57;6.59;6.61;6.64;6.67;6.70;6.73;6.77;6.82;6.87;6.93;6.99;;;;;;;;;;;;;;;;;;;;;;;;;;;;;;;;;;;;;;;;;
-3.600;;;;;;;;;;;;;;;;;;;;;;;;;;;;;;;;;;;;;;;;;;;;7.51;7.43;7.35;7.27;7.19;7.10;7.02;6.95;6.88;6.81;6.75;6.69;6.65;6.60;6.56;6.53;6.50;6.48;6.46;6.45;6.43;6.43;6.42;6.42;6.42;6.42;6.42;6.43;6.43;6.44;6.45;6.45;6.46;6.47;6.48;6.49;6.49;6.50;6.51;6.52;6.53;6.54;6.56;6.57;6.59;6.60;6.62;6.64;6.67;6.70;6.73;6.76;6.80;6.84;6.89;6.95;7.01;;;;;;;;;;;;;;;;;;;;;;;;;;;;;;;;;;;;;;;;;;
-3.700;;;;;;;;;;;;;;;;;;;;;;;;;;;;;;;;;;;;;;;;;;;;;7.50;7.43;7.35;7.28;7.20;7.12;7.04;6.97;6.90;6.84;6.78;6.73;6.68;6.64;6.60;6.57;6.54;6.52;6.50;6.49;6.48;6.47;6.47;6.47;6.47;6.47;6.47;6.48;6.49;6.49;6.50;6.51;6.52;6.52;6.53;6.54;6.55;6.56;6.57;6.58;6.60;6.61;6.62;6.64;6.66;6.68;6.70;6.73;6.76;6.79;6.83;6.87;6.92;6.98;7.04;;;;;;;;;;;;;;;;;;;;;;;;;;;;;;;;;;;;;;;;;;;
-3.800;;;;;;;;;;;;;;;;;;;;;;;;;;;;;;;;;;;;;;;;;;;;;;7.49;7.43;7.36;7.28;7.21;7.13;7.06;6.99;6.93;6.87;6.81;6.76;6.72;6.68;6.64;6.62;6.59;6.57;6.55;6.54;6.53;6.53;6.52;6.52;6.52;6.53;6.53;6.54;6.54;6.55;6.56;6.57;6.58;6.59;6.60;6.61;6.62;6.63;6.64;6.65;6.67;6.68;6.70;6.72;6.74;6.77;6.80;6.83;6.87;6.91;6.96;7.01;;;;;;;;;;;;;;;;;;;;;;;;;;;;;;;;;;;;;;;;;;;;;
-3.900;;;;;;;;;;;;;;;;;;;;;;;;;;;;;;;;;;;;;;;;;;;;;;;;7.43;7.36;7.29;7.22;7.15;7.08;7.02;6.96;6.90;6.85;6.80;6.76;6.72;6.69;6.66;6.64;6.62;6.61;6.60;6.59;6.58;6.58;6.58;6.58;6.59;6.59;6.60;6.61;6.62;6.63;6.64;6.65;6.66;6.67;6.68;6.69;6.70;6.72;6.73;6.75;6.77;6.79;6.81;6.84;6.87;6.91;6.95;6.99;7.05;;;;;;;;;;;;;;;;;;;;;;;;;;;;;;;;;;;;;;;;;;;;;;
-4.000;;;;;;;;;;;;;;;;;;;;;;;;;;;;;;;;;;;;;;;;;;;;;;;;;;7.37;7.31;7.24;7.18;7.11;7.05;6.99;6.94;6.89;6.85;6.81;6.77;6.74;6.72;6.70;6.68;6.67;6.66;6.65;6.65;6.65;6.65;6.65;6.66;6.66;6.67;6.68;6.69;6.70;6.71;6.72;6.73;6.75;6.76;6.77;6.79;6.80;6.82;6.84;6.87;6.89;6.92;6.95;6.99;7.04;;;;;;;;;;;;;;;;;;;;;;;;;;;;;;;;;;;;;;;;;;;;;;;;
-4.100;;;;;;;;;;;;;;;;;;;;;;;;;;;;;;;;;;;;;;;;;;;;;;;;;;;;7.32;7.26;7.20;7.15;7.09;7.04;6.99;6.94;6.90;6.86;6.83;6.80;6.78;6.76;6.74;6.73;6.73;6.72;6.72;6.72;6.72;6.73;6.73;6.74;6.75;6.76;6.77;6.78;6.79;6.81;6.82;6.83;6.85;6.87;6.88;6.90;6.92;6.95;6.98;7.01;7.05;;;;;;;;;;;;;;;;;;;;;;;;;;;;;;;;;;;;;;;;;;;;;;;;;;
-4.200;;;;;;;;;;;;;;;;;;;;;;;;;;;;;;;;;;;;;;;;;;;;;;;;;;;;;;7.29;7.24;7.18;7.13;7.08;7.03;6.99;6.95;6.92;6.89;6.87;6.85;6.83;6.82;6.81;6.80;6.80;6.80;6.80;6.81;6.81;6.82;6.83;6.84;6.85;6.86;6.87;6.89;6.90;6.92;6.93;6.95;6.97;6.99;7.01;7.04;7.07;;;;;;;;;;;;;;;;;;;;;;;;;;;;;;;;;;;;;;;;;;;;;;;;;;;;
-4.300;;;;;;;;;;;;;;;;;;;;;;;;;;;;;;;;;;;;;;;;;;;;;;;;;;;;;;;;;7.22;7.18;7.13;7.09;7.05;7.02;6.99;6.96;6.94;6.92;6.91;6.90;6.89;6.89;6.89;6.89;6.89;6.90;6.91;6.92;6.93;6.94;6.95;6.96;6.98;6.99;7.01;7.03;7.04;7.06;7.09;;;;;;;;;;;;;;;;;;;;;;;;;;;;;;;;;;;;;;;;;;;;;;;;;;;;;;;
-4.400;;;;;;;;;;;;;;;;;;;;;;;;;;;;;;;;;;;;;;;;;;;;;;;;;;;;;;;;;;;;7.19;7.15;7.12;7.09;7.06;7.04;7.02;7.00;6.99;6.99;6.98;6.98;6.98;6.99;6.99;7.00;7.01;7.02;7.03;7.05;7.06;7.08;7.09;7.11;7.13;;;;;;;;;;;;;;;;;;;;;;;;;;;;;;;;;;;;;;;;;;;;;;;;;;;;;;;;;;
-4.500;;;;;;;;;;;;;;;;;;;;;;;;;;;;;;;;;;;;;;;;;;;;;;;;;;;;;;;;;;;;;;;;7.17;7.14;7.12;7.11;7.10;7.09;7.08;7.08;7.09;7.09;7.10;7.10;7.11;7.13;7.14;7.15;;;;;;;;;;;;;;;;;;;;;;;;;;;;;;;;;;;;;;;;;;;;;;;;;;;;;;;;;;;;;;;
-4.600;;;;;;;;;;;;;;;;;;;;;;;;;;;;;;;;;;;;;;;;;;;;;;;;;;;;;;;;;;;;;;;;;;;;;;;;;;;;;;;;;;;;;;;;;;;;;;;;;;;;;;;;;;;;;;;;;;;;;;;;;;;;;;;;;;;;;;;;;;;;;;
-4.700;;;;;;;;;;;;;;;;;;;;;;;;;;;;;;;;;;;;;;;;;;;;;;;;;;;;;;;;;;;;;;;;;;;;;;;;;;;;;;;;;;;;;;;;;;;;;;;;;;;;;;;;;;;;;;;;;;;;;;;;;;;;;;;;;;;;;;;;;;;;;;
-4.800;;;;;;;;;;;;;;;;;;;;;;;;;;;;;;;;;;;;;;;;;;;;;;;;;;;;;;;;;;;;;;;;;;;;;;;;;;;;;;;;;;;;;;;;;;;;;;;;;;;;;;;;;;;;;;;;;;;;;;;;;;;;;;;;;;;;;;;;;;;;;;
-4.900;;;;;;;;;;;;;;;;;;;;;;;;;;;;;;;;;;;;;;;;;;;;;;;;;;;;;;;;;;;;;;;;;;;;;;;;;;;;;;;;;;;;;;;;;;;;;;;;;;;;;;;;;;;;;;;;;;;;;;;;;;;;;;;;;;;;;;;;;;;;;;
-5.000;;;;;;;;;;;;;;;;;;;;;;;;;;;;;;;;;;;;;;;;;;;;;;;;;;;;;;;;;;;;;;;;;;;;;;;;;;;;;;;;;;;;;;;;;;;;;;;;;;;;;;;;;;;;;;;;;;;;;;;;;;;;;;;;;;;;;;;;;;;;;;
-5.100;;;;;;;;;;;;;;;;;;;;;;;;;;;;;;;;;;;;;;;;;;;;;;;;;;;;;;;;;;;;;;;;;;;;;;;;;;;;;;;;;;;;;;;;;;;;;;;;;;;;;;;;;;;;;;;;;;;;;;;;;;;;;;;;;;;;;;;;;;;;;;
-5.200;;;;;;;;;;;;;;;;;;;;;;;;;;;;;;;;;;;;;;;;;;;;;;;;;;;;;;;;;;;;;;;;;;;;;;;;;;;;;;;;;;;;;;;;;;;;;;;;;;;;;;;;;;;;;;;;;;;;;;;;;;;;;;;;;;;;;;;;;;;;;;
-5.300;;;;;;;;;;;;;;;;;;;;;;;;;;;;;;;;;;;;;;;;;;;;;;;;;;;;;;;;;;;;;;;;;;;;;;;;;;;;;;;;;;;;;;;;;;;;;;;;;;;;;;;;;;;;;;;;;;;;;;;;;;;;;;;;;;;;;;;;;;;;;;
-5.400;;;;;;;;;;;;;;;;;;;;;;;;;;;;;;;;;;;;;;;;;;;;;;;;;;;;;;;;;;;;;;;;;;;;;;;;;;;;;;;;;;;;;;;;;;;;;;;;;;;;;;;;;;;;;;;;;;;;;;;;;;;;;;;;;;;;;;;;;;;;;;
-5.500;;;;;;;;;;;;;;;;;;;;;;;;;;;;;;;;;;;;;;;;;;;;;;;;;;;;;;;;;;;;;;;;;;;;;;;;;;;;;;;;;;;;;;;;;;;;;;;;;;;;;;;;;;;;;;;;;;;;;;;;;;;;;;;;;;;;;;;;;;;;;;
-5.600;;;;;;;;;;;;;;;;;;;;;;;;;;;;;;;;;;;;;;;;;;;;;;;;;;;;;;;;;;;;;;;;;;;;;;;;;;;;;;;;;;;;;;;;;;;;;;;;;;;;;;;;;;;;;;;;;;;;;;;;;;;;;;;;;;;;;;;;;;;;;;
-5.700;;;;;;;;;;;;;;;;;;;;;;;;;;;;;;;;;;;;;;;;;;;;;;;;;;;;;;;;;;;;;;;;;;;;;;;;;;;;;;;;;;;;;;;;;;;;;;;;;;;;;;;;;;;;;;;;;;;;;;;;;;;;;;;;;;;;;;;;;;;;;;
-5.800;;;;;;;;;;;;;;;;;;;;;;;;;;;;;;;;;;;;;;;;;;;;;;;;;;;;;;;;;;;;;;;;;;;;;;;;;;;;;;;;;;;;;;;;;;;;;;;;;;;;;;;;;;;;;;;;;;;;;;;;;;;;;;;;;;;;;;;;;;;;;;
-5.900;;;;;;;;;;;;;;;;;;;;;;;;;;;;;;;;;;;;;;;;;;;;;;;;;;;;;;;;;;;;;;;;;;;;;;;;;;;;;;;;;;;;;;;;;;;;;;;;;;;;;;;;;;;;;;;;;;;;;;;;;;;;;;;;;;;;;;;;;;;;;;
-6.000;;;;;;;;;;;;;;;;;;;;;;;;;;;;;;;;;;;;;;;;;;;;;;;;;;;;;;;;;;;;;;;;;;;;;;;;;;;;;;;;;;;;;;;;;;;;;;;;;;;;;;;;;;;;;;;;;;;;;;;;;;;;;;;;;;;;;;;;;;;;;;
-6.100;;;;;;;;;;;;;;;;;;;;;;;;;;;;;;;;;;;;;;;;;;;;;;;;;;;;;;;;;;;;;;;;;;;;;;;;;;;;;;;;;;;;;;;;;;;;;;;;;;;;;;;;;;;;;;;;;;;;;;;;;;;;;;;;;;;;;;;;;;;;;;
-6.200;;;;;;;;;;;;;;;;;;;;;;;;;;;;;;;;;;;;;;;;;;;;;;;;;;;;;;;;;;;;;;;;;;;;;;;;;;;;;;;;;;;;;;;;;;;;;;;;;;;;;;;;;;;;;;;;;;;;;;;;;;;;;;;;;;;;;;;;;;;;;;
-6.300;;;;;;;;;;;;;;;;;;;;;;;;;;;;;;;;;;;;;;;;;;;;;;;;;;;;;;;;;;;;;;;;;;;;;;;;;;;;;;;;;;;;;;;;;;;;;;;;;;;;;;;;;;;;;;;;;;;;;;;;;;;;;;;;;;;;;;;;;;;;;;
-6.400;;;;;;;;;;;;;;;;;;;;;;;;;;;;;;;;;;;;;;;;;;;;;;;;;;;;;;;;;;;;;;;;;;;;;;;;;;;;;;;;;;;;;;;;;;;;;;;;;;;;;;;;;;;;;;;;;;;;;;;;;;;;;;;;;;;;;;;;;;;;;;
-6.500;;;;;;;;;;;;;;;;;;;;;;;;;;;;;;;;;;;;;;;;;;;;;;;;;;;;;;;;;;;;;;;;;;;;;;;;;;;;;;;;;;;;;;;;;;;;;;;;;;;;;;;;;;;;;;;;;;;;;;;;;;;;;;;;;;;;;;;;;;;;;;
-6.600;;;;;;;;;;;;;;;;;;;;;;;;;;;;;;;;;;;;;;;;;;;;;;;;;;;;;;;;;;;;;;;;;;;;;;;;;;;;;;;;;;;;;;;;;;;;;;;;;;;;;;;;;;;;;;;;;;;;;;;;;;;;;;;;;;;;;;;;;;;;;;
-6.700;;;;;;;;;;;;;;;;;;;;;;;;;;;;;;;;;;;;;;;;;;;;;;;;;;;;;;;;;;;;;;;;;;;;;;;;;;;;;;;;;;;;;;;;;;;;;;;;;;;;;;;;;;;;;;;;;;;;;;;;;;;;;;;;;;;;;;;;;;;;;;
-6.800;;;;;;;;;;;;;;;;;;;;;;;;;;;;;;;;;;;;;;;;;;;;;;;;;;;;;;;;;;;;;;;;;;;;;;;;;;;;;;;;;;;;;;;;;;;;;;;;;;;;;;;;;;;;;;;;;;;;;;;;;;;;;;;;;;;;;;;;;;;;;;
-6.900;;;;;;;;;;;;;;;;;;;;;;;;;;;;;;;;;;;;;;;;;;;;;;;;;;;;;;;;;;;;;;;;;;;;;;;;;;;;;;;;;;;;;;;;;;;;;;;;;;;;;;;;;;;;;;;;;;;;;;;;;;;;;;;;;;;;;;;;;;;;;;
-7.000;;;;;;;;;;;;;;;;;;;;;;;;;;;;;;;;;;;;;;;;;;;;;;;;;;;;;;;;;;;;;;;;;;;;;;;;;;;;;;;;;;;;;;;;;;;;;;;;;;;;;;;;;;;;;;;;;;;;;;;;;;;;;;;;;;;;;;;;;;;;;;
TANGENTIAL FRONT;-7.000;-6.900;-6.800;-6.700;-6.600;-6.500;-6.400;-6.300;-6.200;-6.100;-6.000;-5.900;-5.800;-5.700;-5.600;-5.500;-5.400;-5.300;-5.200;-5.100;-5.000;-4.900;-4.800;-4.700;-4.600;-4.500;-4.400;-4.300;-4.200;-4.100;-4.000;-3.900;-3.800;-3.700;-3.600;-3.500;-3.400;-3.300;-3.200;-3.100;-3.000;-2.900;-2.800;-2.700;-2.600;-2.500;-2.400;-2.300;-2.200;-2.100;-2.000;-1.900;-1.800;-1.700;-1.600;-1.500;-1.400;-1.300;-1.200;-1.100;-1.000;-0.900;-0.800;-0.700;-0.600;-0.500;-0.400;-0.300;-0.200;-0.100;0.000;0.100;0.200;0.300;0.400;0.500;0.600;0.700;0.800;0.900;1.000;1.100;1.200;1.300;1.400;1.500;1.600;1.700;1.800;1.900;2.000;2.100;2.200;2.300;2.400;2.500;2.600;2.700;2.800;2.900;3.000;3.100;3.200;3.300;3.400;3.500;3.600;3.700;3.800;3.900;4.000;4.100;4.200;4.300;4.400;4.500;4.600;4.700;4.800;4.900;5.000;5.100;5.200;5.300;5.400;5.500;5.600;5.700;5.800;5.900;6.000;6.100;6.200;6.300;6.400;6.500;6.600;6.700;6.800;6.900;7.000;
7.000;;;;;;;;;;;;;;;;;;;;;;;;;;;;;;;;;;;;;;;;;;;;;;;;;;;;;;;;;;;;;;;;;;;;;;;;;;;;;;;;;;;;;;;;;;;;;;;;;;;;;;;;;;;;;;;;;;;;;;;;;;;;;;;;;;;;;;;;;;;;;;
6.900;;;;;;;;;;;;;;;;;;;;;;;;;;;;;;;;;;;;;;;;;;;;;;;;;;;;;;;;;;;;;;;;;;;;;;;;;;;;;;;;;;;;;;;;;;;;;;;;;;;;;;;;;;;;;;;;;;;;;;;;;;;;;;;;;;;;;;;;;;;;;;
6.800;;;;;;;;;;;;;;;;;;;;;;;;;;;;;;;;;;;;;;;;;;;;;;;;;;;;;;;;;;;;;;;;;;;;;;;;;;;;;;;;;;;;;;;;;;;;;;;;;;;;;;;;;;;;;;;;;;;;;;;;;;;;;;;;;;;;;;;;;;;;;;
6.700;;;;;;;;;;;;;;;;;;;;;;;;;;;;;;;;;;;;;;;;;;;;;;;;;;;;;;;;;;;;;;;;;;;;;;;;;;;;;;;;;;;;;;;;;;;;;;;;;;;;;;;;;;;;;;;;;;;;;;;;;;;;;;;;;;;;;;;;;;;;;;
6.600;;;;;;;;;;;;;;;;;;;;;;;;;;;;;;;;;;;;;;;;;;;;;;;;;;;;;;;;;;;;;;;;;;;;;;;;;;;;;;;;;;;;;;;;;;;;;;;;;;;;;;;;;;;;;;;;;;;;;;;;;;;;;;;;;;;;;;;;;;;;;;
6.500;;;;;;;;;;;;;;;;;;;;;;;;;;;;;;;;;;;;;;;;;;;;;;;;;;;;;;;;;;;;;;;;;;;;;;;;;;;;;;;;;;;;;;;;;;;;;;;;;;;;;;;;;;;;;;;;;;;;;;;;;;;;;;;;;;;;;;;;;;;;;;
6.400;;;;;;;;;;;;;;;;;;;;;;;;;;;;;;;;;;;;;;;;;;;;;;;;;;;;;;;;;;;;;;;;;;;;;;;;;;;;;;;;;;;;;;;;;;;;;;;;;;;;;;;;;;;;;;;;;;;;;;;;;;;;;;;;;;;;;;;;;;;;;;
6.300;;;;;;;;;;;;;;;;;;;;;;;;;;;;;;;;;;;;;;;;;;;;;;;;;;;;;;;;;;;;;;;;;;;;;;;;;;;;;;;;;;;;;;;;;;;;;;;;;;;;;;;;;;;;;;;;;;;;;;;;;;;;;;;;;;;;;;;;;;;;;;
6.200;;;;;;;;;;;;;;;;;;;;;;;;;;;;;;;;;;;;;;;;;;;;;;;;;;;;;;;;;;;;;;;;;;;;;;;;;;;;;;;;;;;;;;;;;;;;;;;;;;;;;;;;;;;;;;;;;;;;;;;;;;;;;;;;;;;;;;;;;;;;;;
6.100;;;;;;;;;;;;;;;;;;;;;;;;;;;;;;;;;;;;;;;;;;;;;;;;;;;;;;;;;;;;;;;;;;;;;;;;;;;;;;;;;;;;;;;;;;;;;;;;;;;;;;;;;;;;;;;;;;;;;;;;;;;;;;;;;;;;;;;;;;;;;;
6.000;;;;;;;;;;;;;;;;;;;;;;;;;;;;;;;;;;;;;;;;;;;;;;;;;;;;;;;;;;;;;;;;;;;;;;;;;;;;;;;;;;;;;;;;;;;;;;;;;;;;;;;;;;;;;;;;;;;;;;;;;;;;;;;;;;;;;;;;;;;;;;
5.900;;;;;;;;;;;;;;;;;;;;;;;;;;;;;;;;;;;;;;;;;;;;;;;;;;;;;;;;;;;;;;;;;;;;;;;;;;;;;;;;;;;;;;;;;;;;;;;;;;;;;;;;;;;;;;;;;;;;;;;;;;;;;;;;;;;;;;;;;;;;;;
5.800;;;;;;;;;;;;;;;;;;;;;;;;;;;;;;;;;;;;;;;;;;;;;;;;;;;;;;;;;;;;;;;;;;;;;;;;;;;;;;;;;;;;;;;;;;;;;;;;;;;;;;;;;;;;;;;;;;;;;;;;;;;;;;;;;;;;;;;;;;;;;;
5.700;;;;;;;;;;;;;;;;;;;;;;;;;;;;;;;;;;;;;;;;;;;;;;;;;;;;;;;;;;;;;;;;;;;;;;;;;;;;;;;;;;;;;;;;;;;;;;;;;;;;;;;;;;;;;;;;;;;;;;;;;;;;;;;;;;;;;;;;;;;;;;
5.600;;;;;;;;;;;;;;;;;;;;;;;;;;;;;;;;;;;;;;;;;;;;;;;;;;;;;;;;;;;;;;;;;;;;;;;;;;;;;;;;;;;;;;;;;;;;;;;;;;;;;;;;;;;;;;;;;;;;;;;;;;;;;;;;;;;;;;;;;;;;;;
5.500;;;;;;;;;;;;;;;;;;;;;;;;;;;;;;;;;;;;;;;;;;;;;;;;;;;;;;;;;;;;;;;;;;;;;;;;;;;;;;;;;;;;;;;;;;;;;;;;;;;;;;;;;;;;;;;;;;;;;;;;;;;;;;;;;;;;;;;;;;;;;;
5.400;;;;;;;;;;;;;;;;;;;;;;;;;;;;;;;;;;;;;;;;;;;;;;;;;;;;;;;;;;;;;;;;;;;;;;;;;;;;;;;;;;;;;;;;;;;;;;;;;;;;;;;;;;;;;;;;;;;;;;;;;;;;;;;;;;;;;;;;;;;;;;
5.300;;;;;;;;;;;;;;;;;;;;;;;;;;;;;;;;;;;;;;;;;;;;;;;;;;;;;;;;;;;;;;;;;;;;;;;;;;;;;;;;;;;;;;;;;;;;;;;;;;;;;;;;;;;;;;;;;;;;;;;;;;;;;;;;;;;;;;;;;;;;;;
5.200;;;;;;;;;;;;;;;;;;;;;;;;;;;;;;;;;;;;;;;;;;;;;;;;;;;;;;;;;;;;;;;;;;;;;;;;;;;;;;;;;;;;;;;;;;;;;;;;;;;;;;;;;;;;;;;;;;;;;;;;;;;;;;;;;;;;;;;;;;;;;;
5.100;;;;;;;;;;;;;;;;;;;;;;;;;;;;;;;;;;;;;;;;;;;;;;;;;;;;;;;;;;;;;;;;;;;5.50;5.53;5.57;5.61;5.64;5.68;5.71;5.74;5.76;5.78;5.79;;;;;;;;;;;;;;;;;;;;;;;;;;;;;;;;;;;;;;;;;;;;;;;;;;;;;;;;;;;;;;;;;
5.000;;;;;;;;;;;;;;;;;;;;;;;;;;;;;;;;;;;;;;;;;;;;;;;;;;;;;;;;;;;;;5.33;5.36;5.39;5.42;5.46;5.49;5.53;5.57;5.61;5.65;5.69;5.73;5.77;5.80;5.82;5.84;5.85;5.85;5.85;5.83;5.79;5.75;5.69;;;;;;;;;;;;;;;;;;;;;;;;;;;;;;;;;;;;;;;;;;;;;;;;;;;;;;;;;;;
4.900;;;;;;;;;;;;;;;;;;;;;;;;;;;;;;;;;;;;;;;;;;;;;;;;;;;;;;;;;5.27;5.29;5.31;5.33;5.36;5.39;5.43;5.46;5.50;5.54;5.59;5.63;5.67;5.71;5.76;5.79;5.83;5.86;5.89;5.91;5.93;5.93;5.93;5.91;5.88;5.84;5.78;5.71;5.63;5.53;5.42;;;;;;;;;;;;;;;;;;;;;;;;;;;;;;;;;;;;;;;;;;;;;;;;;;;;;;;
4.800;;;;;;;;;;;;;;;;;;;;;;;;;;;;;;;;;;;;;;;;;;;;;;;;;;;;;;5.26;5.27;5.28;5.30;5.32;5.35;5.37;5.41;5.44;5.48;5.52;5.56;5.60;5.65;5.69;5.74;5.78;5.82;5.87;5.90;5.94;5.97;5.99;6.01;6.02;6.01;6.00;5.98;5.94;5.89;5.82;5.74;5.65;5.54;5.42;5.29;5.16;;;;;;;;;;;;;;;;;;;;;;;;;;;;;;;;;;;;;;;;;;;;;;;;;;;;
4.700;;;;;;;;;;;;;;;;;;;;;;;;;;;;;;;;;;;;;;;;;;;;;;;;;;;;5.26;5.27;5.28;5.30;5.32;5.34;5.37;5.40;5.43;5.46;5.50;5.54;5.59;5.63;5.67;5.72;5.77;5.81;5.86;5.90;5.94;5.98;6.02;6.05;6.07;6.09;6.10;6.10;6.09;6.07;6.04;5.99;5.93;5.86;5.77;5.67;5.55;5.42;5.29;5.15;5.00;;;;;;;;;;;;;;;;;;;;;;;;;;;;;;;;;;;;;;;;;;;;;;;;;;
4.600;;;;;;;;;;;;;;;;;;;;;;;;;;;;;;;;;;;;;;;;;;;;;;;;;;5.27;5.28;5.29;5.30;5.32;5.34;5.37;5.39;5.42;5.46;5.49;5.53;5.57;5.62;5.66;5.71;5.75;5.80;5.85;5.89;5.94;5.98;6.02;6.06;6.10;6.13;6.15;6.17;6.18;6.19;6.18;6.17;6.14;6.10;6.05;5.98;5.90;5.80;5.69;5.56;5.43;5.29;5.14;4.99;4.84;;;;;;;;;;;;;;;;;;;;;;;;;;;;;;;;;;;;;;;;;;;;;;;;
4.500;;;;;;;;;;;;;;;;;;;;;;;;;;;;;;;;;;;;;;;;;;;;;;;;5.29;5.30;5.31;5.32;5.33;5.35;5.37;5.40;5.43;5.46;5.49;5.53;5.57;5.61;5.65;5.70;5.74;5.79;5.84;5.88;5.93;5.98;6.02;6.06;6.10;6.14;6.18;6.21;6.23;6.25;6.27;6.27;6.27;6.26;6.24;6.20;6.16;6.09;6.02;5.93;5.82;5.71;5.58;5.44;5.29;5.14;4.98;4.83;4.68;;;;;;;;;;;;;;;;;;;;;;;;;;;;;;;;;;;;;;;;;;;;;;
4.400;;;;;;;;;;;;;;;;;;;;;;;;;;;;;;;;;;;;;;;;;;;;;;5.32;5.33;5.33;5.34;5.36;5.37;5.39;5.42;5.44;5.47;5.50;5.53;5.57;5.61;5.65;5.69;5.74;5.78;5.83;5.88;5.92;5.97;6.02;6.06;6.10;6.15;6.18;6.22;6.25;6.28;6.31;6.33;6.34;6.35;6.35;6.35;6.33;6.30;6.26;6.21;6.14;6.06;5.96;5.85;5.73;5.59;5.45;5.30;5.14;4.98;4.82;4.67;4.53;;;;;;;;;;;;;;;;;;;;;;;;;;;;;;;;;;;;;;;;;;;;
4.300;;;;;;;;;;;;;;;;;;;;;;;;;;;;;;;;;;;;;;;;;;;;5.36;5.36;5.37;5.38;5.39;5.41;5.42;5.44;5.46;5.49;5.52;5.55;5.58;5.62;5.65;5.69;5.74;5.78;5.83;5.87;5.92;5.97;6.01;6.06;6.10;6.15;6.19;6.23;6.26;6.30;6.33;6.36;6.38;6.40;6.42;6.43;6.43;6.42;6.41;6.39;6.36;6.31;6.25;6.18;6.09;5.99;5.88;5.75;5.61;5.46;5.31;5.15;4.98;4.83;4.67;4.53;;;;;;;;;;;;;;;;;;;;;;;;;;;;;;;;;;;;;;;;;;;
4.200;;;;;;;;;;;;;;;;;;;;;;;;;;;;;;;;;;;;;;;;;;;5.40;5.41;5.42;5.43;5.44;5.46;5.48;5.50;5.52;5.54;5.57;5.60;5.63;5.67;5.70;5.74;5.78;5.83;5.87;5.92;5.96;6.01;6.06;6.10;6.15;6.19;6.23;6.27;6.31;6.35;6.38;6.41;6.44;6.46;6.48;6.49;6.50;6.50;6.50;6.49;6.47;6.44;6.41;6.36;6.29;6.22;6.13;6.02;5.90;5.77;5.63;5.48;5.32;5.16;4.99;4.83;4.68;4.53;4.40;;;;;;;;;;;;;;;;;;;;;;;;;;;;;;;;;;;;;;;;;
4.100;;;;;;;;;;;;;;;;;;;;;;;;;;;;;;;;;;;;;;;;;;5.46;5.47;5.48;5.49;5.50;5.52;5.54;5.56;5.58;5.60;5.63;5.66;5.69;5.72;5.76;5.79;5.83;5.88;5.92;5.97;6.01;6.06;6.10;6.15;6.20;6.24;6.29;6.33;6.37;6.41;6.44;6.47;6.50;6.53;6.55;6.56;6.57;6.58;6.58;6.58;6.56;6.55;6.52;6.49;6.45;6.40;6.33;6.25;6.16;6.05;5.93;5.80;5.65;5.50;5.34;5.17;5.01;4.85;4.69;4.55;4.41;;;;;;;;;;;;;;;;;;;;;;;;;;;;;;;;;;;;;;;;
4.000;;;;;;;;;;;;;;;;;;;;;;;;;;;;;;;;;;;;;;;;5.50;5.51;5.53;5.54;5.56;5.57;5.59;5.60;5.62;5.64;5.67;5.69;5.72;5.75;5.78;5.81;5.85;5.89;5.93;5.97;6.02;6.06;6.11;6.16;6.21;6.26;6.30;6.35;6.39;6.43;6.47;6.51;6.55;6.58;6.60;6.63;6.64;6.66;6.67;6.68;6.67;6.67;6.66;6.64;6.61;6.58;6.54;6.49;6.43;6.36;6.28;6.19;6.08;5.96;5.82;5.68;5.52;5.36;5.20;5.03;4.87;4.72;4.57;4.44;4.32;;;;;;;;;;;;;;;;;;;;;;;;;;;;;;;;;;;;;;
3.900;;;;;;;;;;;;;;;;;;;;;;;;;;;;;;;;;;;;;;;5.56;5.58;5.59;5.61;5.63;5.64;5.66;5.68;5.70;5.72;5.74;5.76;5.79;5.81;5.84;5.87;5.91;5.95;5.99;6.03;6.08;6.13;6.17;6.22;6.27;6.32;6.37;6.41;6.46;6.50;6.54;6.58;6.62;6.65;6.68;6.70;6.72;6.74;6.75;6.76;6.77;6.77;6.76;6.75;6.74;6.71;6.68;6.64;6.59;6.53;6.47;6.39;6.31;6.21;6.10;5.98;5.85;5.70;5.55;5.39;5.22;5.06;4.90;4.75;4.60;4.47;4.35;;;;;;;;;;;;;;;;;;;;;;;;;;;;;;;;;;;;;
3.800;;;;;;;;;;;;;;;;;;;;;;;;;;;;;;;;;;;;;;5.62;5.64;5.66;5.68;5.70;5.72;5.74;5.75;5.77;5.79;5.81;5.83;5.86;5.88;5.91;5.94;5.98;6.02;6.06;6.10;6.15;6.19;6.24;6.29;6.34;6.39;6.44;6.48;6.53;6.57;6.61;6.65;6.68;6.71;6.74;6.77;6.79;6.81;6.82;6.83;6.84;6.85;6.85;6.85;6.84;6.83;6.80;6.77;6.74;6.69;6.64;6.58;6.51;6.43;6.34;6.24;6.13;6.01;5.87;5.73;5.58;5.42;5.25;5.09;4.93;4.78;4.64;4.51;4.39;;;;;;;;;;;;;;;;;;;;;;;;;;;;;;;;;;;;
3.700;;;;;;;;;;;;;;;;;;;;;;;;;;;;;;;;;;;;;5.68;5.71;5.73;5.75;5.78;5.80;5.82;5.83;5.85;5.87;5.89;5.91;5.93;5.96;5.98;6.02;6.05;6.09;6.13;6.18;6.22;6.27;6.32;6.37;6.42;6.46;6.51;6.56;6.60;6.64;6.68;6.71;6.74;6.77;6.79;6.82;6.84;6.85;6.87;6.88;6.89;6.90;6.91;6.91;6.91;6.91;6.90;6.88;6.86;6.83;6.79;6.74;6.68;6.62;6.54;6.46;6.37;6.26;6.15;6.03;5.90;5.76;5.61;5.45;5.29;5.13;4.97;4.82;4.68;4.55;4.44;;;;;;;;;;;;;;;;;;;;;;;;;;;;;;;;;;;
3.600;;;;;;;;;;;;;;;;;;;;;;;;;;;;;;;;;;;;5.74;5.77;5.80;5.83;5.85;5.88;5.90;5.92;5.93;5.95;5.97;5.99;6.01;6.03;6.06;6.10;6.13;6.17;6.21;6.26;6.30;6.35;6.40;6.45;6.49;6.54;6.58;6.62;6.66;6.70;6.74;6.77;6.79;6.82;6.84;6.85;6.87;6.88;6.89;6.90;6.91;6.92;6.92;6.93;6.94;6.94;6.94;6.94;6.93;6.92;6.89;6.86;6.82;6.78;6.72;6.65;6.57;6.49;6.39;6.29;6.18;6.06;5.93;5.79;5.64;5.49;5.33;5.18;5.02;4.87;4.73;4.61;4.49;;;;;;;;;;;;;;;;;;;;;;;;;;;;;;;;;;
3.500;;;;;;;;;;;;;;;;;;;;;;;;;;;;;;;;;;;5.80;5.83;5.87;5.90;5.93;5.95;5.98;6.00;6.02;6.03;6.05;6.07;6.09;6.12;6.15;6.18;6.22;6.26;6.30;6.34;6.39;6.43;6.48;6.52;6.57;6.61;6.65;6.69;6.72;6.76;6.79;6.81;6.83;6.85;6.87;6.88;6.88;6.89;6.89;6.90;6.90;6.90;6.91;6.92;6.92;6.93;6.94;6.95;6.95;6.95;6.95;6.93;6.91;6.88;6.85;6.80;6.74;6.67;6.60;6.51;6.42;6.31;6.20;6.08;5.96;5.82;5.68;5.53;5.38;5.23;5.08;4.93;4.80;4.67;4.56;;;;;;;;;;;;;;;;;;;;;;;;;;;;;;;;;
3.400;;;;;;;;;;;;;;;;;;;;;;;;;;;;;;;;;;5.85;5.89;5.93;5.97;6.00;6.03;6.05;6.08;6.10;6.12;6.13;6.15;6.17;6.20;6.23;6.27;6.31;6.35;6.39;6.43;6.47;6.52;6.56;6.60;6.64;6.67;6.71;6.74;6.77;6.80;6.83;6.85;6.86;6.88;6.89;6.89;6.89;6.89;6.89;6.88;6.88;6.88;6.87;6.88;6.88;6.89;6.90;6.91;6.92;6.93;6.94;6.94;6.94;6.94;6.92;6.89;6.86;6.81;6.75;6.69;6.61;6.53;6.43;6.33;6.23;6.11;5.99;5.86;5.72;5.57;5.43;5.28;5.14;5.00;4.87;4.74;4.63;;;;;;;;;;;;;;;;;;;;;;;;;;;;;;;;
3.300;;;;;;;;;;;;;;;;;;;;;;;;;;;;;;;;;5.89;5.94;5.98;6.03;6.06;6.10;6.13;6.15;6.18;6.20;6.21;6.23;6.26;6.28;6.32;6.35;6.39;6.43;6.47;6.52;6.56;6.59;6.63;6.67;6.70;6.73;6.76;6.78;6.81;6.83;6.85;6.87;6.88;6.89;6.90;6.90;6.89;6.88;6.87;6.86;6.85;6.84;6.83;6.82;6.82;6.82;6.83;6.84;6.85;6.87;6.89;6.90;6.92;6.93;6.93;6.93;6.91;6.89;6.86;6.81;6.76;6.69;6.62;6.54;6.45;6.35;6.25;6.14;6.02;5.89;5.76;5.62;5.48;5.34;5.20;5.07;4.94;4.83;4.72;;;;;;;;;;;;;;;;;;;;;;;;;;;;;;;
3.200;;;;;;;;;;;;;;;;;;;;;;;;;;;;;;;;5.92;5.97;6.03;6.08;6.12;6.16;6.19;6.22;6.25;6.27;6.29;6.31;6.33;6.36;6.40;6.43;6.47;6.51;6.56;6.59;6.63;6.66;6.70;6.72;6.75;6.77;6.79;6.81;6.83;6.85;6.86;6.87;6.88;6.89;6.89;6.89;6.89;6.88;6.87;6.86;6.84;6.83;6.81;6.79;6.78;6.77;6.76;6.76;6.77;6.78;6.80;6.82;6.85;6.87;6.89;6.90;6.91;6.91;6.90;6.88;6.84;6.80;6.75;6.69;6.62;6.54;6.46;6.37;6.27;6.16;6.05;5.93;5.81;5.68;5.55;5.41;5.28;5.15;5.03;4.92;4.82;;;;;;;;;;;;;;;;;;;;;;;;;;;;;;
3.100;;;;;;;;;;;;;;;;;;;;;;;;;;;;;;;5.93;6.00;6.06;6.12;6.17;6.21;6.25;6.29;6.31;6.34;6.36;6.38;6.40;6.43;6.47;6.51;6.55;6.59;6.63;6.67;6.70;6.73;6.75;6.77;6.79;6.80;6.81;6.82;6.83;6.84;6.85;6.86;6.87;6.88;6.89;6.89;6.90;6.90;6.89;6.88;6.87;6.85;6.83;6.81;6.79;6.77;6.76;6.74;6.74;6.73;6.73;6.74;6.76;6.78;6.81;6.84;6.86;6.88;6.89;6.89;6.88;6.86;6.82;6.78;6.73;6.68;6.61;6.54;6.46;6.38;6.29;6.19;6.08;5.97;5.86;5.74;5.61;5.49;5.37;5.24;5.13;5.02;;;;;;;;;;;;;;;;;;;;;;;;;;;;;;
3.000;;;;;;;;;;;;;;;;;;;;;;;;;;;;;;;6.01;6.08;6.14;6.20;6.26;6.30;6.34;6.37;6.40;6.42;6.44;6.47;6.50;6.53;6.57;6.62;6.66;6.70;6.73;6.76;6.78;6.80;6.81;6.82;6.82;6.82;6.82;6.82;6.83;6.83;6.84;6.86;6.87;6.88;6.90;6.91;6.91;6.92;6.91;6.91;6.90;6.88;6.86;6.84;6.82;6.80;6.78;6.76;6.74;6.73;6.73;6.73;6.73;6.75;6.76;6.79;6.81;6.84;6.86;6.86;6.86;6.85;6.83;6.80;6.76;6.71;6.66;6.60;6.54;6.47;6.39;6.31;6.22;6.12;6.02;5.91;5.80;5.69;5.57;5.46;5.35;5.24;5.14;;;;;;;;;;;;;;;;;;;;;;;;;;;;;
2.900;;;;;;;;;;;;;;;;;;;;;;;;;;;;;;6.00;6.08;6.15;6.22;6.28;6.34;6.38;6.42;6.45;6.48;6.50;6.52;6.55;6.59;6.63;6.67;6.72;6.75;6.79;6.81;6.83;6.84;6.84;6.84;6.83;6.82;6.81;6.81;6.81;6.82;6.83;6.84;6.86;6.88;6.90;6.92;6.93;6.95;6.95;6.96;6.95;6.94;6.93;6.91;6.89;6.87;6.84;6.82;6.80;6.78;6.76;6.75;6.74;6.74;6.74;6.75;6.76;6.78;6.80;6.82;6.83;6.84;6.83;6.82;6.80;6.77;6.73;6.69;6.64;6.59;6.53;6.47;6.40;6.33;6.25;6.16;6.07;5.98;5.88;5.77;5.67;5.56;5.46;5.36;5.26;;;;;;;;;;;;;;;;;;;;;;;;;;;;
2.800;;;;;;;;;;;;;;;;;;;;;;;;;;;;;5.97;6.06;6.15;6.23;6.30;6.36;6.42;6.46;6.50;6.53;6.55;6.57;6.60;6.64;6.68;6.72;6.76;6.80;6.83;6.86;6.87;6.87;6.87;6.86;6.84;6.82;6.80;6.79;6.79;6.80;6.82;6.83;6.86;6.88;6.91;6.93;6.96;6.98;7.00;7.01;7.02;7.02;7.01;7.00;6.99;6.97;6.94;6.91;6.89;6.86;6.84;6.81;6.79;6.78;6.77;6.77;6.76;6.77;6.77;6.78;6.79;6.80;6.81;6.81;6.80;6.78;6.76;6.73;6.69;6.66;6.62;6.57;6.53;6.47;6.42;6.35;6.28;6.20;6.13;6.04;5.96;5.87;5.77;5.68;5.58;5.49;;;;;;;;;;;;;;;;;;;;;;;;;;;;
2.700;;;;;;;;;;;;;;;;;;;;;;;;;;;;;6.03;6.13;6.22;6.30;6.37;6.43;6.49;6.53;6.56;6.59;6.61;6.64;6.67;6.71;6.76;6.80;6.84;6.88;6.90;6.91;6.91;6.89;6.87;6.84;6.82;6.80;6.79;6.79;6.79;6.81;6.83;6.85;6.88;6.91;6.95;6.98;7.01;7.04;7.06;7.08;7.10;7.10;7.10;7.09;7.08;7.06;7.04;7.01;6.98;6.95;6.92;6.89;6.86;6.84;6.82;6.81;6.80;6.79;6.79;6.79;6.79;6.79;6.79;6.78;6.77;6.76;6.74;6.71;6.68;6.65;6.62;6.59;6.56;6.52;6.48;6.43;6.38;6.32;6.25;6.19;6.12;6.05;5.97;5.89;5.81;5.72;5.64;;;;;;;;;;;;;;;;;;;;;;;;;;;
2.600;;;;;;;;;;;;;;;;;;;;;;;;;;;;5.98;6.08;6.19;6.28;6.36;6.44;6.50;6.55;6.59;6.62;6.64;6.67;6.70;6.74;6.79;6.83;6.88;6.91;6.93;6.94;6.94;6.92;6.89;6.85;6.82;6.80;6.79;6.79;6.79;6.81;6.83;6.85;6.89;6.92;6.96;7.00;7.04;7.08;7.12;7.15;7.17;7.19;7.21;7.21;7.21;7.19;7.18;7.15;7.12;7.09;7.06;7.02;6.99;6.95;6.92;6.90;6.87;6.86;6.84;6.83;6.81;6.80;6.79;6.78;6.77;6.75;6.73;6.71;6.69;6.66;6.64;6.61;6.59;6.57;6.55;6.52;6.49;6.45;6.41;6.36;6.31;6.26;6.21;6.15;6.08;6.02;5.95;5.88;5.81;;;;;;;;;;;;;;;;;;;;;;;;;;
2.500;;;;;;;;;;;;;;;;;;;;;;;;;;;;6.02;6.14;6.24;6.34;6.43;6.50;6.56;6.61;6.64;6.66;6.69;6.72;6.76;6.81;6.86;6.90;6.94;6.96;6.97;6.97;6.95;6.91;6.87;6.83;6.81;6.80;6.79;6.80;6.81;6.83;6.86;6.90;6.94;6.98;7.03;7.08;7.12;7.17;7.21;7.25;7.28;7.31;7.33;7.34;7.34;7.33;7.31;7.29;7.26;7.22;7.19;7.15;7.11;7.07;7.03;6.99;6.96;6.93;6.90;6.88;6.86;6.83;6.81;6.79;6.77;6.74;6.71;6.68;6.66;6.63;6.61;6.59;6.57;6.56;6.55;6.54;6.52;6.50;6.48;6.44;6.41;6.37;6.34;6.30;6.26;6.21;6.16;6.11;6.05;;;;;;;;;;;;;;;;;;;;;;;;;;
2.400;;;;;;;;;;;;;;;;;;;;;;;;;;;5.94;6.06;6.18;6.30;6.40;6.48;6.56;6.62;6.66;6.68;6.71;6.74;6.78;6.82;6.87;6.92;6.96;6.99;7.00;7.00;6.98;6.93;6.89;6.85;6.83;6.81;6.80;6.80;6.82;6.84;6.87;6.91;6.95;7.00;7.05;7.11;7.16;7.22;7.27;7.32;7.37;7.41;7.44;7.46;7.48;7.48;7.48;7.47;7.44;7.41;7.38;7.33;7.29;7.24;7.20;7.15;7.10;7.06;7.02;6.98;6.95;6.91;6.88;6.85;6.81;6.78;6.74;6.70;6.66;6.63;6.59;6.57;6.55;6.54;6.53;6.53;6.53;6.53;6.53;6.52;6.51;6.49;6.46;6.45;6.43;6.41;6.39;6.36;6.33;6.29;6.25;;;;;;;;;;;;;;;;;;;;;;;;;
2.300;;;;;;;;;;;;;;;;;;;;;;;;;;5.83;5.97;6.11;6.23;6.35;6.45;6.54;6.61;6.66;6.69;6.72;6.75;6.79;6.83;6.88;6.94;6.98;7.02;7.03;7.03;7.01;6.97;6.92;6.88;6.85;6.82;6.81;6.82;6.83;6.85;6.88;6.92;6.97;7.02;7.08;7.14;7.20;7.26;7.33;7.39;7.45;7.50;7.55;7.59;7.62;7.64;7.65;7.65;7.63;7.61;7.58;7.54;7.50;7.45;7.39;7.34;7.29;7.23;7.18;7.13;7.08;7.03;6.99;6.94;6.90;6.85;6.80;6.76;6.71;6.66;6.61;6.56;6.53;6.51;6.49;6.49;6.50;6.51;6.52;6.54;6.55;6.55;6.54;6.54;6.53;6.54;6.54;6.54;6.54;6.53;6.52;6.50;;;;;;;;;;;;;;;;;;;;;;;;;
2.200;;;;;;;;;;;;;;;;;;;;;;;;;;5.85;6.00;6.15;6.28;6.40;6.50;6.59;6.66;6.70;6.73;6.76;6.79;6.84;6.89;6.95;7.00;7.04;7.07;7.07;7.06;7.01;6.95;6.91;6.87;6.85;6.83;6.83;6.84;6.86;6.89;6.94;6.98;7.04;7.10;7.17;7.24;7.31;7.38;7.45;7.52;7.59;7.65;7.70;7.74;7.78;7.81;7.82;7.82;7.81;7.79;7.76;7.72;7.67;7.62;7.56;7.50;7.43;7.37;7.31;7.25;7.19;7.13;7.07;7.01;6.96;6.90;6.84;6.78;6.72;6.66;6.60;6.54;6.49;6.46;6.44;6.44;6.45;6.47;6.50;6.52;6.55;6.57;6.58;6.59;6.60;6.62;6.64;6.67;6.69;6.71;6.72;6.73;6.74;;;;;;;;;;;;;;;;;;;;;;;;
2.100;;;;;;;;;;;;;;;;;;;;;;;;;;5.88;6.04;6.19;6.33;6.45;6.56;6.64;6.70;6.73;6.76;6.80;6.84;6.90;6.96;7.02;7.07;7.10;7.11;7.10;7.05;7.00;6.94;6.90;6.87;6.85;6.85;6.85;6.87;6.91;6.95;7.00;7.06;7.13;7.20;7.27;7.35;7.43;7.51;7.59;7.66;7.74;7.80;7.86;7.91;7.96;7.99;8.01;8.01;8.01;7.99;7.96;7.91;7.86;7.80;7.74;7.67;7.60;7.52;7.45;7.38;7.31;7.24;7.17;7.10;7.03;6.96;6.89;6.82;6.75;6.67;6.60;6.53;6.47;6.42;6.39;6.39;6.40;6.42;6.45;6.49;6.53;6.57;6.60;6.62;6.64;6.67;6.71;6.76;6.81;6.86;6.91;6.95;6.98;;;;;;;;;;;;;;;;;;;;;;;;
2.000;;;;;;;;;;;;;;;;;;;;;;;;;5.73;5.90;6.07;6.23;6.37;6.50;6.61;6.69;6.74;6.77;6.80;6.85;6.90;6.97;7.03;7.09;7.13;7.16;7.16;7.11;7.05;6.99;6.94;6.90;6.87;6.86;6.87;6.88;6.91;6.96;7.01;7.07;7.14;7.22;7.30;7.39;7.48;7.56;7.65;7.74;7.82;7.90;7.97;8.04;8.09;8.14;8.18;8.20;8.21;8.21;8.19;8.16;8.11;8.06;7.99;7.92;7.84;7.77;7.68;7.60;7.52;7.44;7.36;7.28;7.19;7.11;7.03;6.95;6.87;6.78;6.70;6.61;6.53;6.46;6.39;6.34;6.33;6.34;6.36;6.40;6.45;6.50;6.55;6.60;6.64;6.67;6.71;6.77;6.84;6.91;6.99;7.06;7.14;7.21;7.28;;;;;;;;;;;;;;;;;;;;;;;
1.900;;;;;;;;;;;;;;;;;;;;;;;;;5.75;5.93;6.11;6.27;6.42;6.55;6.66;6.73;6.77;6.81;6.85;6.91;6.97;7.04;7.11;7.17;7.20;7.22;7.18;7.11;7.04;6.98;6.94;6.90;6.88;6.88;6.89;6.92;6.96;7.01;7.08;7.15;7.24;7.32;7.42;7.51;7.61;7.70;7.80;7.89;7.98;8.06;8.14;8.22;8.28;8.33;8.37;8.40;8.41;8.41;8.40;8.36;8.32;8.26;8.19;8.11;8.03;7.94;7.85;7.76;7.67;7.57;7.48;7.39;7.30;7.21;7.11;7.02;6.92;6.83;6.73;6.64;6.54;6.46;6.38;6.31;6.27;6.27;6.30;6.34;6.39;6.45;6.52;6.58;6.64;6.69;6.74;6.80;6.88;6.98;7.08;7.19;7.30;7.42;7.52;;;;;;;;;;;;;;;;;;;;;;;
1.800;;;;;;;;;;;;;;;;;;;;;;;;5.57;5.76;5.96;6.15;6.32;6.47;6.61;6.71;6.77;6.81;6.86;6.91;6.98;7.05;7.13;7.20;7.25;7.27;7.26;7.19;7.11;7.04;6.98;6.94;6.91;6.89;6.90;6.92;6.96;7.01;7.07;7.15;7.24;7.33;7.43;7.54;7.64;7.75;7.85;7.95;8.05;8.15;8.24;8.32;8.40;8.47;8.53;8.57;8.60;8.62;8.62;8.60;8.57;8.52;8.46;8.39;8.30;8.21;8.12;8.02;7.92;7.82;7.72;7.62;7.52;7.41;7.31;7.20;7.10;6.99;6.88;6.77;6.67;6.56;6.46;6.37;6.30;6.23;6.21;6.23;6.27;6.33;6.40;6.47;6.55;6.62;6.69;6.75;6.82;6.91;7.03;7.16;7.30;7.44;7.59;7.75;;;;;;;;;;;;;;;;;;;;;;;
1.700;;;;;;;;;;;;;;;;;;;;;;;;5.58;5.78;5.99;6.19;6.37;6.53;6.67;6.76;6.81;6.86;6.92;6.98;7.06;7.14;7.22;7.29;7.33;7.34;7.28;7.20;7.11;7.04;6.98;6.94;6.91;6.90;6.92;6.95;6.99;7.06;7.14;7.22;7.32;7.43;7.54;7.66;7.78;7.89;8.00;8.11;8.22;8.32;8.42;8.50;8.58;8.66;8.72;8.77;8.80;8.82;8.82;8.81;8.77;8.72;8.66;8.58;8.49;8.40;8.30;8.19;8.08;7.98;7.87;7.76;7.65;7.53;7.42;7.30;7.19;7.07;6.95;6.83;6.71;6.59;6.48;6.38;6.29;6.21;6.16;6.17;6.20;6.26;6.33;6.42;6.50;6.59;6.67;6.75;6.83;6.93;7.06;7.21;7.38;7.55;7.75;7.94;8.15;;;;;;;;;;;;;;;;;;;;;;
1.600;;;;;;;;;;;;;;;;;;;;;;;;5.59;5.81;6.02;6.23;6.42;6.59;6.72;6.81;6.87;6.92;6.99;7.07;7.16;7.25;7.33;7.39;7.42;7.39;7.30;7.20;7.12;7.04;6.98;6.94;6.92;6.91;6.93;6.97;7.03;7.11;7.19;7.30;7.41;7.53;7.65;7.78;7.91;8.03;8.16;8.27;8.39;8.49;8.59;8.68;8.77;8.84;8.91;8.96;9.00;9.02;9.02;9.01;8.97;8.92;8.85;8.77;8.68;8.58;8.47;8.36;8.25;8.13;8.02;7.90;7.78;7.66;7.54;7.41;7.28;7.15;7.02;6.89;6.76;6.63;6.51;6.39;6.29;6.20;6.13;6.11;6.14;6.19;6.27;6.35;6.45;6.55;6.64;6.74;6.83;6.93;7.07;7.24;7.43;7.64;7.87;8.12;8.38;;;;;;;;;;;;;;;;;;;;;;
1.500;;;;;;;;;;;;;;;;;;;;;;;5.37;5.60;5.83;6.06;6.28;6.48;6.65;6.78;6.86;6.93;6.99;7.07;7.17;7.26;7.36;7.44;7.50;7.50;7.42;7.31;7.21;7.12;7.04;6.98;6.94;6.92;6.93;6.95;7.00;7.07;7.15;7.25;7.37;7.49;7.62;7.76;7.90;8.04;8.18;8.31;8.43;8.55;8.66;8.77;8.86;8.95;9.02;9.09;9.14;9.18;9.21;9.21;9.19;9.16;9.10;9.03;8.95;8.85;8.75;8.64;8.53;8.41;8.29;8.17;8.04;7.92;7.79;7.66;7.52;7.38;7.24;7.10;6.96;6.81;6.67;6.54;6.41;6.30;6.20;6.12;6.06;6.07;6.12;6.20;6.29;6.39;6.50;6.61;6.71;6.82;6.93;7.07;7.26;7.47;7.71;7.97;8.27;8.58;;;;;;;;;;;;;;;;;;;;;;
1.400;;;;;;;;;;;;;;;;;;;;;;;5.37;5.62;5.86;6.10;6.34;6.54;6.72;6.84;6.92;7.00;7.08;7.17;7.27;7.38;7.48;7.56;7.60;7.55;7.44;7.33;7.22;7.12;7.04;6.98;6.94;6.93;6.94;6.97;7.02;7.10;7.19;7.30;7.43;7.56;7.71;7.86;8.01;8.16;8.31;8.45;8.59;8.71;8.83;8.93;9.03;9.12;9.20;9.26;9.32;9.36;9.38;9.38;9.37;9.33;9.28;9.20;9.12;9.02;8.91;8.80;8.68;8.56;8.44;8.31;8.19;8.05;7.92;7.78;7.64;7.49;7.34;7.19;7.03;6.88;6.73;6.58;6.44;6.31;6.20;6.11;6.04;6.02;6.06;6.13;6.22;6.33;6.45;6.57;6.68;6.80;6.92;7.07;7.26;7.49;7.76;8.06;8.39;8.76;9.18;;;;;;;;;;;;;;;;;;;;;
1.300;;;;;;;;;;;;;;;;;;;;;;;5.38;5.63;5.90;6.15;6.39;6.61;6.78;6.90;6.99;7.08;7.18;7.28;7.40;7.51;7.61;7.68;7.69;7.59;7.47;7.34;7.23;7.12;7.04;6.98;6.94;6.93;6.94;6.98;7.04;7.12;7.23;7.35;7.48;7.63;7.79;7.95;8.12;8.28;8.44;8.59;8.73;8.86;8.98;9.09;9.19;9.28;9.36;9.43;9.48;9.52;9.54;9.54;9.52;9.49;9.43;9.36;9.27;9.17;9.06;8.95;8.83;8.71;8.58;8.46;8.33;8.19;8.05;7.91;7.76;7.60;7.44;7.28;7.12;6.95;6.79;6.63;6.48;6.34;6.21;6.11;6.03;5.98;6.00;6.07;6.16;6.27;6.39;6.52;6.65;6.77;6.91;7.06;7.25;7.50;7.79;8.12;8.49;8.92;9.41;;;;;;;;;;;;;;;;;;;;;
1.200;;;;;;;;;;;;;;;;;;;;;;;5.39;5.66;5.93;6.20;6.46;6.69;6.85;6.98;7.08;7.18;7.28;7.40;7.53;7.64;7.74;7.81;7.76;7.64;7.50;7.36;7.24;7.13;7.04;6.98;6.94;6.93;6.95;6.99;7.06;7.15;7.26;7.39;7.53;7.69;7.86;8.03;8.21;8.38;8.55;8.71;8.87;9.00;9.13;9.24;9.34;9.43;9.51;9.57;9.63;9.66;9.68;9.68;9.66;9.62;9.56;9.49;9.40;9.30;9.19;9.08;8.96;8.84;8.72;8.59;8.46;8.32;8.18;8.03;7.88;7.72;7.55;7.38;7.20;7.02;6.85;6.68;6.52;6.36;6.23;6.11;6.02;5.96;5.95;6.01;6.10;6.21;6.34;6.47;6.61;6.75;6.89;7.04;7.24;7.50;7.81;8.17;8.58;9.06;9.62;;;;;;;;;;;;;;;;;;;;;
1.100;;;;;;;;;;;;;;;;;;;;;;5.13;5.40;5.68;5.97;6.26;6.53;6.76;6.93;7.06;7.17;7.28;7.40;7.53;7.66;7.78;7.88;7.93;7.82;7.67;7.52;7.38;7.24;7.13;7.04;6.98;6.95;6.94;6.95;7.00;7.07;7.16;7.28;7.42;7.57;7.73;7.91;8.10;8.28;8.47;8.65;8.82;8.98;9.13;9.26;9.38;9.48;9.57;9.64;9.71;9.76;9.79;9.80;9.80;9.78;9.73;9.67;9.60;9.51;9.41;9.31;9.20;9.09;8.97;8.85;8.72;8.59;8.45;8.31;8.16;8.00;7.83;7.65;7.47;7.29;7.10;6.91;6.73;6.56;6.40;6.25;6.12;6.02;5.95;5.91;5.96;6.04;6.16;6.28;6.42;6.57;6.72;6.87;7.03;7.23;7.50;7.83;8.21;8.66;9.19;9.81;;;;;;;;;;;;;;;;;;;;;
1.000;;;;;;;;;;;;;;;;;;;;;;5.12;5.41;5.71;6.02;6.32;6.60;6.84;7.01;7.15;7.27;7.39;7.53;7.67;7.81;7.93;8.01;8.01;7.87;7.71;7.55;7.39;7.26;7.14;7.05;6.98;6.95;6.94;6.96;7.01;7.08;7.18;7.30;7.44;7.59;7.77;7.95;8.15;8.34;8.54;8.73;8.91;9.08;9.24;9.38;9.50;9.60;9.69;9.76;9.82;9.87;9.89;9.90;9.89;9.87;9.82;9.76;9.68;9.60;9.50;9.40;9.30;9.19;9.08;8.96;8.84;8.71;8.57;8.43;8.28;8.11;7.94;7.76;7.57;7.37;7.18;6.98;6.79;6.60;6.43;6.28;6.14;6.03;5.94;5.89;5.91;5.99;6.10;6.23;6.38;6.53;6.69;6.85;7.02;7.22;7.50;7.84;8.24;8.73;9.30;10.00;10.83;;;;;;;;;;;;;;;;;;;;
0.900;;;;;;;;;;;;;;;;;;;;;;5.13;5.43;5.74;6.07;6.38;6.68;6.92;7.10;7.24;7.38;7.52;7.66;7.81;7.95;8.06;8.14;8.07;7.92;7.75;7.58;7.41;7.27;7.15;7.05;6.99;6.95;6.94;6.96;7.01;7.09;7.18;7.31;7.45;7.61;7.79;7.98;8.18;8.39;8.59;8.79;8.98;9.16;9.33;9.47;9.60;9.71;9.79;9.86;9.92;9.96;9.98;9.98;9.96;9.93;9.88;9.82;9.74;9.66;9.57;9.48;9.38;9.28;9.17;9.06;8.94;8.82;8.69;8.54;8.39;8.22;8.04;7.86;7.66;7.46;7.25;7.05;6.84;6.65;6.47;6.30;6.16;6.03;5.94;5.88;5.87;5.95;6.06;6.19;6.34;6.49;6.66;6.82;7.01;7.21;7.49;7.85;8.27;8.79;9.41;10.17;11.11;;;;;;;;;;;;;;;;;;;;
0.800;;;;;;;;;;;;;;;;;;;;;;5.13;5.44;5.78;6.12;6.45;6.76;7.00;7.19;7.35;7.49;7.64;7.80;7.95;8.09;8.20;8.25;8.14;7.97;7.78;7.60;7.43;7.28;7.16;7.06;7.00;6.96;6.95;6.97;7.02;7.09;7.19;7.31;7.46;7.62;7.80;8.00;8.20;8.41;8.62;8.83;9.03;9.22;9.39;9.54;9.68;9.79;9.88;9.95;10.00;10.03;10.04;10.03;10.01;9.97;9.91;9.85;9.78;9.70;9.62;9.53;9.44;9.35;9.25;9.15;9.04;8.92;8.79;8.64;8.49;8.32;8.14;7.95;7.75;7.54;7.32;7.11;6.90;6.69;6.50;6.33;6.17;6.04;5.94;5.87;5.85;5.91;6.02;6.15;6.30;6.46;6.63;6.81;6.99;7.21;7.49;7.86;8.30;8.85;9.52;10.34;11.38;;;;;;;;;;;;;;;;;;;;
0.700;;;;;;;;;;;;;;;;;;;;;;5.14;5.47;5.82;6.17;6.52;6.84;7.09;7.29;7.45;7.61;7.77;7.93;8.09;8.22;8.32;8.34;8.19;8.01;7.82;7.63;7.45;7.30;7.17;7.07;7.00;6.97;6.96;6.97;7.02;7.10;7.19;7.32;7.46;7.62;7.80;8.00;8.20;8.42;8.63;8.84;9.05;9.25;9.43;9.59;9.73;9.85;9.95;10.02;10.06;10.08;10.08;10.06;10.02;9.97;9.91;9.85;9.78;9.71;9.64;9.56;9.49;9.40;9.31;9.22;9.12;9.00;8.87;8.73;8.58;8.41;8.23;8.03;7.82;7.61;7.39;7.16;6.95;6.74;6.54;6.35;6.19;6.05;5.94;5.87;5.83;5.88;5.98;6.11;6.26;6.43;6.61;6.79;6.99;7.21;7.49;7.87;8.34;8.91;9.62;10.52;11.66;;;;;;;;;;;;;;;;;;;;
0.600;;;;;;;;;;;;;;;;;;;;;;5.14;5.49;5.86;6.23;6.60;6.93;7.18;7.39;7.56;7.73;7.90;8.06;8.22;8.35;8.44;8.40;8.24;8.05;7.85;7.65;7.47;7.32;7.19;7.09;7.02;6.98;6.97;6.98;7.03;7.10;7.20;7.32;7.46;7.62;7.80;7.99;8.20;8.41;8.62;8.84;9.05;9.25;9.44;9.61;9.76;9.89;10.00;10.07;10.11;10.11;10.09;10.05;10.00;9.95;9.89;9.83;9.77;9.71;9.65;9.58;9.51;9.44;9.36;9.28;9.18;9.07;8.95;8.81;8.66;8.49;8.30;8.10;7.89;7.67;7.44;7.21;6.99;6.77;6.57;6.38;6.21;6.07;5.95;5.87;5.82;5.86;5.96;6.09;6.24;6.41;6.59;6.78;6.98;7.21;7.50;7.89;8.37;8.97;9.73;10.69;11.95;;;;;;;;;;;;;;;;;;;;
0.500;;;;;;;;;;;;;;;;;;;;;4.83;5.15;5.51;5.90;6.29;6.67;7.01;7.27;7.49;7.68;7.85;8.02;8.19;8.34;8.46;8.53;8.46;8.28;8.08;7.87;7.67;7.49;7.33;7.20;7.10;7.03;6.99;6.98;6.99;7.04;7.11;7.20;7.32;7.46;7.62;7.79;7.98;8.18;8.39;8.60;8.81;9.02;9.22;9.42;9.60;9.76;9.90;10.02;10.10;10.14;10.13;10.08;10.02;9.96;9.89;9.84;9.79;9.74;9.69;9.64;9.58;9.53;9.47;9.40;9.32;9.23;9.12;9.00;8.87;8.72;8.55;8.36;8.16;7.94;7.72;7.49;7.25;7.02;6.80;6.59;6.40;6.22;6.08;5.96;5.87;5.82;5.84;5.94;6.07;6.22;6.39;6.58;6.77;6.99;7.22;7.52;7.91;8.42;9.05;9.85;10.88;12.25;;;;;;;;;;;;;;;;;;;;
0.400;;;;;;;;;;;;;;;;;;;;;4.83;5.17;5.54;5.94;6.35;6.74;7.09;7.37;7.59;7.79;7.97;8.14;8.30;8.44;8.55;8.60;8.50;8.31;8.10;7.89;7.69;7.51;7.35;7.22;7.12;7.05;7.00;6.99;7.01;7.05;7.12;7.21;7.32;7.46;7.61;7.78;7.96;8.16;8.36;8.57;8.77;8.98;9.18;9.37;9.55;9.72;9.88;10.01;10.11;10.15;10.13;10.05;9.96;9.88;9.82;9.77;9.73;9.69;9.66;9.62;9.58;9.53;9.48;9.42;9.34;9.26;9.16;9.05;8.91;8.76;8.59;8.40;8.20;7.98;7.75;7.52;7.28;7.05;6.82;6.61;6.41;6.24;6.09;5.96;5.87;5.82;5.83;5.92;6.05;6.21;6.38;6.57;6.77;6.99;7.24;7.54;7.94;8.47;9.12;9.97;11.08;12.57;;;;;;;;;;;;;;;;;;;;
0.300;;;;;;;;;;;;;;;;;;;;;4.83;5.18;5.57;5.98;6.41;6.82;7.18;7.46;7.70;7.90;8.08;8.25;8.40;8.53;8.62;8.65;8.52;8.33;8.12;7.91;7.70;7.52;7.36;7.23;7.13;7.06;7.02;7.01;7.02;7.06;7.13;7.22;7.33;7.46;7.61;7.77;7.95;8.13;8.33;8.52;8.72;8.91;9.11;9.29;9.47;9.64;9.80;9.96;10.09;10.16;10.11;9.97;9.85;9.77;9.72;9.69;9.67;9.65;9.62;9.60;9.56;9.53;9.48;9.43;9.36;9.28;9.18;9.07;8.94;8.79;8.62;8.43;8.22;8.00;7.77;7.54;7.30;7.06;6.84;6.62;6.42;6.25;6.09;5.97;5.88;5.83;5.82;5.92;6.05;6.20;6.38;6.57;6.78;7.01;7.26;7.57;7.98;8.53;9.21;10.11;11.29;12.91;;;;;;;;;;;;;;;;;;;;
0.200;;;;;;;;;;;;;;;;;;;;;4.84;5.20;5.60;6.03;6.46;6.89;7.26;7.55;7.80;8.00;8.18;8.35;8.49;8.60;8.68;8.68;8.54;8.34;8.13;7.91;7.71;7.53;7.37;7.25;7.15;7.08;7.04;7.02;7.04;7.08;7.14;7.23;7.33;7.46;7.60;7.76;7.93;8.11;8.29;8.48;8.66;8.85;9.02;9.19;9.36;9.52;9.67;9.84;10.01;10.14;10.08;9.84;9.70;9.65;9.64;9.63;9.62;9.61;9.60;9.58;9.55;9.52;9.48;9.42;9.36;9.28;9.19;9.08;8.95;8.80;8.63;8.44;8.23;8.01;7.78;7.54;7.30;7.07;6.84;6.63;6.43;6.25;6.10;5.97;5.89;5.83;5.83;5.92;6.05;6.21;6.39;6.58;6.80;7.03;7.29;7.61;8.03;8.60;9.32;10.26;11.53;13.28;;;;;;;;;;;;;;;;;;;;
0.100;;;;;;;;;;;;;;;;;;;;;4.84;5.22;5.63;6.07;6.52;6.96;7.34;7.64;7.89;8.10;8.28;8.43;8.56;8.66;8.71;8.69;8.54;8.34;8.12;7.91;7.71;7.53;7.38;7.25;7.16;7.09;7.05;7.04;7.05;7.09;7.15;7.24;7.34;7.46;7.60;7.75;7.91;8.08;8.26;8.43;8.60;8.77;8.94;9.09;9.24;9.37;9.50;9.63;9.79;10.01;10.04;9.63;9.57;9.58;9.59;9.60;9.60;9.59;9.58;9.56;9.54;9.51;9.47;9.42;9.35;9.28;9.18;9.07;8.94;8.79;8.62;8.43;8.22;8.00;7.77;7.54;7.30;7.06;6.84;6.62;6.43;6.25;6.10;5.98;5.89;5.84;5.84;5.93;6.06;6.22;6.40;6.60;6.82;7.06;7.32;7.65;8.09;8.67;9.43;10.43;11.78;13.68;;;;;;;;;;;;;;;;;;;;
0.000;;;;;;;;;;;;;;;;;;;;;4.85;5.23;5.66;6.11;6.58;7.03;7.42;7.73;7.99;8.20;8.37;8.51;8.62;8.70;8.73;8.68;8.52;8.32;8.11;7.90;7.70;7.53;7.38;7.26;7.16;7.10;7.06;7.05;7.06;7.10;7.16;7.25;7.35;7.47;7.60;7.74;7.90;8.06;8.22;8.39;8.55;8.71;8.85;8.99;9.11;9.22;9.32;9.40;9.46;9.52;9.55;9.58;9.60;9.61;9.61;9.61;9.60;9.59;9.57;9.55;9.52;9.49;9.45;9.40;9.33;9.26;9.16;9.05;8.92;8.77;8.59;8.40;8.20;7.98;7.75;7.52;7.28;7.05;6.82;6.61;6.42;6.25;6.10;5.98;5.90;5.85;5.85;5.94;6.08;6.24;6.43;6.63;6.85;7.09;7.36;7.70;8.16;8.76;9.55;10.60;12.05;14.12;;;;;;;;;;;;;;;;;;;;
-0.100;;;;;;;;;;;;;;;;;;;;;4.86;5.26;5.69;6.16;6.64;7.10;7.50;7.82;8.08;8.28;8.45;8.58;8.67;8.72;8.72;8.66;8.49;8.29;8.08;7.88;7.69;7.52;7.37;7.26;7.17;7.10;7.07;7.06;7.07;7.11;7.18;7.26;7.35;7.47;7.60;7.74;7.89;8.04;8.20;8.35;8.50;8.65;8.78;8.91;9.01;9.11;9.18;9.24;9.30;9.43;9.92;9.98;9.83;9.74;9.69;9.66;9.63;9.60;9.57;9.54;9.51;9.47;9.43;9.37;9.30;9.22;9.13;9.01;8.88;8.72;8.55;8.36;8.16;7.94;7.71;7.48;7.25;7.02;6.80;6.60;6.41;6.24;6.10;5.99;5.91;5.87;5.87;5.97;6.11;6.27;6.46;6.66;6.89;7.13;7.41;7.76;8.23;8.86;9.69;10.80;12.34;14.58;;;;;;;;;;;;;;;;;;;;
-0.200;;;;;;;;;;;;;;;;;;;;;4.88;5.28;5.73;6.20;6.69;7.16;7.58;7.90;8.16;8.37;8.52;8.63;8.70;8.72;8.70;8.62;8.45;8.25;8.04;7.84;7.66;7.49;7.36;7.24;7.16;7.10;7.07;7.06;7.08;7.12;7.18;7.26;7.36;7.47;7.60;7.73;7.88;8.02;8.17;8.32;8.46;8.60;8.72;8.84;8.94;9.03;9.11;9.19;9.30;9.51;9.84;9.99;9.94;9.84;9.77;9.71;9.66;9.62;9.58;9.54;9.50;9.45;9.40;9.34;9.26;9.18;9.08;8.96;8.82;8.67;8.50;8.31;8.10;7.89;7.66;7.44;7.21;6.99;6.77;6.57;6.39;6.23;6.10;5.99;5.92;5.88;5.89;6.00;6.14;6.31;6.50;6.70;6.93;7.18;7.47;7.83;8.32;8.97;9.83;11.00;12.64;15.08;;;;;;;;;;;;;;;;;;;;
-0.300;;;;;;;;;;;;;;;;;;;;;4.90;5.31;5.76;6.25;6.75;7.23;7.65;7.99;8.25;8.45;8.59;8.68;8.72;8.72;8.68;8.58;8.40;8.20;8.00;7.80;7.62;7.46;7.33;7.23;7.14;7.09;7.06;7.06;7.08;7.12;7.18;7.26;7.36;7.47;7.59;7.73;7.86;8.01;8.15;8.29;8.43;8.56;8.68;8.79;8.89;8.98;9.07;9.17;9.32;9.52;9.75;9.90;9.92;9.87;9.80;9.73;9.67;9.62;9.57;9.52;9.47;9.42;9.36;9.29;9.21;9.12;9.02;8.89;8.76;8.60;8.43;8.24;8.04;7.82;7.61;7.38;7.16;6.95;6.74;6.55;6.37;6.22;6.09;5.99;5.93;5.90;5.92;6.03;6.18;6.35;6.54;6.75;6.98;7.24;7.53;7.90;8.41;9.09;9.98;11.22;12.96;15.60;;;;;;;;;;;;;;;;;;;;
-0.400;;;;;;;;;;;;;;;;;;;;;4.92;5.34;5.80;6.30;6.81;7.29;7.73;8.07;8.33;8.53;8.66;8.73;8.74;8.72;8.64;8.52;8.34;8.14;7.94;7.75;7.58;7.42;7.30;7.20;7.12;7.07;7.05;7.05;7.07;7.11;7.18;7.26;7.35;7.46;7.58;7.71;7.85;7.99;8.13;8.26;8.39;8.52;8.64;8.75;8.85;8.95;9.05;9.16;9.31;9.48;9.66;9.78;9.83;9.82;9.78;9.72;9.66;9.60;9.54;9.49;9.43;9.37;9.30;9.23;9.15;9.05;8.94;8.82;8.68;8.52;8.35;8.16;7.96;7.75;7.54;7.32;7.11;6.90;6.70;6.51;6.35;6.20;6.09;6.00;5.94;5.92;5.96;6.08;6.23;6.40;6.60;6.81;7.04;7.30;7.60;7.98;8.50;9.21;10.14;11.44;13.30;16.14;;;;;;;;;;;;;;;;;;;;
-0.500;;;;;;;;;;;;;;;;;;;;;;5.37;5.84;6.35;6.87;7.36;7.80;8.15;8.42;8.61;8.72;8.77;8.76;8.71;8.60;8.46;8.28;8.08;7.88;7.69;7.52;7.38;7.26;7.16;7.09;7.05;7.03;7.03;7.05;7.10;7.16;7.24;7.34;7.45;7.57;7.70;7.83;7.96;8.10;8.23;8.36;8.48;8.60;8.71;8.81;8.91;9.02;9.13;9.26;9.41;9.55;9.66;9.72;9.73;9.70;9.66;9.61;9.55;9.49;9.43;9.37;9.30;9.23;9.15;9.07;8.96;8.85;8.72;8.58;8.42;8.25;8.07;7.87;7.67;7.46;7.25;7.04;6.84;6.65;6.48;6.32;6.19;6.08;6.00;5.96;5.95;6.00;6.13;6.28;6.46;6.66;6.87;7.10;7.36;7.67;8.06;8.60;9.34;10.31;11.66;13.63;16.68;;;;;;;;;;;;;;;;;;;;
-0.600;;;;;;;;;;;;;;;;;;;;;;5.41;5.89;6.41;6.93;7.43;7.88;8.24;8.51;8.69;8.79;8.82;8.79;8.70;8.57;8.41;8.21;8.01;7.81;7.63;7.46;7.32;7.21;7.12;7.05;7.01;6.99;7.00;7.03;7.08;7.14;7.22;7.32;7.43;7.54;7.67;7.80;7.93;8.07;8.20;8.32;8.44;8.56;8.66;8.77;8.87;8.97;9.08;9.20;9.32;9.44;9.53;9.58;9.61;9.60;9.57;9.52;9.47;9.41;9.35;9.29;9.22;9.14;9.06;8.97;8.87;8.75;8.62;8.48;8.32;8.15;7.97;7.78;7.58;7.38;7.17;6.98;6.79;6.61;6.44;6.30;6.17;6.08;6.01;5.98;5.98;6.05;6.18;6.34;6.52;6.72;6.93;7.17;7.43;7.74;8.14;8.71;9.46;10.47;11.88;13.95;17.21;;;;;;;;;;;;;;;;;;;;
-0.700;;;;;;;;;;;;;;;;;;;;;;5.45;5.94;6.47;7.00;7.51;7.96;8.33;8.60;8.78;8.87;8.88;8.82;8.71;8.55;8.36;8.15;7.94;7.74;7.56;7.40;7.26;7.15;7.06;7.00;6.97;6.95;6.96;6.99;7.04;7.11;7.19;7.29;7.40;7.51;7.64;7.76;7.90;8.03;8.15;8.28;8.39;8.51;8.61;8.72;8.82;8.92;9.02;9.12;9.22;9.32;9.39;9.44;9.47;9.47;9.45;9.41;9.36;9.31;9.25;9.19;9.12;9.04;8.95;8.86;8.75;8.63;8.50;8.36;8.20;8.04;7.86;7.67;7.48;7.29;7.10;6.91;6.73;6.56;6.41;6.27;6.16;6.07;6.02;6.00;6.02;6.10;6.25;6.41;6.59;6.79;7.00;7.23;7.49;7.81;8.22;8.81;9.59;10.63;12.09;14.25;17.69;;;;;;;;;;;;;;;;;;;;
-0.800;;;;;;;;;;;;;;;;;;;;;;5.50;6.00;6.54;7.08;7.59;8.05;8.42;8.70;8.87;8.95;8.94;8.86;8.72;8.54;8.33;8.10;7.88;7.68;7.50;7.34;7.20;7.09;7.01;6.95;6.92;6.91;6.92;6.95;7.00;7.07;7.15;7.25;7.35;7.47;7.59;7.72;7.85;7.98;8.10;8.22;8.34;8.45;8.55;8.65;8.75;8.84;8.94;9.03;9.11;9.19;9.25;9.29;9.32;9.32;9.30;9.27;9.23;9.18;9.13;9.06;8.99;8.91;8.83;8.73;8.62;8.50;8.37;8.23;8.08;7.91;7.74;7.56;7.38;7.20;7.01;6.83;6.67;6.51;6.37;6.25;6.15;6.07;6.03;6.02;6.06;6.17;6.31;6.48;6.67;6.86;7.07;7.30;7.56;7.87;8.30;8.91;9.70;10.77;12.27;14.50;18.09;;;;;;;;;;;;;;;;;;;;
-0.900;;;;;;;;;;;;;;;;;;;;;;5.56;6.07;6.62;7.17;7.69;8.15;8.53;8.81;8.98;9.05;9.03;8.92;8.76;8.55;8.31;8.07;7.84;7.63;7.44;7.28;7.14;7.03;6.95;6.90;6.87;6.86;6.87;6.90;6.95;7.02;7.10;7.20;7.30;7.42;7.54;7.66;7.79;7.92;8.04;8.16;8.27;8.38;8.48;8.58;8.67;8.76;8.84;8.92;8.99;9.05;9.10;9.14;9.16;9.16;9.14;9.12;9.08;9.03;8.98;8.92;8.85;8.77;8.68;8.59;8.48;8.36;8.23;8.10;7.95;7.79;7.62;7.45;7.28;7.10;6.93;6.76;6.60;6.46;6.33;6.22;6.14;6.08;6.05;6.06;6.11;6.23;6.39;6.56;6.74;6.93;7.14;7.36;7.62;7.94;8.38;9.00;9.80;10.89;12.42;14.70;18.38;;;;;;;;;;;;;;;;;;;;
-1.000;;;;;;;;;;;;;;;;;;;;;;5.62;6.15;6.71;7.27;7.80;8.27;8.65;8.93;9.10;9.17;9.13;9.01;8.82;8.58;8.32;8.05;7.80;7.58;7.39;7.22;7.09;6.98;6.90;6.84;6.81;6.80;6.82;6.85;6.90;6.97;7.05;7.14;7.25;7.36;7.48;7.60;7.72;7.85;7.97;8.09;8.20;8.30;8.40;8.49;8.58;8.66;8.73;8.80;8.86;8.91;8.95;8.97;8.99;8.99;8.97;8.95;8.91;8.87;8.82;8.76;8.69;8.61;8.53;8.43;8.33;8.21;8.09;7.95;7.81;7.66;7.50;7.33;7.17;7.00;6.84;6.69;6.54;6.41;6.30;6.20;6.13;6.08;6.07;6.10;6.17;6.31;6.47;6.64;6.82;7.00;7.20;7.42;7.67;8.00;8.45;9.08;9.89;10.98;12.52;14.81;;;;;;;;;;;;;;;;;;;;;
-1.100;;;;;;;;;;;;;;;;;;;;;;;6.23;6.81;7.38;7.92;8.40;8.78;9.07;9.24;9.30;9.25;9.11;8.90;8.64;8.35;8.06;7.79;7.55;7.35;7.18;7.04;6.93;6.85;6.79;6.76;6.75;6.76;6.79;6.84;6.91;6.99;7.08;7.18;7.29;7.41;7.53;7.65;7.77;7.89;8.00;8.11;8.21;8.31;8.40;8.48;8.55;8.61;8.67;8.72;8.76;8.79;8.81;8.82;8.81;8.80;8.77;8.74;8.69;8.64;8.58;8.52;8.44;8.36;8.27;8.16;8.05;7.93;7.80;7.66;7.52;7.37;7.22;7.06;6.91;6.76;6.62;6.49;6.37;6.27;6.18;6.13;6.10;6.10;6.14;6.24;6.39;6.55;6.72;6.89;7.07;7.26;7.47;7.72;8.04;8.51;9.14;9.95;11.03;12.56;14.82;;;;;;;;;;;;;;;;;;;;;
-1.200;;;;;;;;;;;;;;;;;;;;;;;6.33;6.92;7.51;8.07;8.55;8.94;9.22;9.40;9.46;9.39;9.24;9.01;8.73;8.42;8.10;7.80;7.55;7.33;7.15;7.00;6.89;6.80;6.74;6.71;6.70;6.71;6.74;6.78;6.85;6.93;7.02;7.12;7.22;7.34;7.45;7.57;7.69;7.80;7.91;8.02;8.12;8.21;8.29;8.36;8.43;8.49;8.54;8.58;8.61;8.63;8.64;8.64;8.63;8.61;8.59;8.55;8.51;8.46;8.40;8.34;8.26;8.18;8.09;7.99;7.89;7.77;7.65;7.52;7.38;7.24;7.10;6.96;6.81;6.68;6.55;6.43;6.33;6.24;6.17;6.13;6.12;6.13;6.19;6.32;6.47;6.63;6.79;6.96;7.13;7.31;7.51;7.76;8.08;8.55;9.17;9.97;11.03;12.52;14.70;;;;;;;;;;;;;;;;;;;;;
-1.300;;;;;;;;;;;;;;;;;;;;;;;6.44;7.06;7.67;8.24;8.73;9.12;9.40;9.58;9.63;9.57;9.40;9.15;8.85;8.51;8.17;7.84;7.57;7.33;7.14;6.98;6.86;6.77;6.70;6.66;6.65;6.66;6.68;6.73;6.79;6.86;6.95;7.04;7.15;7.26;7.37;7.48;7.60;7.71;7.81;7.92;8.01;8.10;8.17;8.24;8.30;8.35;8.40;8.43;8.45;8.46;8.47;8.46;8.45;8.43;8.40;8.36;8.32;8.27;8.21;8.15;8.08;8.00;7.91;7.82;7.72;7.61;7.49;7.37;7.25;7.12;6.98;6.85;6.72;6.60;6.48;6.38;6.29;6.22;6.17;6.14;6.14;6.18;6.26;6.40;6.55;6.71;6.87;7.03;7.18;7.35;7.54;7.78;8.10;8.58;9.18;9.95;10.97;12.39;14.46;;;;;;;;;;;;;;;;;;;;;
-1.400;;;;;;;;;;;;;;;;;;;;;;;6.57;7.21;7.84;8.43;8.94;9.33;9.61;9.79;9.84;9.76;9.59;9.32;9.00;8.64;8.28;7.92;7.61;7.36;7.15;6.98;6.84;6.74;6.67;6.63;6.61;6.61;6.63;6.67;6.73;6.80;6.88;6.97;7.07;7.18;7.28;7.39;7.50;7.61;7.71;7.81;7.90;7.98;8.05;8.12;8.17;8.21;8.25;8.27;8.29;8.30;8.30;8.29;8.27;8.24;8.21;8.17;8.13;8.08;8.02;7.96;7.89;7.82;7.74;7.65;7.55;7.45;7.34;7.23;7.11;6.99;6.87;6.75;6.64;6.53;6.43;6.34;6.26;6.20;6.17;6.16;6.18;6.23;6.34;6.49;6.64;6.79;6.94;7.08;7.22;7.37;7.55;7.79;8.12;8.58;9.15;9.89;10.85;12.18;;;;;;;;;;;;;;;;;;;;;;
-1.500;;;;;;;;;;;;;;;;;;;;;;;;7.38;8.04;8.66;9.19;9.58;9.85;10.02;10.07;9.99;9.80;9.53;9.18;8.81;8.42;8.04;7.69;7.41;7.18;6.99;6.85;6.74;6.65;6.60;6.58;6.57;6.59;6.62;6.67;6.74;6.81;6.90;6.99;7.09;7.20;7.30;7.40;7.51;7.60;7.69;7.78;7.86;7.92;7.98;8.03;8.07;8.10;8.12;8.13;8.13;8.12;8.11;8.09;8.06;8.03;7.99;7.94;7.89;7.84;7.77;7.71;7.64;7.56;7.48;7.39;7.29;7.19;7.09;6.98;6.87;6.76;6.66;6.56;6.46;6.37;6.30;6.24;6.20;6.18;6.18;6.22;6.30;6.43;6.58;6.72;6.86;7.00;7.12;7.25;7.38;7.55;7.78;8.11;8.55;9.09;9.78;10.67;11.88;;;;;;;;;;;;;;;;;;;;;;
-1.600;;;;;;;;;;;;;;;;;;;;;;;;7.57;8.27;8.92;9.48;9.88;10.14;10.30;10.34;10.25;10.06;9.77;9.41;9.01;8.60;8.20;7.82;7.50;7.24;7.03;6.87;6.74;6.65;6.59;6.56;6.54;6.55;6.58;6.62;6.68;6.75;6.83;6.92;7.01;7.11;7.21;7.30;7.40;7.49;7.58;7.66;7.73;7.79;7.85;7.89;7.93;7.95;7.96;7.97;7.97;7.96;7.94;7.91;7.88;7.84;7.80;7.76;7.71;7.65;7.59;7.53;7.46;7.39;7.31;7.23;7.14;7.05;6.96;6.86;6.76;6.67;6.57;6.48;6.40;6.33;6.27;6.23;6.20;6.20;6.22;6.28;6.39;6.52;6.66;6.80;6.93;7.05;7.15;7.26;7.38;7.53;7.76;8.08;8.48;8.99;9.61;10.42;11.49;;;;;;;;;;;;;;;;;;;;;;
-1.700;;;;;;;;;;;;;;;;;;;;;;;;7.80;8.54;9.23;9.81;10.23;10.48;10.61;10.64;10.55;10.34;10.04;9.66;9.24;8.81;8.38;7.98;7.62;7.33;7.10;6.91;6.77;6.67;6.59;6.55;6.53;6.52;6.54;6.58;6.63;6.69;6.77;6.85;6.93;7.02;7.11;7.21;7.30;7.38;7.46;7.54;7.60;7.66;7.71;7.75;7.78;7.80;7.81;7.81;7.81;7.79;7.77;7.74;7.71;7.67;7.63;7.58;7.53;7.48;7.42;7.36;7.30;7.23;7.16;7.08;7.00;6.92;6.83;6.75;6.66;6.58;6.50;6.42;6.35;6.30;6.25;6.22;6.21;6.23;6.27;6.35;6.48;6.61;6.75;6.87;6.98;7.08;7.16;7.25;7.35;7.50;7.72;8.01;8.38;8.84;9.40;10.11;;;;;;;;;;;;;;;;;;;;;;;
-1.800;;;;;;;;;;;;;;;;;;;;;;;;;8.84;9.57;10.20;10.64;10.89;10.99;10.99;10.88;10.66;10.34;9.95;9.51;9.05;8.60;8.18;7.79;7.45;7.19;6.98;6.82;6.70;6.61;6.55;6.52;6.51;6.52;6.55;6.59;6.64;6.71;6.78;6.86;6.94;7.02;7.11;7.19;7.27;7.35;7.42;7.48;7.53;7.58;7.61;7.64;7.65;7.66;7.66;7.65;7.63;7.61;7.58;7.54;7.50;7.46;7.41;7.37;7.31;7.26;7.20;7.14;7.08;7.01;6.94;6.87;6.80;6.72;6.65;6.57;6.50;6.43;6.37;6.32;6.27;6.24;6.23;6.24;6.27;6.33;6.44;6.58;6.71;6.83;6.93;7.02;7.09;7.16;7.22;7.31;7.45;7.66;7.92;8.25;8.65;9.14;9.74;;;;;;;;;;;;;;;;;;;;;;;
-1.900;;;;;;;;;;;;;;;;;;;;;;;;;9.18;9.97;10.65;11.12;11.38;11.44;11.39;11.25;11.01;10.68;10.27;9.81;9.33;8.86;8.41;7.99;7.62;7.32;7.08;6.90;6.75;6.65;6.58;6.53;6.51;6.51;6.52;6.55;6.60;6.65;6.72;6.79;6.86;6.94;7.01;7.09;7.16;7.23;7.30;7.35;7.40;7.44;7.47;7.50;7.51;7.51;7.51;7.50;7.48;7.45;7.42;7.39;7.35;7.31;7.26;7.21;7.16;7.11;7.05;7.00;6.94;6.88;6.82;6.75;6.69;6.62;6.56;6.49;6.43;6.38;6.33;6.29;6.26;6.25;6.25;6.28;6.33;6.42;6.55;6.67;6.79;6.89;6.98;7.04;7.09;7.13;7.17;7.25;7.38;7.57;7.80;8.09;8.42;8.83;9.34;;;;;;;;;;;;;;;;;;;;;;;
-2.000;;;;;;;;;;;;;;;;;;;;;;;;;;10.43;11.16;11.68;11.95;11.99;11.87;11.67;11.40;11.05;10.62;10.14;9.64;9.14;8.67;8.23;7.83;7.48;7.21;7.00;6.83;6.71;6.62;6.56;6.52;6.50;6.51;6.53;6.56;6.61;6.66;6.72;6.79;6.86;6.93;6.99;7.06;7.12;7.18;7.23;7.28;7.31;7.34;7.36;7.37;7.38;7.37;7.36;7.34;7.31;7.28;7.24;7.21;7.16;7.12;7.07;7.02;6.97;6.92;6.87;6.82;6.76;6.70;6.65;6.59;6.54;6.48;6.43;6.39;6.34;6.31;6.28;6.27;6.27;6.29;6.33;6.41;6.53;6.65;6.77;6.87;6.95;7.01;7.04;7.06;7.08;7.11;7.17;7.30;7.46;7.65;7.89;8.16;8.50;;;;;;;;;;;;;;;;;;;;;;;;
-2.100;;;;;;;;;;;;;;;;;;;;;;;;;;10.94;11.75;12.32;12.61;12.64;12.44;12.16;11.84;11.45;10.99;10.49;9.97;9.45;8.95;8.49;8.07;7.69;7.37;7.13;6.93;6.78;6.68;6.60;6.54;6.52;6.51;6.52;6.54;6.57;6.62;6.67;6.72;6.78;6.84;6.90;6.96;7.02;7.07;7.12;7.16;7.19;7.22;7.24;7.24;7.25;7.24;7.23;7.21;7.18;7.15;7.11;7.07;7.03;6.99;6.95;6.90;6.85;6.80;6.76;6.71;6.66;6.61;6.56;6.52;6.47;6.43;6.39;6.35;6.32;6.30;6.29;6.29;6.31;6.35;6.41;6.52;6.64;6.75;6.85;6.93;6.98;7.02;7.02;7.02;7.01;7.03;7.09;7.19;7.32;7.47;7.66;7.88;8.14;;;;;;;;;;;;;;;;;;;;;;;;
-2.200;;;;;;;;;;;;;;;;;;;;;;;;;;;12.42;13.05;13.37;13.38;13.14;12.74;12.33;11.89;11.40;10.87;10.33;9.78;9.26;8.77;8.32;7.92;7.58;7.28;7.06;6.89;6.75;6.66;6.59;6.54;6.52;6.52;6.53;6.55;6.58;6.62;6.67;6.72;6.77;6.82;6.88;6.93;6.97;7.01;7.05;7.08;7.10;7.12;7.13;7.13;7.12;7.11;7.09;7.06;7.03;7.00;6.96;6.92;6.88;6.84;6.79;6.75;6.71;6.66;6.62;6.58;6.54;6.49;6.46;6.42;6.39;6.36;6.34;6.32;6.31;6.32;6.33;6.37;6.42;6.52;6.64;6.75;6.84;6.92;6.98;7.00;7.00;6.98;6.95;6.93;6.94;6.99;7.07;7.16;7.27;7.41;7.57;;;;;;;;;;;;;;;;;;;;;;;;;
-2.300;;;;;;;;;;;;;;;;;;;;;;;;;;;13.17;13.89;14.24;14.25;13.95;13.44;12.89;12.37;11.83;11.27;10.70;10.13;9.58;9.07;8.60;8.18;7.81;7.48;7.22;7.01;6.86;6.74;6.65;6.59;6.55;6.53;6.53;6.54;6.56;6.59;6.62;6.66;6.71;6.75;6.80;6.84;6.88;6.92;6.95;6.98;7.00;7.01;7.02;7.02;7.01;7.00;6.98;6.96;6.93;6.90;6.86;6.82;6.78;6.74;6.70;6.67;6.63;6.59;6.55;6.51;6.48;6.45;6.42;6.39;6.37;6.35;6.34;6.34;6.35;6.36;6.40;6.45;6.54;6.65;6.75;6.85;6.92;6.98;7.00;6.99;6.96;6.91;6.87;6.84;6.84;6.87;6.92;6.97;7.05;7.14;7.25;;;;;;;;;;;;;;;;;;;;;;;;;
-2.400;;;;;;;;;;;;;;;;;;;;;;;;;;;;14.82;15.23;15.23;14.87;14.27;13.56;12.90;12.29;11.68;11.07;10.48;9.91;9.38;8.89;8.44;8.05;7.71;7.41;7.17;6.98;6.84;6.73;6.65;6.59;6.56;6.54;6.54;6.55;6.56;6.59;6.62;6.65;6.69;6.73;6.77;6.80;6.84;6.86;6.89;6.91;6.92;6.92;6.92;6.92;6.91;6.89;6.87;6.84;6.81;6.78;6.74;6.71;6.67;6.63;6.60;6.56;6.53;6.50;6.47;6.44;6.42;6.40;6.38;6.37;6.36;6.37;6.38;6.40;6.43;6.48;6.56;6.67;6.77;6.86;6.94;6.99;7.01;7.00;6.96;6.90;6.83;6.77;6.73;6.73;6.73;6.75;6.77;6.81;6.86;;;;;;;;;;;;;;;;;;;;;;;;;;
-2.500;;;;;;;;;;;;;;;;;;;;;;;;;;;;15.84;16.32;16.32;15.90;15.20;14.36;13.51;12.78;12.11;11.46;10.84;10.25;9.69;9.18;8.72;8.30;7.94;7.62;7.35;7.13;6.96;6.82;6.72;6.65;6.60;6.57;6.55;6.55;6.55;6.57;6.59;6.62;6.65;6.68;6.71;6.74;6.77;6.79;6.81;6.83;6.84;6.84;6.85;6.84;6.83;6.81;6.79;6.77;6.74;6.71;6.68;6.65;6.62;6.58;6.55;6.52;6.49;6.47;6.45;6.43;6.41;6.40;6.39;6.39;6.40;6.41;6.44;6.47;6.52;6.60;6.70;6.80;6.89;6.96;7.01;7.03;7.02;6.97;6.90;6.82;6.73;6.66;6.62;6.60;6.57;6.56;6.56;6.56;6.59;;;;;;;;;;;;;;;;;;;;;;;;;;
-2.600;;;;;;;;;;;;;;;;;;;;;;;;;;;;;17.50;17.51;17.04;16.23;15.25;14.24;13.33;12.55;11.85;11.19;10.57;10.00;9.47;8.99;8.56;8.18;7.84;7.55;7.30;7.10;6.94;6.82;6.73;6.66;6.61;6.58;6.56;6.56;6.56;6.58;6.59;6.61;6.64;6.66;6.69;6.71;6.73;6.75;6.77;6.78;6.78;6.78;6.78;6.77;6.75;6.74;6.71;6.69;6.66;6.64;6.61;6.58;6.55;6.52;6.50;6.48;6.46;6.44;6.43;6.42;6.42;6.43;6.44;6.45;6.48;6.52;6.57;6.65;6.75;6.84;6.92;6.99;7.04;7.05;7.04;6.99;6.92;6.82;6.72;6.63;6.56;6.50;6.45;6.40;6.36;6.33;6.32;;;;;;;;;;;;;;;;;;;;;;;;;;;
-2.700;;;;;;;;;;;;;;;;;;;;;;;;;;;;;18.70;18.76;18.23;17.32;16.21;15.06;13.96;13.03;12.24;11.53;10.88;10.29;9.74;9.25;8.81;8.41;8.06;7.76;7.50;7.27;7.08;6.94;6.82;6.74;6.67;6.63;6.60;6.58;6.58;6.58;6.59;6.60;6.62;6.63;6.65;6.67;6.69;6.71;6.72;6.73;6.73;6.74;6.73;6.72;6.71;6.70;6.68;6.66;6.63;6.61;6.59;6.56;6.54;6.52;6.50;6.48;6.47;6.46;6.46;6.46;6.47;6.48;6.50;6.53;6.57;6.63;6.71;6.80;6.89;6.96;7.03;7.07;7.09;7.07;7.02;6.94;6.84;6.73;6.61;6.52;6.44;6.36;6.29;6.22;6.16;6.11;;;;;;;;;;;;;;;;;;;;;;;;;;;;
-2.800;;;;;;;;;;;;;;;;;;;;;;;;;;;;;;19.98;19.43;18.42;17.19;15.90;14.66;13.56;12.64;11.86;11.18;10.56;10.00;9.50;9.04;8.64;8.28;7.96;7.69;7.45;7.25;7.08;6.94;6.84;6.75;6.70;6.65;6.62;6.60;6.60;6.60;6.60;6.61;6.62;6.64;6.65;6.67;6.68;6.69;6.70;6.71;6.71;6.70;6.70;6.69;6.68;6.66;6.64;6.62;6.60;6.58;6.56;6.54;6.53;6.51;6.51;6.50;6.50;6.50;6.51;6.53;6.56;6.59;6.63;6.69;6.77;6.85;6.94;7.01;7.07;7.11;7.13;7.11;7.06;6.98;6.87;6.75;6.62;6.50;6.40;6.30;6.21;6.12;6.03;5.95;5.89;;;;;;;;;;;;;;;;;;;;;;;;;;;;
-2.900;;;;;;;;;;;;;;;;;;;;;;;;;;;;;;;20.52;19.45;18.12;16.72;15.37;14.13;13.06;12.19;11.46;10.81;10.24;9.72;9.26;8.85;8.48;8.16;7.88;7.63;7.42;7.24;7.08;6.95;6.86;6.78;6.72;6.68;6.65;6.64;6.63;6.62;6.63;6.63;6.64;6.65;6.66;6.67;6.68;6.69;6.70;6.70;6.70;6.69;6.68;6.67;6.66;6.64;6.63;6.61;6.59;6.58;6.57;6.56;6.55;6.55;6.55;6.55;6.57;6.59;6.61;6.65;6.70;6.76;6.83;6.91;6.99;7.06;7.12;7.15;7.17;7.15;7.10;7.02;6.91;6.78;6.64;6.51;6.39;6.28;6.16;6.04;5.94;5.84;5.75;;;;;;;;;;;;;;;;;;;;;;;;;;;;;
-3.000;;;;;;;;;;;;;;;;;;;;;;;;;;;;;;;;20.29;18.92;17.44;16.00;14.69;13.52;12.52;11.72;11.04;10.44;9.92;9.45;9.03;8.66;8.34;8.05;7.80;7.58;7.40;7.24;7.10;6.98;6.89;6.82;6.76;6.72;6.70;6.68;6.67;6.66;6.66;6.67;6.67;6.68;6.69;6.70;6.70;6.71;6.71;6.71;6.70;6.69;6.69;6.67;6.66;6.65;6.64;6.62;6.61;6.61;6.60;6.60;6.60;6.61;6.63;6.65;6.68;6.71;6.76;6.83;6.89;6.97;7.04;7.10;7.16;7.19;7.20;7.19;7.14;7.06;6.95;6.82;6.67;6.53;6.40;6.27;6.13;6.00;5.87;5.76;5.65;;;;;;;;;;;;;;;;;;;;;;;;;;;;;;
-3.100;;;;;;;;;;;;;;;;;;;;;;;;;;;;;;;;20.78;19.45;17.97;16.50;15.14;13.93;12.86;11.97;11.24;10.62;10.08;9.61;9.20;8.82;8.50;8.21;7.96;7.74;7.55;7.39;7.25;7.13;7.02;6.94;6.87;6.82;6.78;6.75;6.74;6.72;6.72;6.72;6.72;6.72;6.73;6.73;6.73;6.74;6.74;6.73;6.73;6.72;6.72;6.71;6.70;6.69;6.68;6.67;6.66;6.66;6.66;6.66;6.67;6.69;6.71;6.74;6.78;6.83;6.89;6.95;7.01;7.08;7.14;7.19;7.22;7.23;7.22;7.17;7.09;6.99;6.86;6.71;6.56;6.42;6.28;6.13;5.98;5.84;5.70;5.58;;;;;;;;;;;;;;;;;;;;;;;;;;;;;;;
-3.200;;;;;;;;;;;;;;;;;;;;;;;;;;;;;;;;;19.61;18.22;16.79;15.45;14.23;13.14;12.21;11.42;10.77;10.22;9.74;9.33;8.96;8.64;8.35;8.10;7.88;7.70;7.53;7.39;7.27;7.17;7.08;7.00;6.94;6.89;6.86;6.83;6.81;6.80;6.79;6.79;6.78;6.78;6.79;6.79;6.78;6.78;6.78;6.78;6.77;6.76;6.75;6.74;6.74;6.73;6.72;6.72;6.72;6.72;6.73;6.75;6.77;6.80;6.84;6.88;6.93;6.99;7.05;7.11;7.17;7.21;7.25;7.26;7.24;7.20;7.13;7.03;6.90;6.76;6.61;6.46;6.30;6.14;5.98;5.82;5.67;5.53;5.40;;;;;;;;;;;;;;;;;;;;;;;;;;;;;;;
-3.300;;;;;;;;;;;;;;;;;;;;;;;;;;;;;;;;;;18.11;16.81;15.55;14.37;13.32;12.39;11.59;10.89;10.32;9.84;9.43;9.06;8.74;8.47;8.22;8.01;7.82;7.67;7.53;7.41;7.31;7.22;7.15;7.09;7.03;6.99;6.95;6.92;6.90;6.89;6.88;6.87;6.87;6.86;6.86;6.85;6.85;6.84;6.84;6.83;6.82;6.81;6.80;6.79;6.79;6.78;6.78;6.79;6.79;6.81;6.83;6.85;6.88;6.92;6.97;7.02;7.08;7.13;7.18;7.23;7.26;7.27;7.26;7.22;7.15;7.06;6.94;6.80;6.65;6.50;6.34;6.17;6.00;5.83;5.66;5.51;5.36;;;;;;;;;;;;;;;;;;;;;;;;;;;;;;;;
-3.400;;;;;;;;;;;;;;;;;;;;;;;;;;;;;;;;;;;16.48;15.38;14.31;13.33;12.45;11.68;10.99;10.40;9.91;9.49;9.13;8.82;8.55;8.32;8.11;7.93;7.78;7.64;7.53;7.43;7.35;7.28;7.22;7.17;7.13;7.10;7.07;7.04;7.02;7.00;6.98;6.97;6.96;6.95;6.94;6.93;6.92;6.91;6.90;6.89;6.88;6.87;6.86;6.85;6.85;6.85;6.85;6.86;6.87;6.89;6.92;6.95;6.99;7.03;7.08;7.13;7.18;7.22;7.25;7.26;7.26;7.23;7.17;7.08;6.97;6.84;6.70;6.54;6.38;6.21;6.03;5.85;5.67;5.50;5.34;;;;;;;;;;;;;;;;;;;;;;;;;;;;;;;;;
-3.500;;;;;;;;;;;;;;;;;;;;;;;;;;;;;;;;;;;;14.94;14.03;13.17;12.38;11.66;11.02;10.45;9.96;9.53;9.18;8.87;8.61;8.38;8.18;8.01;7.87;7.74;7.63;7.54;7.47;7.40;7.35;7.30;7.27;7.23;7.20;7.18;7.16;7.14;7.12;7.10;7.08;7.06;7.05;7.03;7.01;7.00;6.98;6.96;6.94;6.93;6.91;6.90;6.89;6.89;6.89;6.90;6.91;6.93;6.96;6.99;7.03;7.08;7.12;7.16;7.20;7.23;7.25;7.24;7.22;7.17;7.09;6.99;6.87;6.74;6.59;6.42;6.25;6.06;5.87;5.69;5.51;5.34;;;;;;;;;;;;;;;;;;;;;;;;;;;;;;;;;;
-3.600;;;;;;;;;;;;;;;;;;;;;;;;;;;;;;;;;;;;;13.54;12.83;12.15;11.52;10.94;10.42;9.96;9.55;9.20;8.90;8.64;8.42;8.23;8.07;7.93;7.81;7.71;7.63;7.56;7.50;7.46;7.42;7.38;7.35;7.33;7.30;7.28;7.26;7.24;7.21;7.19;7.17;7.15;7.12;7.10;7.07;7.04;7.02;6.99;6.97;6.95;6.94;6.92;6.92;6.92;6.92;6.94;6.96;6.98;7.01;7.05;7.09;7.13;7.17;7.20;7.21;7.21;7.20;7.16;7.09;7.00;6.90;6.77;6.63;6.47;6.29;6.10;5.91;5.72;5.53;5.35;;;;;;;;;;;;;;;;;;;;;;;;;;;;;;;;;;;
-3.700;;;;;;;;;;;;;;;;;;;;;;;;;;;;;;;;;;;;;;12.32;11.78;11.25;10.76;10.31;9.90;9.52;9.19;8.90;8.65;8.43;8.25;8.10;7.97;7.86;7.77;7.69;7.63;7.58;7.53;7.50;7.47;7.44;7.42;7.40;7.38;7.35;7.33;7.31;7.28;7.25;7.22;7.19;7.15;7.12;7.09;7.05;7.02;7.00;6.97;6.95;6.93;6.93;6.92;6.93;6.94;6.96;6.98;7.01;7.05;7.08;7.12;7.15;7.16;7.17;7.16;7.13;7.08;7.00;6.91;6.79;6.65;6.50;6.32;6.14;5.94;5.75;5.56;5.37;;;;;;;;;;;;;;;;;;;;;;;;;;;;;;;;;;;;
-3.800;;;;;;;;;;;;;;;;;;;;;;;;;;;;;;;;;;;;;;;11.26;10.86;10.47;10.10;9.75;9.43;9.13;8.87;8.63;8.43;8.25;8.11;7.98;7.88;7.79;7.72;7.67;7.62;7.58;7.55;7.53;7.50;7.48;7.46;7.44;7.42;7.39;7.36;7.33;7.30;7.26;7.22;7.18;7.14;7.10;7.06;7.03;6.99;6.96;6.94;6.92;6.91;6.91;6.91;6.92;6.94;6.97;6.99;7.02;7.05;7.08;7.10;7.11;7.11;7.09;7.04;6.98;6.90;6.80;6.67;6.52;6.35;6.17;5.98;5.78;5.59;;;;;;;;;;;;;;;;;;;;;;;;;;;;;;;;;;;;;;
-3.900;;;;;;;;;;;;;;;;;;;;;;;;;;;;;;;;;;;;;;;;;10.09;9.80;9.52;9.26;9.02;8.79;8.59;8.40;8.23;8.09;7.98;7.88;7.80;7.73;7.68;7.63;7.60;7.57;7.55;7.53;7.51;7.49;7.47;7.44;7.42;7.38;7.35;7.31;7.27;7.23;7.18;7.14;7.09;7.05;7.01;6.97;6.94;6.91;6.89;6.88;6.88;6.88;6.89;6.91;6.93;6.96;6.98;7.01;7.03;7.04;7.04;7.03;6.99;6.94;6.87;6.78;6.66;6.52;6.36;6.19;6.00;5.81;5.62;;;;;;;;;;;;;;;;;;;;;;;;;;;;;;;;;;;;;;;
-4.000;;;;;;;;;;;;;;;;;;;;;;;;;;;;;;;;;;;;;;;;;;9.43;9.23;9.03;8.84;8.66;8.49;8.33;8.19;8.07;7.96;7.86;7.78;7.72;7.67;7.63;7.59;7.57;7.54;7.52;7.50;7.48;7.46;7.44;7.40;7.37;7.33;7.29;7.25;7.20;7.15;7.10;7.05;7.01;6.96;6.93;6.89;6.87;6.85;6.84;6.83;6.84;6.85;6.86;6.88;6.90;6.92;6.94;6.96;6.96;6.95;6.92;6.88;6.82;6.74;6.63;6.51;6.36;6.19;6.02;5.83;5.64;;;;;;;;;;;;;;;;;;;;;;;;;;;;;;;;;;;;;;;;
-4.100;;;;;;;;;;;;;;;;;;;;;;;;;;;;;;;;;;;;;;;;;;;8.87;8.74;8.60;8.47;8.34;8.22;8.11;8.01;7.92;7.83;7.76;7.69;7.64;7.60;7.57;7.54;7.51;7.49;7.47;7.45;7.42;7.39;7.36;7.32;7.28;7.24;7.19;7.14;7.09;7.04;6.99;6.94;6.90;6.86;6.83;6.81;6.79;6.78;6.77;6.77;6.78;6.80;6.81;6.83;6.84;6.85;6.86;6.85;6.83;6.80;6.74;6.67;6.58;6.47;6.33;6.18;6.02;5.84;;;;;;;;;;;;;;;;;;;;;;;;;;;;;;;;;;;;;;;;;;
-4.200;;;;;;;;;;;;;;;;;;;;;;;;;;;;;;;;;;;;;;;;;;;;;8.32;8.24;8.15;8.07;7.99;7.91;7.84;7.77;7.71;7.66;7.61;7.57;7.53;7.50;7.47;7.44;7.41;7.39;7.36;7.33;7.29;7.25;7.21;7.16;7.11;7.06;7.01;6.96;6.91;6.86;6.82;6.78;6.75;6.73;6.71;6.70;6.69;6.69;6.70;6.71;6.72;6.73;6.73;6.74;6.73;6.71;6.69;6.64;6.58;6.50;6.40;6.29;6.15;6.00;5.83;;;;;;;;;;;;;;;;;;;;;;;;;;;;;;;;;;;;;;;;;;;
-4.300;;;;;;;;;;;;;;;;;;;;;;;;;;;;;;;;;;;;;;;;;;;;;;;7.92;7.87;7.82;7.77;7.73;7.68;7.64;7.60;7.56;7.52;7.49;7.45;7.42;7.39;7.35;7.32;7.28;7.25;7.21;7.16;7.12;7.07;7.02;6.96;6.91;6.86;6.81;6.77;6.73;6.69;6.66;6.63;6.61;6.60;6.59;6.59;6.59;6.59;6.60;6.60;6.60;6.59;6.58;6.55;6.52;6.47;6.40;6.32;6.21;6.09;5.96;;;;;;;;;;;;;;;;;;;;;;;;;;;;;;;;;;;;;;;;;;;;;
-4.400;;;;;;;;;;;;;;;;;;;;;;;;;;;;;;;;;;;;;;;;;;;;;;;;7.64;7.63;7.60;7.58;7.56;7.53;7.50;7.48;7.45;7.42;7.39;7.36;7.32;7.29;7.25;7.21;7.16;7.11;7.06;7.01;6.96;6.91;6.85;6.80;6.75;6.70;6.65;6.61;6.57;6.54;6.51;6.49;6.48;6.46;6.46;6.45;6.45;6.45;6.44;6.44;6.43;6.41;6.38;6.34;6.28;6.21;6.12;6.02;;;;;;;;;;;;;;;;;;;;;;;;;;;;;;;;;;;;;;;;;;;;;;;
-4.500;;;;;;;;;;;;;;;;;;;;;;;;;;;;;;;;;;;;;;;;;;;;;;;;;;7.40;7.40;7.40;7.39;7.38;7.36;7.34;7.32;7.29;7.27;7.23;7.20;7.15;7.11;7.06;7.01;6.96;6.90;6.84;6.79;6.73;6.67;6.62;6.56;6.52;6.47;6.43;6.40;6.37;6.34;6.33;6.31;6.30;6.29;6.28;6.28;6.27;6.26;6.24;6.22;6.19;6.14;6.08;6.01;;;;;;;;;;;;;;;;;;;;;;;;;;;;;;;;;;;;;;;;;;;;;;;;;
-4.600;;;;;;;;;;;;;;;;;;;;;;;;;;;;;;;;;;;;;;;;;;;;;;;;;;;;;7.22;7.22;7.22;7.21;7.19;7.17;7.15;7.12;7.08;7.04;6.99;6.94;6.89;6.83;6.77;6.71;6.65;6.58;6.52;6.47;6.41;6.36;6.32;6.28;6.24;6.21;6.18;6.16;6.14;6.13;6.12;6.11;6.10;6.09;6.07;6.05;6.03;5.99;5.94;;;;;;;;;;;;;;;;;;;;;;;;;;;;;;;;;;;;;;;;;;;;;;;;;;;
-4.700;;;;;;;;;;;;;;;;;;;;;;;;;;;;;;;;;;;;;;;;;;;;;;;;;;;;;;;7.05;7.05;7.05;7.03;7.01;6.98;6.94;6.90;6.85;6.80;6.74;6.68;6.62;6.55;6.49;6.43;6.36;6.30;6.25;6.20;6.15;6.11;6.07;6.04;6.01;5.99;5.97;5.95;5.94;5.93;5.91;5.90;5.88;5.86;5.83;;;;;;;;;;;;;;;;;;;;;;;;;;;;;;;;;;;;;;;;;;;;;;;;;;;;;
-4.800;;;;;;;;;;;;;;;;;;;;;;;;;;;;;;;;;;;;;;;;;;;;;;;;;;;;;;;;;;6.86;6.85;6.82;6.78;6.74;6.69;6.64;6.58;6.52;6.45;6.39;6.32;6.25;6.19;6.13;6.08;6.02;5.98;5.93;5.90;5.86;5.83;5.81;5.79;5.77;5.76;5.75;5.73;;;;;;;;;;;;;;;;;;;;;;;;;;;;;;;;;;;;;;;;;;;;;;;;;;;;;;;;;
-4.900;;;;;;;;;;;;;;;;;;;;;;;;;;;;;;;;;;;;;;;;;;;;;;;;;;;;;;;;;;;;;;;6.52;6.46;6.40;6.34;6.28;6.21;6.14;6.08;6.02;5.96;5.90;5.85;5.80;5.76;5.72;5.69;5.66;5.64;5.62;;;;;;;;;;;;;;;;;;;;;;;;;;;;;;;;;;;;;;;;;;;;;;;;;;;;;;;;;;;;;
-5.000;;;;;;;;;;;;;;;;;;;;;;;;;;;;;;;;;;;;;;;;;;;;;;;;;;;;;;;;;;;;;;;;;;;;;;;;;;;;;;;;;;;;;;;;;;;;;;;;;;;;;;;;;;;;;;;;;;;;;;;;;;;;;;;;;;;;;;;;;;;;;;
-5.100;;;;;;;;;;;;;;;;;;;;;;;;;;;;;;;;;;;;;;;;;;;;;;;;;;;;;;;;;;;;;;;;;;;;;;;;;;;;;;;;;;;;;;;;;;;;;;;;;;;;;;;;;;;;;;;;;;;;;;;;;;;;;;;;;;;;;;;;;;;;;;
-5.200;;;;;;;;;;;;;;;;;;;;;;;;;;;;;;;;;;;;;;;;;;;;;;;;;;;;;;;;;;;;;;;;;;;;;;;;;;;;;;;;;;;;;;;;;;;;;;;;;;;;;;;;;;;;;;;;;;;;;;;;;;;;;;;;;;;;;;;;;;;;;;
-5.300;;;;;;;;;;;;;;;;;;;;;;;;;;;;;;;;;;;;;;;;;;;;;;;;;;;;;;;;;;;;;;;;;;;;;;;;;;;;;;;;;;;;;;;;;;;;;;;;;;;;;;;;;;;;;;;;;;;;;;;;;;;;;;;;;;;;;;;;;;;;;;
-5.400;;;;;;;;;;;;;;;;;;;;;;;;;;;;;;;;;;;;;;;;;;;;;;;;;;;;;;;;;;;;;;;;;;;;;;;;;;;;;;;;;;;;;;;;;;;;;;;;;;;;;;;;;;;;;;;;;;;;;;;;;;;;;;;;;;;;;;;;;;;;;;
-5.500;;;;;;;;;;;;;;;;;;;;;;;;;;;;;;;;;;;;;;;;;;;;;;;;;;;;;;;;;;;;;;;;;;;;;;;;;;;;;;;;;;;;;;;;;;;;;;;;;;;;;;;;;;;;;;;;;;;;;;;;;;;;;;;;;;;;;;;;;;;;;;
-5.600;;;;;;;;;;;;;;;;;;;;;;;;;;;;;;;;;;;;;;;;;;;;;;;;;;;;;;;;;;;;;;;;;;;;;;;;;;;;;;;;;;;;;;;;;;;;;;;;;;;;;;;;;;;;;;;;;;;;;;;;;;;;;;;;;;;;;;;;;;;;;;
-5.700;;;;;;;;;;;;;;;;;;;;;;;;;;;;;;;;;;;;;;;;;;;;;;;;;;;;;;;;;;;;;;;;;;;;;;;;;;;;;;;;;;;;;;;;;;;;;;;;;;;;;;;;;;;;;;;;;;;;;;;;;;;;;;;;;;;;;;;;;;;;;;
-5.800;;;;;;;;;;;;;;;;;;;;;;;;;;;;;;;;;;;;;;;;;;;;;;;;;;;;;;;;;;;;;;;;;;;;;;;;;;;;;;;;;;;;;;;;;;;;;;;;;;;;;;;;;;;;;;;;;;;;;;;;;;;;;;;;;;;;;;;;;;;;;;
-5.900;;;;;;;;;;;;;;;;;;;;;;;;;;;;;;;;;;;;;;;;;;;;;;;;;;;;;;;;;;;;;;;;;;;;;;;;;;;;;;;;;;;;;;;;;;;;;;;;;;;;;;;;;;;;;;;;;;;;;;;;;;;;;;;;;;;;;;;;;;;;;;
-6.000;;;;;;;;;;;;;;;;;;;;;;;;;;;;;;;;;;;;;;;;;;;;;;;;;;;;;;;;;;;;;;;;;;;;;;;;;;;;;;;;;;;;;;;;;;;;;;;;;;;;;;;;;;;;;;;;;;;;;;;;;;;;;;;;;;;;;;;;;;;;;;
-6.100;;;;;;;;;;;;;;;;;;;;;;;;;;;;;;;;;;;;;;;;;;;;;;;;;;;;;;;;;;;;;;;;;;;;;;;;;;;;;;;;;;;;;;;;;;;;;;;;;;;;;;;;;;;;;;;;;;;;;;;;;;;;;;;;;;;;;;;;;;;;;;
-6.200;;;;;;;;;;;;;;;;;;;;;;;;;;;;;;;;;;;;;;;;;;;;;;;;;;;;;;;;;;;;;;;;;;;;;;;;;;;;;;;;;;;;;;;;;;;;;;;;;;;;;;;;;;;;;;;;;;;;;;;;;;;;;;;;;;;;;;;;;;;;;;
-6.300;;;;;;;;;;;;;;;;;;;;;;;;;;;;;;;;;;;;;;;;;;;;;;;;;;;;;;;;;;;;;;;;;;;;;;;;;;;;;;;;;;;;;;;;;;;;;;;;;;;;;;;;;;;;;;;;;;;;;;;;;;;;;;;;;;;;;;;;;;;;;;
-6.400;;;;;;;;;;;;;;;;;;;;;;;;;;;;;;;;;;;;;;;;;;;;;;;;;;;;;;;;;;;;;;;;;;;;;;;;;;;;;;;;;;;;;;;;;;;;;;;;;;;;;;;;;;;;;;;;;;;;;;;;;;;;;;;;;;;;;;;;;;;;;;
-6.500;;;;;;;;;;;;;;;;;;;;;;;;;;;;;;;;;;;;;;;;;;;;;;;;;;;;;;;;;;;;;;;;;;;;;;;;;;;;;;;;;;;;;;;;;;;;;;;;;;;;;;;;;;;;;;;;;;;;;;;;;;;;;;;;;;;;;;;;;;;;;;
-6.600;;;;;;;;;;;;;;;;;;;;;;;;;;;;;;;;;;;;;;;;;;;;;;;;;;;;;;;;;;;;;;;;;;;;;;;;;;;;;;;;;;;;;;;;;;;;;;;;;;;;;;;;;;;;;;;;;;;;;;;;;;;;;;;;;;;;;;;;;;;;;;
-6.700;;;;;;;;;;;;;;;;;;;;;;;;;;;;;;;;;;;;;;;;;;;;;;;;;;;;;;;;;;;;;;;;;;;;;;;;;;;;;;;;;;;;;;;;;;;;;;;;;;;;;;;;;;;;;;;;;;;;;;;;;;;;;;;;;;;;;;;;;;;;;;
-6.800;;;;;;;;;;;;;;;;;;;;;;;;;;;;;;;;;;;;;;;;;;;;;;;;;;;;;;;;;;;;;;;;;;;;;;;;;;;;;;;;;;;;;;;;;;;;;;;;;;;;;;;;;;;;;;;;;;;;;;;;;;;;;;;;;;;;;;;;;;;;;;
-6.900;;;;;;;;;;;;;;;;;;;;;;;;;;;;;;;;;;;;;;;;;;;;;;;;;;;;;;;;;;;;;;;;;;;;;;;;;;;;;;;;;;;;;;;;;;;;;;;;;;;;;;;;;;;;;;;;;;;;;;;;;;;;;;;;;;;;;;;;;;;;;;
-7.000;;;;;;;;;;;;;;;;;;;;;;;;;;;;;;;;;;;;;;;;;;;;;;;;;;;;;;;;;;;;;;;;;;;;;;;;;;;;;;;;;;;;;;;;;;;;;;;;;;;;;;;;;;;;;;;;;;;;;;;;;;;;;;;;;;;;;;;;;;;;;;
TANGENTIAL BACK;-7.000;-6.900;-6.800;-6.700;-6.600;-6.500;-6.400;-6.300;-6.200;-6.100;-6.000;-5.900;-5.800;-5.700;-5.600;-5.500;-5.400;-5.300;-5.200;-5.100;-5.000;-4.900;-4.800;-4.700;-4.600;-4.500;-4.400;-4.300;-4.200;-4.100;-4.000;-3.900;-3.800;-3.700;-3.600;-3.500;-3.400;-3.300;-3.200;-3.100;-3.000;-2.900;-2.800;-2.700;-2.600;-2.500;-2.400;-2.300;-2.200;-2.100;-2.000;-1.900;-1.800;-1.700;-1.600;-1.500;-1.400;-1.300;-1.200;-1.100;-1.000;-0.900;-0.800;-0.700;-0.600;-0.500;-0.400;-0.300;-0.200;-0.100;0.000;0.100;0.200;0.300;0.400;0.500;0.600;0.700;0.800;0.900;1.000;1.100;1.200;1.300;1.400;1.500;1.600;1.700;1.800;1.900;2.000;2.100;2.200;2.300;2.400;2.500;2.600;2.700;2.800;2.900;3.000;3.100;3.200;3.300;3.400;3.500;3.600;3.700;3.800;3.900;4.000;4.100;4.200;4.300;4.400;4.500;4.600;4.700;4.800;4.900;5.000;5.100;5.200;5.300;5.400;5.500;5.600;5.700;5.800;5.900;6.000;6.100;6.200;6.300;6.400;6.500;6.600;6.700;6.800;6.900;7.000;
7.000;;;;;;;;;;;;;;;;;;;;;;;;;;;;;;;;;;;;;;;;;;;;;;;;;;;;;;;;;;;;;;;;;;;;;;;;;;;;;;;;;;;;;;;;;;;;;;;;;;;;;;;;;;;;;;;;;;;;;;;;;;;;;;;;;;;;;;;;;;;;;;
6.900;;;;;;;;;;;;;;;;;;;;;;;;;;;;;;;;;;;;;;;;;;;;;;;;;;;;;;;;;;;;;;;;;;;;;;;;;;;;;;;;;;;;;;;;;;;;;;;;;;;;;;;;;;;;;;;;;;;;;;;;;;;;;;;;;;;;;;;;;;;;;;
6.800;;;;;;;;;;;;;;;;;;;;;;;;;;;;;;;;;;;;;;;;;;;;;;;;;;;;;;;;;;;;;;;;;;;;;;;;;;;;;;;;;;;;;;;;;;;;;;;;;;;;;;;;;;;;;;;;;;;;;;;;;;;;;;;;;;;;;;;;;;;;;;
6.700;;;;;;;;;;;;;;;;;;;;;;;;;;;;;;;;;;;;;;;;;;;;;;;;;;;;;;;;;;;;;;;;;;;;;;;;;;;;;;;;;;;;;;;;;;;;;;;;;;;;;;;;;;;;;;;;;;;;;;;;;;;;;;;;;;;;;;;;;;;;;;
6.600;;;;;;;;;;;;;;;;;;;;;;;;;;;;;;;;;;;;;;;;;;;;;;;;;;;;;;;;;;;;;;;;;;;;;;;;;;;;;;;;;;;;;;;;;;;;;;;;;;;;;;;;;;;;;;;;;;;;;;;;;;;;;;;;;;;;;;;;;;;;;;
6.500;;;;;;;;;;;;;;;;;;;;;;;;;;;;;;;;;;;;;;;;;;;;;;;;;;;;;;;;;;;;;;;;;;;;;;;;;;;;;;;;;;;;;;;;;;;;;;;;;;;;;;;;;;;;;;;;;;;;;;;;;;;;;;;;;;;;;;;;;;;;;;
6.400;;;;;;;;;;;;;;;;;;;;;;;;;;;;;;;;;;;;;;;;;;;;;;;;;;;;;;;;;;;;;;;;;;;;;;;;;;;;;;;;;;;;;;;;;;;;;;;;;;;;;;;;;;;;;;;;;;;;;;;;;;;;;;;;;;;;;;;;;;;;;;
6.300;;;;;;;;;;;;;;;;;;;;;;;;;;;;;;;;;;;;;;;;;;;;;;;;;;;;;;;;;;;;;;;;;;;;;;;;;;;;;;;;;;;;;;;;;;;;;;;;;;;;;;;;;;;;;;;;;;;;;;;;;;;;;;;;;;;;;;;;;;;;;;
6.200;;;;;;;;;;;;;;;;;;;;;;;;;;;;;;;;;;;;;;;;;;;;;;;;;;;;;;;;;;;;;;;;;;;;;;;;;;;;;;;;;;;;;;;;;;;;;;;;;;;;;;;;;;;;;;;;;;;;;;;;;;;;;;;;;;;;;;;;;;;;;;
6.100;;;;;;;;;;;;;;;;;;;;;;;;;;;;;;;;;;;;;;;;;;;;;;;;;;;;;;;;;;;;;;;;;;;;;;;;;;;;;;;;;;;;;;;;;;;;;;;;;;;;;;;;;;;;;;;;;;;;;;;;;;;;;;;;;;;;;;;;;;;;;;
6.000;;;;;;;;;;;;;;;;;;;;;;;;;;;;;;;;;;;;;;;;;;;;;;;;;;;;;;;;;;;;;;;;;;;;;;;;;;;;;;;;;;;;;;;;;;;;;;;;;;;;;;;;;;;;;;;;;;;;;;;;;;;;;;;;;;;;;;;;;;;;;;
5.900;;;;;;;;;;;;;;;;;;;;;;;;;;;;;;;;;;;;;;;;;;;;;;;;;;;;;;;;;;;;;;;;;;;;;;;;;;;;;;;;;;;;;;;;;;;;;;;;;;;;;;;;;;;;;;;;;;;;;;;;;;;;;;;;;;;;;;;;;;;;;;
5.800;;;;;;;;;;;;;;;;;;;;;;;;;;;;;;;;;;;;;;;;;;;;;;;;;;;;;;;;;;;;;;;;;;;;;;;;;;;;;;;;;;;;;;;;;;;;;;;;;;;;;;;;;;;;;;;;;;;;;;;;;;;;;;;;;;;;;;;;;;;;;;
5.700;;;;;;;;;;;;;;;;;;;;;;;;;;;;;;;;;;;;;;;;;;;;;;;;;;;;;;;;;;;;;;;;;;;;;;;;;;;;;;;;;;;;;;;;;;;;;;;;;;;;;;;;;;;;;;;;;;;;;;;;;;;;;;;;;;;;;;;;;;;;;;
5.600;;;;;;;;;;;;;;;;;;;;;;;;;;;;;;;;;;;;;;;;;;;;;;;;;;;;;;;;;;;;;;;;;;;;;;;;;;;;;;;;;;;;;;;;;;;;;;;;;;;;;;;;;;;;;;;;;;;;;;;;;;;;;;;;;;;;;;;;;;;;;;
5.500;;;;;;;;;;;;;;;;;;;;;;;;;;;;;;;;;;;;;;;;;;;;;;;;;;;;;;;;;;;;;;;;;;;;;;;;;;;;;;;;;;;;;;;;;;;;;;;;;;;;;;;;;;;;;;;;;;;;;;;;;;;;;;;;;;;;;;;;;;;;;;
5.400;;;;;;;;;;;;;;;;;;;;;;;;;;;;;;;;;;;;;;;;;;;;;;;;;;;;;;;;;;;;;;;;;;;;;;;;;;;;;;;;;;;;;;;;;;;;;;;;;;;;;;;;;;;;;;;;;;;;;;;;;;;;;;;;;;;;;;;;;;;;;;
5.300;;;;;;;;;;;;;;;;;;;;;;;;;;;;;;;;;;;;;;;;;;;;;;;;;;;;;;;;;;;;;;;;;;;;;;;;;;;;;;;;;;;;;;;;;;;;;;;;;;;;;;;;;;;;;;;;;;;;;;;;;;;;;;;;;;;;;;;;;;;;;;
5.200;;;;;;;;;;;;;;;;;;;;;;;;;;;;;;;;;;;;;;;;;;;;;;;;;;;;;;;;;;;;;;;;;;;;;;;;;;;;;;;;;;;;;;;;;;;;;;;;;;;;;;;;;;;;;;;;;;;;;;;;;;;;;;;;;;;;;;;;;;;;;;
5.100;;;;;;;;;;;;;;;;;;;;;;;;;;;;;;;;;;;;;;;;;;;;;;;;;;;;;;;;;;;;;;;;;;;;;;;;;;;;;;;;;;;;;;;;;;;;;;;;;;;;;;;;;;;;;;;;;;;;;;;;;;;;;;;;;;;;;;;;;;;;;;
5.000;;;;;;;;;;;;;;;;;;;;;;;;;;;;;;;;;;;;;;;;;;;;;;;;;;;;;;;;;;;;;;;;;;;;;;;;;;;;;;;;;;;;;;;;;;;;;;;;;;;;;;;;;;;;;;;;;;;;;;;;;;;;;;;;;;;;;;;;;;;;;;
4.900;;;;;;;;;;;;;;;;;;;;;;;;;;;;;;;;;;;;;;;;;;;;;;;;;;;;;;;;;;;;;;;;;;;;;;;;;;;;;;;;;;;;;;;;;;;;;;;;;;;;;;;;;;;;;;;;;;;;;;;;;;;;;;;;;;;;;;;;;;;;;;
4.800;;;;;;;;;;;;;;;;;;;;;;;;;;;;;;;;;;;;;;;;;;;;;;;;;;;;;;;;;;;;;;;;;;;;;;;;;;;;;;;;;;;;;;;;;;;;;;;;;;;;;;;;;;;;;;;;;;;;;;;;;;;;;;;;;;;;;;;;;;;;;;
4.700;;;;;;;;;;;;;;;;;;;;;;;;;;;;;;;;;;;;;;;;;;;;;;;;;;;;;;;;;;;;;;;;;;;;;;;;;;;;;;;;;;;;;;;;;;;;;;;;;;;;;;;;;;;;;;;;;;;;;;;;;;;;;;;;;;;;;;;;;;;;;;
4.600;;;;;;;;;;;;;;;;;;;;;;;;;;;;;;;;;;;;;;;;;;;;;;;;;;;;;;;;;;;;;;;11.77;12.40;12.92;13.31;13.56;13.65;13.61;13.47;13.27;13.02;12.77;12.54;12.35;12.21;12.12;12.09;12.14;12.25;12.42;;;;;;;;;;;;;;;;;;;;;;;;;;;;;;;;;;;;;;;;;;;;;;;;;;;;;;;;;;;;;
4.500;;;;;;;;;;;;;;;;;;;;;;;;;;;;;;;;;;;;;;;;;;;;;;;;;;;;;;;;;;;10.71;11.55;12.44;13.34;14.20;14.97;15.57;15.99;16.20;16.19;16.01;15.71;15.33;14.92;14.53;14.16;13.86;13.63;13.48;13.41;13.44;13.55;13.75;14.05;14.44;14.90;15.44;;;;;;;;;;;;;;;;;;;;;;;;;;;;;;;;;;;;;;;;;;;;;;;;;;;;;;;;;
4.400;;;;;;;;;;;;;;;;;;;;;;;;;;;;;;;;;;;;;;;;;;;;;;;;;;;;;;;;9.95;10.66;11.48;12.40;13.40;14.45;15.50;16.48;17.33;17.96;18.34;18.45;18.30;17.95;17.47;16.92;16.35;15.81;15.33;14.93;14.62;14.41;14.30;14.30;14.41;14.62;14.95;15.40;15.95;16.61;17.35;18.15;18.95;;;;;;;;;;;;;;;;;;;;;;;;;;;;;;;;;;;;;;;;;;;;;;;;;;;;;;
4.300;;;;;;;;;;;;;;;;;;;;;;;;;;;;;;;;;;;;;;;;;;;;;;;;;;;;;9.47;9.93;10.50;11.16;11.94;12.84;13.83;14.91;16.02;17.11;18.11;18.93;19.48;19.75;19.72;19.43;18.93;18.32;17.65;16.98;16.35;15.80;15.34;14.99;14.74;14.60;14.58;14.67;14.88;15.20;15.66;16.24;16.95;17.78;18.70;19.68;20.65;21.49;;;;;;;;;;;;;;;;;;;;;;;;;;;;;;;;;;;;;;;;;;;;;;;;;;;;
4.200;;;;;;;;;;;;;;;;;;;;;;;;;;;;;;;;;;;;;;;;;;;;;;;;;;;9.83;10.08;10.44;10.90;11.46;12.14;12.92;13.82;14.80;15.84;16.90;17.90;18.79;19.48;19.89;20.03;19.88;19.49;18.92;18.25;17.55;16.85;16.21;15.65;15.18;14.82;14.56;14.40;14.36;14.44;14.62;14.92;15.36;15.91;16.60;17.42;18.36;19.39;20.47;21.51;22.40;22.98;23.13;;;;;;;;;;;;;;;;;;;;;;;;;;;;;;;;;;;;;;;;;;;;;;;;;
4.100;;;;;;;;;;;;;;;;;;;;;;;;;;;;;;;;;;;;;;;;;;;;;;;;;10.60;10.60;10.70;10.90;11.21;11.63;12.15;12.77;13.49;14.30;15.18;16.09;16.99;17.83;18.53;19.04;19.30;19.31;19.09;18.67;18.11;17.47;16.80;16.15;15.55;15.03;14.59;14.24;13.99;13.84;13.79;13.84;14.00;14.26;14.64;15.14;15.76;16.50;17.37;18.34;19.40;20.48;21.51;22.37;22.93;23.02;;;;;;;;;;;;;;;;;;;;;;;;;;;;;;;;;;;;;;;;;;;;;;;;
4.000;;;;;;;;;;;;;;;;;;;;;;;;;;;;;;;;;;;;;;;;;;;;;;;;11.73;11.46;11.35;11.37;11.49;11.72;12.05;12.48;13.00;13.60;14.27;14.99;15.72;16.42;17.04;17.55;17.88;18.02;17.95;17.71;17.31;16.81;16.24;15.66;15.10;14.58;14.12;13.73;13.42;13.19;13.05;13.00;13.04;13.17;13.38;13.71;14.13;14.66;15.29;16.04;16.90;17.84;18.84;19.85;20.80;21.59;22.08;22.17;21.81;;;;;;;;;;;;;;;;;;;;;;;;;;;;;;;;;;;;;;;;;;;;;;
3.900;;;;;;;;;;;;;;;;;;;;;;;;;;;;;;;;;;;;;;;;;;;;;;14.06;13.13;12.50;12.08;11.85;11.76;11.78;11.91;12.14;12.46;12.85;13.31;13.82;14.36;14.91;15.41;15.85;16.19;16.39;16.44;16.35;16.12;15.77;15.34;14.88;14.39;13.92;13.49;13.10;12.77;12.51;12.31;12.18;12.14;12.16;12.26;12.44;12.71;13.06;13.49;14.02;14.65;15.36;16.15;17.02;17.93;18.83;19.67;20.36;20.80;20.93;20.68;20.02;;;;;;;;;;;;;;;;;;;;;;;;;;;;;;;;;;;;;;;;;;;;
3.800;;;;;;;;;;;;;;;;;;;;;;;;;;;;;;;;;;;;;;;;;;;;;16.68;14.95;13.78;12.98;12.43;12.08;11.89;11.81;11.84;11.97;12.17;12.44;12.77;13.13;13.51;13.89;14.24;14.54;14.75;14.86;14.86;14.76;14.55;14.27;13.92;13.54;13.15;12.77;12.42;12.10;11.82;11.60;11.44;11.33;11.28;11.30;11.38;11.52;11.74;12.03;12.38;12.81;13.32;13.91;14.56;15.29;16.06;16.86;17.66;18.39;19.01;19.45;19.64;19.52;19.09;;;;;;;;;;;;;;;;;;;;;;;;;;;;;;;;;;;;;;;;;;;
3.700;;;;;;;;;;;;;;;;;;;;;;;;;;;;;;;;;;;;;;;;;;;26.14;20.61;17.42;15.43;14.09;13.16;12.50;12.06;11.78;11.62;11.56;11.60;11.70;11.87;12.08;12.32;12.58;12.83;13.06;13.24;13.37;13.43;13.40;13.30;13.13;12.90;12.62;12.32;12.01;11.71;11.42;11.16;10.94;10.76;10.62;10.53;10.49;10.50;10.56;10.68;10.85;11.08;11.37;11.72;12.14;12.61;13.15;13.74;14.39;15.07;15.78;16.48;17.14;17.72;18.17;18.43;18.48;18.29;;;;;;;;;;;;;;;;;;;;;;;;;;;;;;;;;;;;;;;;;;
3.600;;;;;;;;;;;;;;;;;;;;;;;;;;;;;;;;;;;;;;;;;;38.89;26.78;20.93;17.57;15.47;14.05;13.04;12.32;11.83;11.48;11.26;11.14;11.10;11.13;11.21;11.33;11.48;11.65;11.81;11.96;12.07;12.15;12.17;12.13;12.04;11.90;11.71;11.50;11.26;11.01;10.77;10.54;10.33;10.15;10.00;9.89;9.81;9.78;9.79;9.84;9.93;10.07;10.26;10.49;10.78;11.11;11.50;11.94;12.42;12.96;13.54;14.15;14.78;15.41;16.02;16.58;17.05;17.41;17.62;17.64;17.47;;;;;;;;;;;;;;;;;;;;;;;;;;;;;;;;;;;;;;;;
3.500;;;;;;;;;;;;;;;;;;;;;;;;;;;;;;;;;;;;;;;;;73.61;37.25;26.07;20.49;17.23;15.16;13.74;12.72;11.98;11.45;11.07;10.81;10.64;10.56;10.53;10.55;10.60;10.69;10.79;10.89;10.97;11.04;11.08;11.09;11.05;10.97;10.85;10.71;10.53;10.35;10.15;9.96;9.78;9.61;9.46;9.34;9.25;9.19;9.16;9.16;9.20;9.28;9.39;9.55;9.74;9.97;10.24;10.56;10.92;11.32;11.76;12.24;12.76;13.32;13.89;14.48;15.07;15.63;16.15;16.61;16.97;17.21;17.32;;;;;;;;;;;;;;;;;;;;;;;;;;;;;;;;;;;;;;;
3.400;;;;;;;;;;;;;;;;;;;;;;;;;;;;;;;;;;;;;;;;-187.67;59.54;33.77;24.45;19.52;16.54;14.60;13.24;12.25;11.52;10.99;10.60;10.32;10.12;10.00;9.93;9.91;9.92;9.96;10.01;10.07;10.12;10.16;10.17;10.17;10.13;10.06;9.97;9.85;9.72;9.57;9.42;9.26;9.12;8.98;8.86;8.77;8.69;8.64;8.62;8.62;8.65;8.71;8.81;8.93;9.09;9.28;9.50;9.76;10.06;10.39;10.76;11.16;11.61;12.09;12.60;13.14;13.71;14.29;14.88;15.46;16.03;16.56;17.03;17.42;;;;;;;;;;;;;;;;;;;;;;;;;;;;;;;;;;;;;;
3.300;;;;;;;;;;;;;;;;;;;;;;;;;;;;;;;;;;;;;;;-245.82;142.76;46.54;29.65;22.38;18.25;15.64;13.89;12.64;11.71;11.01;10.50;10.11;9.82;9.61;9.47;9.38;9.32;9.31;9.31;9.33;9.36;9.38;9.40;9.40;9.39;9.36;9.30;9.23;9.13;9.03;8.91;8.79;8.67;8.55;8.45;8.35;8.27;8.21;8.17;8.15;8.16;8.18;8.23;8.31;8.41;8.54;8.70;8.88;9.10;9.34;9.62;9.92;10.27;10.64;11.06;11.51;11.99;12.52;13.08;13.68;14.31;14.98;15.67;16.37;17.09;17.81;;;;;;;;;;;;;;;;;;;;;;;;;;;;;;;;;;;;;
3.200;;;;;;;;;;;;;;;;;;;;;;;;;;;;;;;;;;;;;;-85.14;266.68;71.98;36.85;25.75;20.24;16.88;14.65;13.11;11.99;11.14;10.49;10.01;9.63;9.34;9.13;8.98;8.87;8.80;8.76;8.75;8.75;8.75;8.76;8.77;8.76;8.75;8.72;8.67;8.61;8.54;8.45;8.36;8.27;8.17;8.08;7.99;7.92;7.86;7.81;7.78;7.76;7.76;7.79;7.83;7.89;7.98;8.08;8.21;8.37;8.55;8.75;8.98;9.24;9.53;9.85;10.21;10.60;11.04;11.51;12.04;12.61;13.24;13.92;14.68;15.50;16.39;17.39;18.48;;;;;;;;;;;;;;;;;;;;;;;;;;;;;;;;;;;;
3.100;;;;;;;;;;;;;;;;;;;;;;;;;;;;;;;;;;;;;-67.25;-3601.38;148.34;46.61;29.77;22.38;18.24;15.54;13.68;12.34;11.35;10.58;9.99;9.53;9.18;8.90;8.69;8.53;8.42;8.34;8.29;8.26;8.24;8.24;8.24;8.23;8.22;8.21;8.18;8.14;8.10;8.04;7.97;7.90;7.82;7.75;7.68;7.61;7.55;7.50;7.47;7.44;7.43;7.43;7.45;7.49;7.54;7.61;7.70;7.81;7.94;8.08;8.25;8.45;8.67;8.92;9.19;9.50;9.85;10.23;10.66;11.14;11.67;12.27;12.94;13.69;14.55;15.52;16.65;17.96;19.52;;;;;;;;;;;;;;;;;;;;;;;;;;;;;;;;;;;
3.000;;;;;;;;;;;;;;;;;;;;;;;;;;;;;;;;;;;;-58.66;-239.48;165.51;56.71;33.97;24.62;19.58;16.46;14.31;12.75;11.61;10.74;10.05;9.51;9.09;8.76;8.50;8.29;8.14;8.02;7.94;7.88;7.84;7.82;7.80;7.79;7.78;7.77;7.75;7.73;7.70;7.66;7.62;7.57;7.51;7.45;7.39;7.34;7.29;7.24;7.20;7.18;7.16;7.15;7.16;7.17;7.20;7.25;7.31;7.38;7.47;7.57;7.70;7.84;8.01;8.19;8.41;8.64;8.91;9.22;9.56;9.94;10.37;10.86;11.41;12.04;12.77;13.60;14.57;15.73;17.12;18.84;21.02;;;;;;;;;;;;;;;;;;;;;;;;;;;;;;;;;;
2.900;;;;;;;;;;;;;;;;;;;;;;;;;;;;;;;;;;;-58.43;-241.16;175.73;62.11;37.25;26.61;20.85;17.30;14.93;13.20;11.91;10.93;10.17;9.56;9.08;8.69;8.38;8.14;7.94;7.79;7.68;7.59;7.53;7.48;7.45;7.43;7.42;7.41;7.39;7.38;7.36;7.33;7.30;7.27;7.23;7.18;7.14;7.10;7.06;7.02;6.98;6.96;6.94;6.92;6.92;6.92;6.94;6.97;7.00;7.05;7.11;7.19;7.28;7.38;7.50;7.64;7.80;7.98;8.19;8.42;8.69;8.99;9.33;9.72;10.16;10.67;11.25;11.92;12.71;13.63;14.75;16.11;17.82;20.04;;;;;;;;;;;;;;;;;;;;;;;;;;;;;;;;;;
2.800;;;;;;;;;;;;;;;;;;;;;;;;;;;;;;;;;;;-683.17;62.41;67.42;38.76;27.95;21.88;18.06;15.47;13.63;12.24;11.16;10.33;9.66;9.12;8.68;8.34;8.05;7.82;7.64;7.50;7.38;7.30;7.23;7.19;7.15;7.13;7.11;7.10;7.08;7.07;7.05;7.03;7.01;6.98;6.95;6.92;6.88;6.85;6.82;6.79;6.77;6.75;6.74;6.73;6.73;6.74;6.75;6.77;6.80;6.85;6.90;6.96;7.03;7.12;7.22;7.34;7.48;7.63;7.81;8.02;8.25;8.52;8.83;9.18;9.57;10.03;10.56;11.18;11.90;12.75;13.78;15.05;16.65;18.74;21.66;;;;;;;;;;;;;;;;;;;;;;;;;;;;;;;;;
2.700;;;;;;;;;;;;;;;;;;;;;;;;;;;;;;;;;;32.87;226.48;62.06;38.62;28.15;22.36;18.56;15.90;13.97;12.53;11.40;10.50;9.78;9.20;8.72;8.33;8.02;7.76;7.55;7.37;7.24;7.13;7.05;6.98;6.94;6.90;6.88;6.86;6.84;6.83;6.81;6.80;6.78;6.76;6.74;6.72;6.69;6.67;6.65;6.63;6.61;6.59;6.58;6.58;6.57;6.58;6.58;6.60;6.62;6.64;6.68;6.72;6.77;6.83;6.90;6.99;7.09;7.21;7.34;7.50;7.68;7.89;8.12;8.40;8.71;9.07;9.48;9.96;10.52;11.17;11.94;12.88;14.03;15.47;17.35;19.96;23.77;;;;;;;;;;;;;;;;;;;;;;;;;;;;;;;;
2.600;;;;;;;;;;;;;;;;;;;;;;;;;;;;;;;;;399.94;88.27;51.55;36.05;27.53;22.21;18.70;16.14;14.22;12.74;11.59;10.67;9.91;9.30;8.79;8.37;8.02;7.74;7.50;7.31;7.15;7.02;6.92;6.84;6.78;6.73;6.70;6.67;6.65;6.63;6.62;6.60;6.59;6.57;6.56;6.54;6.52;6.51;6.49;6.48;6.47;6.46;6.45;6.44;6.44;6.45;6.45;6.46;6.47;6.49;6.51;6.54;6.58;6.62;6.67;6.73;6.80;6.88;6.98;7.10;7.24;7.40;7.58;7.79;8.03;8.32;8.64;9.01;9.44;9.94;10.53;11.21;12.05;13.07;14.34;15.99;18.23;21.44;26.39;;;;;;;;;;;;;;;;;;;;;;;;;;;;;;;
2.500;;;;;;;;;;;;;;;;;;;;;;;;;;;;;;;;144.88;64.39;43.50;32.87;26.27;21.77;18.54;16.17;14.34;12.90;11.74;10.81;10.04;9.40;8.87;8.43;8.06;7.75;7.49;7.28;7.10;6.96;6.84;6.74;6.67;6.61;6.56;6.53;6.50;6.48;6.46;6.45;6.43;6.42;6.41;6.39;6.38;6.37;6.36;6.35;6.34;6.34;6.33;6.33;6.34;6.34;6.35;6.36;6.37;6.38;6.40;6.41;6.44;6.47;6.50;6.54;6.59;6.65;6.72;6.81;6.91;7.03;7.17;7.33;7.52;7.73;7.99;8.28;8.61;8.99;9.44;9.97;10.58;11.32;12.21;13.32;14.73;16.61;19.25;23.16;;;;;;;;;;;;;;;;;;;;;;;;;;;;;;;
2.400;;;;;;;;;;;;;;;;;;;;;;;;;;;;;;;;47.96;36.84;29.58;24.60;20.95;18.18;16.01;14.33;12.96;11.83;10.91;10.14;9.50;8.96;8.50;8.12;7.79;7.51;7.28;7.09;6.93;6.80;6.69;6.60;6.53;6.48;6.43;6.40;6.37;6.35;6.33;6.32;6.30;6.29;6.28;6.27;6.26;6.25;6.24;6.24;6.23;6.23;6.24;6.24;6.25;6.26;6.27;6.28;6.29;6.31;6.32;6.34;6.36;6.38;6.41;6.44;6.48;6.53;6.59;6.66;6.75;6.85;6.98;7.12;7.29;7.48;7.71;7.97;8.27;8.61;9.01;9.48;10.02;10.67;11.45;12.40;13.60;15.17;17.31;20.37;25.35;;;;;;;;;;;;;;;;;;;;;;;;;;;;;;
2.300;;;;;;;;;;;;;;;;;;;;;;;;;;;;;;;38.18;31.57;26.64;22.86;19.94;17.61;15.73;14.18;12.92;11.86;10.97;10.21;9.58;9.03;8.57;8.17;7.84;7.55;7.30;7.10;6.93;6.78;6.66;6.56;6.49;6.42;6.37;6.33;6.30;6.27;6.25;6.23;6.21;6.20;6.19;6.18;6.16;6.16;6.15;6.15;6.15;6.15;6.15;6.16;6.17;6.18;6.20;6.21;6.23;6.24;6.25;6.27;6.28;6.30;6.31;6.33;6.36;6.39;6.43;6.48;6.54;6.62;6.71;6.82;6.95;7.10;7.27;7.47;7.71;7.97;8.28;8.64;9.05;9.53;10.10;10.78;11.59;12.60;13.91;15.64;18.03;21.71;;;;;;;;;;;;;;;;;;;;;;;;;;;;;;
2.200;;;;;;;;;;;;;;;;;;;;;;;;;;;;;;;27.94;24.29;21.36;18.96;16.99;15.36;13.98;12.81;11.82;10.98;10.25;9.63;9.09;8.63;8.23;7.89;7.59;7.34;7.12;6.94;6.79;6.66;6.55;6.47;6.39;6.34;6.29;6.25;6.22;6.20;6.18;6.16;6.14;6.13;6.11;6.10;6.09;6.08;6.08;6.07;6.08;6.08;6.09;6.10;6.12;6.13;6.15;6.17;6.19;6.20;6.22;6.23;6.24;6.25;6.27;6.28;6.30;6.33;6.36;6.40;6.45;6.52;6.60;6.69;6.81;6.94;7.10;7.28;7.49;7.72;8.00;8.32;8.68;9.10;9.60;10.18;10.88;11.74;12.82;14.22;16.10;18.85;23.28;;;;;;;;;;;;;;;;;;;;;;;;;;;;;
2.100;;;;;;;;;;;;;;;;;;;;;;;;;;;;;;25.97;22.84;20.33;18.25;16.50;15.03;13.78;12.70;11.77;10.97;10.28;9.67;9.14;8.69;8.29;7.94;7.64;7.38;7.16;6.97;6.81;6.67;6.56;6.46;6.39;6.32;6.27;6.23;6.20;6.17;6.15;6.13;6.11;6.09;6.08;6.06;6.05;6.04;6.03;6.02;6.02;6.03;6.03;6.05;6.06;6.08;6.10;6.12;6.14;6.16;6.18;6.19;6.20;6.21;6.22;6.23;6.24;6.26;6.28;6.30;6.34;6.38;6.44;6.51;6.59;6.69;6.81;6.95;7.12;7.30;7.52;7.76;8.04;8.37;8.74;9.17;9.67;10.27;11.00;11.90;13.04;14.54;16.65;19.86;;;;;;;;;;;;;;;;;;;;;;;;;;;;;
2.000;;;;;;;;;;;;;;;;;;;;;;;;;;;;;;22.08;19.69;17.76;16.15;14.78;13.61;12.60;11.72;10.95;10.29;9.70;9.18;8.73;8.34;7.99;7.69;7.42;7.20;7.00;6.83;6.69;6.57;6.47;6.39;6.33;6.27;6.23;6.20;6.17;6.14;6.12;6.10;6.08;6.07;6.05;6.03;6.02;6.00;5.99;5.99;5.99;5.99;6.00;6.01;6.03;6.05;6.07;6.10;6.12;6.14;6.16;6.17;6.18;6.19;6.20;6.21;6.22;6.23;6.24;6.26;6.29;6.33;6.38;6.44;6.51;6.60;6.71;6.84;6.98;7.15;7.34;7.56;7.81;8.09;8.42;8.79;9.23;9.74;10.36;11.11;12.05;13.26;14.91;17.30;21.04;;;;;;;;;;;;;;;;;;;;;;;;;;;;
1.900;;;;;;;;;;;;;;;;;;;;;;;;;;;;;22.13;19.59;17.61;16.01;14.66;13.52;12.54;11.70;10.95;10.30;9.73;9.22;8.78;8.38;8.04;7.73;7.47;7.24;7.04;6.86;6.72;6.59;6.49;6.41;6.34;6.28;6.24;6.20;6.17;6.15;6.13;6.11;6.09;6.08;6.06;6.04;6.02;6.00;5.99;5.97;5.97;5.96;5.97;5.98;5.99;6.01;6.03;6.06;6.08;6.10;6.13;6.15;6.16;6.17;6.18;6.19;6.19;6.20;6.21;6.22;6.23;6.26;6.29;6.33;6.38;6.45;6.53;6.63;6.74;6.87;7.02;7.19;7.38;7.60;7.85;8.14;8.47;8.84;9.28;9.81;10.44;11.22;12.20;13.52;15.35;18.07;;;;;;;;;;;;;;;;;;;;;;;;;;;;
1.800;;;;;;;;;;;;;;;;;;;;;;;;;;;;;20.21;17.94;16.18;14.77;13.59;12.59;11.74;11.00;10.35;9.78;9.27;8.83;8.44;8.09;7.78;7.51;7.28;7.07;6.90;6.74;6.62;6.51;6.42;6.35;6.29;6.25;6.21;6.18;6.16;6.15;6.13;6.12;6.10;6.08;6.06;6.04;6.02;6.00;5.98;5.97;5.96;5.95;5.95;5.96;5.97;5.99;6.02;6.04;6.07;6.09;6.12;6.14;6.15;6.16;6.17;6.18;6.18;6.18;6.19;6.20;6.21;6.23;6.26;6.30;6.34;6.40;6.47;6.56;6.66;6.78;6.91;7.06;7.23;7.43;7.65;7.90;8.18;8.51;8.89;9.33;9.87;10.52;11.34;12.40;13.85;15.92;19.09;;;;;;;;;;;;;;;;;;;;;;;;;;;
1.700;;;;;;;;;;;;;;;;;;;;;;;;;;;;;18.94;16.80;15.17;13.87;12.80;11.89;11.12;10.46;9.87;9.36;8.91;8.51;8.15;7.84;7.57;7.33;7.11;6.93;6.77;6.64;6.53;6.44;6.36;6.30;6.26;6.22;6.20;6.18;6.16;6.15;6.14;6.13;6.12;6.10;6.08;6.06;6.04;6.01;5.99;5.97;5.96;5.95;5.95;5.95;5.96;5.98;6.01;6.03;6.06;6.08;6.11;6.13;6.14;6.15;6.16;6.17;6.17;6.17;6.18;6.18;6.19;6.21;6.24;6.27;6.31;6.37;6.43;6.51;6.60;6.70;6.82;6.96;7.11;7.28;7.47;7.69;7.94;8.22;8.55;8.93;9.39;9.95;10.63;11.51;12.69;14.32;16.73;;;;;;;;;;;;;;;;;;;;;;;;;;;
1.600;;;;;;;;;;;;;;;;;;;;;;;;;;;;20.94;18.06;15.98;14.42;13.20;12.19;11.35;10.64;10.03;9.49;9.02;8.61;8.24;7.92;7.63;7.38;7.17;6.97;6.81;6.67;6.55;6.45;6.37;6.31;6.26;6.23;6.20;6.19;6.18;6.17;6.17;6.16;6.16;6.15;6.13;6.11;6.09;6.06;6.03;6.01;5.98;5.96;5.95;5.94;5.95;5.96;5.97;6.00;6.02;6.05;6.07;6.10;6.12;6.13;6.14;6.15;6.15;6.16;6.16;6.16;6.17;6.18;6.19;6.22;6.25;6.29;6.34;6.40;6.47;6.55;6.64;6.75;6.87;7.00;7.15;7.32;7.51;7.73;7.98;8.26;8.59;8.98;9.46;10.04;10.78;11.76;13.09;14.99;18.09;;;;;;;;;;;;;;;;;;;;;;;;;;
1.500;;;;;;;;;;;;;;;;;;;;;;;;;;;;20.38;17.46;15.40;13.88;12.69;11.73;10.93;10.26;9.68;9.18;8.74;8.36;8.02;7.72;7.46;7.23;7.03;6.86;6.71;6.58;6.48;6.39;6.32;6.27;6.23;6.20;6.19;6.18;6.18;6.18;6.18;6.18;6.18;6.18;6.17;6.15;6.12;6.10;6.06;6.03;6.00;5.98;5.96;5.95;5.94;5.95;5.97;5.99;6.01;6.04;6.06;6.08;6.10;6.12;6.13;6.14;6.14;6.14;6.14;6.15;6.15;6.16;6.18;6.20;6.23;6.27;6.31;6.37;6.43;6.51;6.59;6.69;6.79;6.91;7.05;7.20;7.36;7.55;7.76;8.01;8.30;8.64;9.05;9.55;10.19;11.02;12.13;13.69;16.13;;;;;;;;;;;;;;;;;;;;;;;;;;
1.400;;;;;;;;;;;;;;;;;;;;;;;;;;;24.79;20.07;17.07;15.00;13.48;12.32;11.38;10.61;9.97;9.42;8.94;8.52;8.16;7.85;7.57;7.32;7.11;6.92;6.76;6.62;6.51;6.41;6.33;6.27;6.23;6.20;6.18;6.17;6.17;6.18;6.19;6.20;6.21;6.21;6.21;6.20;6.19;6.16;6.13;6.10;6.06;6.02;5.99;5.97;5.95;5.94;5.95;5.96;5.98;6.00;6.02;6.05;6.07;6.09;6.10;6.11;6.12;6.12;6.12;6.13;6.13;6.14;6.15;6.17;6.19;6.22;6.25;6.29;6.35;6.41;6.47;6.55;6.64;6.73;6.84;6.96;7.09;7.23;7.40;7.58;7.80;8.05;8.35;8.71;9.15;9.71;10.43;11.39;12.71;14.73;;;;;;;;;;;;;;;;;;;;;;;;;;
1.300;;;;;;;;;;;;;;;;;;;;;;;;;;;24.96;19.93;16.82;14.71;13.19;12.04;11.12;10.36;9.74;9.21;8.75;8.35;8.01;7.70;7.44;7.21;7.00;6.83;6.68;6.55;6.44;6.36;6.29;6.23;6.20;6.17;6.16;6.16;6.17;6.18;6.20;6.21;6.23;6.24;6.25;6.24;6.23;6.21;6.17;6.14;6.09;6.05;6.01;5.98;5.96;5.94;5.94;5.95;5.96;5.98;6.00;6.02;6.05;6.06;6.08;6.09;6.09;6.10;6.10;6.11;6.11;6.12;6.13;6.15;6.17;6.20;6.24;6.28;6.33;6.38;6.45;6.52;6.59;6.68;6.77;6.88;6.99;7.12;7.27;7.43;7.62;7.84;8.11;8.43;8.82;9.32;9.96;10.80;11.96;13.69;16.45;;;;;;;;;;;;;;;;;;;;;;;;;
1.200;;;;;;;;;;;;;;;;;;;;;;;;;;;25.30;19.92;16.68;14.52;12.98;11.83;10.91;10.17;9.56;9.04;8.60;8.21;7.88;7.59;7.34;7.11;6.92;6.76;6.61;6.49;6.39;6.31;6.25;6.20;6.17;6.15;6.14;6.15;6.16;6.18;6.20;6.22;6.25;6.26;6.27;6.28;6.27;6.25;6.22;6.17;6.13;6.08;6.03;5.99;5.96;5.94;5.93;5.93;5.94;5.96;5.98;6.00;6.02;6.03;6.05;6.06;6.06;6.07;6.07;6.08;6.09;6.10;6.11;6.13;6.16;6.19;6.22;6.26;6.31;6.36;6.42;6.49;6.56;6.64;6.72;6.81;6.91;7.03;7.16;7.30;7.47;7.67;7.91;8.20;8.55;9.00;9.58;10.35;11.38;12.91;15.30;;;;;;;;;;;;;;;;;;;;;;;;;
1.100;;;;;;;;;;;;;;;;;;;;;;;;;;;25.73;19.98;16.59;14.38;12.82;11.67;10.76;10.02;9.42;8.92;8.48;8.11;7.79;7.50;7.26;7.04;6.86;6.70;6.56;6.45;6.35;6.27;6.21;6.17;6.14;6.13;6.12;6.13;6.15;6.17;6.20;6.23;6.26;6.28;6.30;6.30;6.30;6.28;6.25;6.21;6.16;6.11;6.05;6.00;5.96;5.94;5.92;5.92;5.92;5.94;5.95;5.97;5.99;6.00;6.01;6.02;6.03;6.04;6.04;6.05;6.06;6.07;6.09;6.11;6.14;6.17;6.20;6.25;6.29;6.34;6.40;6.46;6.53;6.60;6.67;6.76;6.85;6.95;7.06;7.19;7.34;7.52;7.74;8.01;8.33;8.75;9.29;9.99;10.94;12.34;14.48;;;;;;;;;;;;;;;;;;;;;;;;;
1.000;;;;;;;;;;;;;;;;;;;;;;;;;;41.36;26.16;20.06;16.55;14.28;12.71;11.55;10.64;9.91;9.32;8.82;8.40;8.03;7.72;7.44;7.20;6.99;6.81;6.66;6.52;6.41;6.32;6.25;6.19;6.15;6.12;6.11;6.10;6.11;6.13;6.16;6.19;6.22;6.25;6.28;6.31;6.32;6.33;6.31;6.29;6.25;6.20;6.14;6.07;6.01;5.96;5.93;5.91;5.90;5.90;5.91;5.92;5.94;5.95;5.97;5.98;5.99;5.99;6.00;6.01;6.02;6.03;6.05;6.07;6.09;6.12;6.15;6.19;6.23;6.28;6.33;6.38;6.44;6.50;6.57;6.64;6.71;6.79;6.88;6.99;7.11;7.24;7.41;7.61;7.86;8.17;8.56;9.06;9.73;10.62;11.93;13.93;;;;;;;;;;;;;;;;;;;;;;;;;
0.900;;;;;;;;;;;;;;;;;;;;;;;;;;43.17;26.50;20.11;16.50;14.20;12.61;11.45;10.55;9.83;9.24;8.75;8.33;7.97;7.66;7.40;7.16;6.96;6.78;6.63;6.50;6.39;6.30;6.23;6.17;6.13;6.10;6.09;6.09;6.10;6.11;6.14;6.17;6.21;6.24;6.28;6.31;6.33;6.34;6.33;6.31;6.28;6.23;6.16;6.09;6.02;5.96;5.92;5.89;5.88;5.87;5.88;5.89;5.91;5.92;5.93;5.94;5.95;5.96;5.96;5.97;5.98;6.00;6.02;6.04;6.07;6.10;6.13;6.17;6.21;6.26;6.31;6.36;6.42;6.48;6.54;6.60;6.67;6.75;6.83;6.93;7.04;7.16;7.32;7.51;7.74;8.04;8.41;8.90;9.54;10.40;11.66;13.57;;;;;;;;;;;;;;;;;;;;;;;;;
0.800;;;;;;;;;;;;;;;;;;;;;;;;;;44.38;26.67;20.10;16.43;14.11;12.53;11.37;10.47;9.76;9.18;8.69;8.28;7.93;7.63;7.37;7.14;6.94;6.77;6.62;6.49;6.38;6.29;6.22;6.16;6.12;6.09;6.07;6.07;6.08;6.09;6.12;6.15;6.19;6.22;6.26;6.29;6.32;6.34;6.34;6.33;6.30;6.25;6.18;6.11;6.03;5.96;5.91;5.87;5.85;5.85;5.85;5.86;5.87;5.88;5.89;5.90;5.91;5.92;5.93;5.94;5.95;5.97;5.99;6.01;6.04;6.07;6.11;6.15;6.19;6.24;6.29;6.34;6.40;6.45;6.51;6.57;6.64;6.71;6.79;6.88;6.98;7.10;7.25;7.43;7.66;7.94;8.31;8.79;9.41;10.26;11.49;13.37;16.50;;;;;;;;;;;;;;;;;;;;;;;;
0.700;;;;;;;;;;;;;;;;;;;;;;;;;;44.62;26.57;19.97;16.31;14.01;12.43;11.29;10.40;9.70;9.13;8.65;8.25;7.90;7.61;7.35;7.12;6.93;6.76;6.61;6.48;6.38;6.29;6.21;6.15;6.11;6.08;6.06;6.05;6.06;6.07;6.09;6.12;6.16;6.19;6.23;6.27;6.30;6.32;6.34;6.33;6.31;6.27;6.20;6.12;6.04;5.96;5.90;5.85;5.83;5.82;5.83;5.83;5.84;5.85;5.86;5.87;5.88;5.89;5.89;5.91;5.92;5.94;5.96;5.99;6.02;6.05;6.09;6.13;6.18;6.22;6.27;6.32;6.38;6.43;6.49;6.55;6.61;6.68;6.75;6.84;6.94;7.06;7.20;7.38;7.60;7.88;8.25;8.72;9.34;10.19;11.43;13.32;16.49;;;;;;;;;;;;;;;;;;;;;;;;
0.600;;;;;;;;;;;;;;;;;;;;;;;;;;43.61;26.14;19.70;16.12;13.86;12.32;11.20;10.33;9.64;9.08;8.62;8.22;7.89;7.60;7.34;7.12;6.93;6.76;6.62;6.49;6.38;6.29;6.22;6.15;6.11;6.07;6.05;6.04;6.04;6.05;6.07;6.09;6.12;6.16;6.19;6.23;6.27;6.29;6.31;6.32;6.31;6.28;6.22;6.14;6.05;5.95;5.88;5.83;5.81;5.80;5.81;5.81;5.82;5.83;5.84;5.84;5.85;5.86;5.87;5.88;5.89;5.91;5.94;5.96;6.00;6.03;6.07;6.11;6.16;6.21;6.26;6.31;6.36;6.41;6.47;6.53;6.59;6.65;6.72;6.81;6.91;7.02;7.17;7.35;7.57;7.85;8.22;8.70;9.33;10.19;11.46;13.41;16.72;;;;;;;;;;;;;;;;;;;;;;;;
0.500;;;;;;;;;;;;;;;;;;;;;;;;;;41.46;25.39;19.29;15.86;13.68;12.19;11.10;10.26;9.58;9.04;8.59;8.20;7.87;7.59;7.34;7.13;6.94;6.77;6.63;6.50;6.39;6.30;6.22;6.16;6.11;6.07;6.05;6.03;6.03;6.03;6.04;6.06;6.09;6.12;6.15;6.18;6.22;6.25;6.28;6.29;6.29;6.27;6.23;6.15;6.05;5.95;5.87;5.82;5.79;5.79;5.79;5.80;5.81;5.82;5.82;5.83;5.83;5.84;5.85;5.86;5.87;5.89;5.92;5.94;5.98;6.01;6.05;6.10;6.14;6.19;6.24;6.29;6.34;6.39;6.45;6.51;6.57;6.63;6.70;6.79;6.89;7.01;7.15;7.33;7.56;7.85;8.22;8.71;9.37;10.26;11.58;13.63;17.17;;;;;;;;;;;;;;;;;;;;;;;;
0.400;;;;;;;;;;;;;;;;;;;;;;;;;;38.41;24.34;18.72;15.51;13.45;12.02;10.98;10.17;9.52;9.00;8.56;8.19;7.87;7.59;7.35;7.14;6.95;6.79;6.65;6.52;6.41;6.32;6.24;6.17;6.12;6.08;6.05;6.03;6.02;6.02;6.02;6.04;6.05;6.08;6.11;6.14;6.17;6.20;6.23;6.25;6.26;6.26;6.23;6.16;6.06;5.94;5.85;5.80;5.79;5.79;5.80;5.81;5.81;5.82;5.82;5.82;5.82;5.83;5.83;5.84;5.86;5.88;5.90;5.93;5.96;6.00;6.04;6.08;6.13;6.17;6.22;6.27;6.32;6.38;6.43;6.49;6.55;6.62;6.69;6.78;6.88;7.00;7.15;7.34;7.57;7.87;8.26;8.76;9.44;10.38;11.77;13.98;17.88;;;;;;;;;;;;;;;;;;;;;;;;
0.300;;;;;;;;;;;;;;;;;;;;;;;;;;34.84;23.04;18.02;15.08;13.16;11.82;10.84;10.07;9.45;8.95;8.53;8.17;7.86;7.59;7.36;7.15;6.97;6.81;6.67;6.54;6.43;6.34;6.26;6.19;6.14;6.09;6.06;6.03;6.02;6.01;6.01;6.01;6.03;6.04;6.06;6.09;6.11;6.14;6.17;6.19;6.21;6.22;6.21;6.17;6.07;5.94;5.84;5.80;5.80;5.81;5.82;5.83;5.83;5.83;5.83;5.82;5.82;5.83;5.83;5.84;5.85;5.87;5.89;5.92;5.95;5.99;6.03;6.07;6.11;6.16;6.21;6.26;6.31;6.36;6.42;6.47;6.54;6.60;6.68;6.77;6.87;7.00;7.16;7.35;7.60;7.91;8.31;8.85;9.57;10.56;12.06;14.48;18.90;;;;;;;;;;;;;;;;;;;;;;;;
0.200;;;;;;;;;;;;;;;;;;;;;;;;;68.45;31.17;21.60;17.23;14.59;12.84;11.60;10.68;9.95;9.37;8.89;8.49;8.15;7.85;7.59;7.37;7.17;6.99;6.83;6.69;6.57;6.46;6.36;6.28;6.21;6.15;6.10;6.07;6.04;6.02;6.00;6.00;6.00;6.00;6.02;6.03;6.05;6.07;6.09;6.11;6.13;6.15;6.16;6.17;6.16;6.09;5.94;5.84;5.83;5.85;5.86;5.86;5.86;5.86;5.85;5.85;5.84;5.84;5.84;5.84;5.85;5.86;5.87;5.89;5.92;5.95;5.98;6.02;6.06;6.10;6.15;6.19;6.24;6.30;6.35;6.40;6.46;6.52;6.59;6.67;6.77;6.88;7.01;7.17;7.38;7.64;7.97;8.40;8.96;9.73;10.80;12.44;15.13;20.28;;;;;;;;;;;;;;;;;;;;;;;;
0.100;;;;;;;;;;;;;;;;;;;;;;;;;50.61;27.68;20.10;16.38;14.06;12.48;11.35;10.50;9.82;9.28;8.83;8.45;8.12;7.84;7.59;7.37;7.18;7.01;6.85;6.72;6.59;6.48;6.39;6.31;6.23;6.17;6.12;6.08;6.05;6.02;6.01;6.00;5.99;5.99;6.00;6.01;6.02;6.03;6.05;6.06;6.07;6.09;6.10;6.11;6.12;6.10;5.94;5.88;5.91;5.93;5.93;5.92;5.91;5.90;5.89;5.88;5.87;5.86;5.85;5.85;5.86;5.87;5.88;5.90;5.92;5.95;5.98;6.02;6.05;6.09;6.14;6.18;6.23;6.28;6.34;6.39;6.45;6.52;6.59;6.67;6.77;6.89;7.03;7.20;7.42;7.69;8.04;8.50;9.11;9.93;11.09;12.90;15.96;22.12;;;;;;;;;;;;;;;;;;;;;;;;
0.000;;;;;;;;;;;;;;;;;;;;;;;;;39.20;24.52;18.63;15.51;13.50;12.10;11.08;10.31;9.69;9.18;8.76;8.40;8.09;7.82;7.59;7.38;7.19;7.02;6.87;6.74;6.62;6.51;6.41;6.33;6.26;6.19;6.14;6.10;6.06;6.03;6.01;6.00;5.99;5.99;5.99;6.00;6.00;6.01;6.02;6.03;6.04;6.05;6.05;6.06;6.06;6.05;6.05;6.04;6.03;6.01;5.99;5.98;5.96;5.94;5.92;5.91;5.90;5.89;5.88;5.88;5.88;5.89;5.90;5.91;5.93;5.96;5.98;6.02;6.05;6.09;6.13;6.18;6.22;6.27;6.33;6.38;6.44;6.51;6.59;6.67;6.78;6.90;7.05;7.24;7.47;7.76;8.13;8.62;9.27;10.16;11.43;13.45;16.99;24.56;;;;;;;;;;;;;;;;;;;;;;;;
-0.100;;;;;;;;;;;;;;;;;;;;;;;;;31.65;21.80;17.23;14.66;12.94;11.72;10.81;10.11;9.54;9.07;8.68;8.35;8.06;7.81;7.58;7.38;7.20;7.04;6.89;6.76;6.64;6.53;6.44;6.35;6.28;6.21;6.16;6.11;6.07;6.05;6.02;6.01;6.00;5.99;5.99;6.00;6.01;6.01;6.02;6.03;6.04;6.05;6.05;6.04;6.03;5.99;5.94;6.02;6.04;6.04;6.02;6.01;5.99;5.97;5.96;5.94;5.93;5.92;5.91;5.91;5.91;5.91;5.92;5.93;5.95;5.97;6.00;6.02;6.06;6.09;6.13;6.17;6.22;6.27;6.32;6.37;6.44;6.51;6.58;6.68;6.79;6.92;7.08;7.28;7.52;7.84;8.23;8.76;9.46;10.43;11.83;14.12;18.26;27.97;;;;;;;;;;;;;;;;;;;;;;;;
-0.200;;;;;;;;;;;;;;;;;;;;;;;;;;19.47;15.96;13.85;12.40;11.34;10.53;9.91;9.39;8.97;8.61;8.30;8.03;7.79;7.58;7.39;7.21;7.05;6.91;6.78;6.66;6.55;6.46;6.37;6.30;6.23;6.17;6.13;6.09;6.06;6.04;6.02;6.01;6.01;6.01;6.01;6.02;6.03;6.04;6.05;6.07;6.07;6.08;6.07;6.05;6.00;5.95;5.96;5.99;6.01;6.01;6.01;6.00;5.99;5.98;5.97;5.96;5.95;5.94;5.94;5.94;5.94;5.95;5.96;5.97;5.99;6.01;6.04;6.07;6.10;6.13;6.17;6.22;6.26;6.31;6.37;6.43;6.50;6.59;6.68;6.80;6.94;7.11;7.32;7.58;7.92;8.34;8.91;9.67;10.73;12.29;14.88;19.83;32.79;;;;;;;;;;;;;;;;;;;;;;;;
-0.300;;;;;;;;;;;;;;;;;;;;;;;;;;17.52;14.81;13.10;11.88;10.97;10.27;9.71;9.25;8.87;8.54;8.25;8.00;7.77;7.57;7.39;7.22;7.06;6.92;6.80;6.68;6.57;6.47;6.39;6.31;6.24;6.19;6.14;6.10;6.07;6.05;6.03;6.02;6.02;6.02;6.03;6.04;6.06;6.08;6.09;6.11;6.12;6.12;6.11;6.08;6.03;5.96;5.93;5.94;5.96;5.98;5.99;6.00;6.00;6.00;5.99;5.99;5.98;5.98;5.97;5.97;5.97;5.98;5.99;6.00;6.01;6.03;6.05;6.08;6.11;6.14;6.18;6.22;6.26;6.31;6.37;6.43;6.50;6.59;6.69;6.81;6.96;7.14;7.37;7.65;8.01;8.46;9.07;9.90;11.06;12.79;15.76;21.73;40.02;;;;;;;;;;;;;;;;;;;;;;;;
-0.400;;;;;;;;;;;;;;;;;;;;;;;;;;15.89;13.80;12.42;11.40;10.63;10.02;9.53;9.12;8.77;8.47;8.21;7.97;7.76;7.57;7.39;7.23;7.08;6.94;6.81;6.69;6.58;6.49;6.40;6.32;6.25;6.19;6.15;6.11;6.08;6.05;6.04;6.04;6.04;6.04;6.06;6.07;6.09;6.12;6.14;6.16;6.17;6.17;6.16;6.11;6.05;5.98;5.93;5.92;5.92;5.94;5.96;5.98;5.99;6.00;6.00;6.01;6.01;6.01;6.00;6.00;6.01;6.01;6.02;6.03;6.04;6.05;6.07;6.09;6.12;6.15;6.18;6.22;6.26;6.31;6.37;6.43;6.51;6.59;6.70;6.83;6.99;7.18;7.42;7.72;8.10;8.59;9.24;10.14;11.41;13.33;16.75;24.07;52.45;;;;;;;;;;;;;;;;;;;;;;;;
-0.500;;;;;;;;;;;;;;;;;;;;;;;;;;14.55;12.94;11.82;10.98;10.32;9.80;9.37;9.01;8.69;8.42;8.18;7.96;7.76;7.57;7.40;7.24;7.09;6.95;6.82;6.70;6.59;6.49;6.40;6.32;6.26;6.20;6.15;6.11;6.08;6.06;6.05;6.04;6.05;6.06;6.08;6.10;6.13;6.16;6.18;6.20;6.22;6.21;6.19;6.14;6.07;6.00;5.94;5.91;5.91;5.92;5.94;5.96;5.98;6.00;6.01;6.02;6.03;6.03;6.04;6.04;6.04;6.05;6.05;6.06;6.07;6.08;6.10;6.12;6.14;6.16;6.19;6.23;6.27;6.31;6.37;6.43;6.51;6.60;6.71;6.85;7.01;7.22;7.47;7.79;8.19;8.72;9.42;10.39;11.79;13.93;17.88;27.01;88.33;;;;;;;;;;;;;;;;;;;;;;;;
-0.600;;;;;;;;;;;;;;;;;;;;;;;;;;13.44;12.19;11.29;10.60;10.05;9.60;9.23;8.91;8.63;8.39;8.16;7.96;7.77;7.59;7.42;7.26;7.11;6.97;6.84;6.72;6.60;6.50;6.41;6.33;6.25;6.19;6.14;6.10;6.07;6.06;6.05;6.05;6.06;6.07;6.10;6.12;6.16;6.19;6.22;6.24;6.25;6.25;6.22;6.17;6.10;6.02;5.96;5.92;5.90;5.91;5.93;5.95;5.97;6.00;6.02;6.03;6.05;6.06;6.06;6.07;6.08;6.08;6.09;6.09;6.10;6.11;6.12;6.14;6.16;6.18;6.21;6.24;6.28;6.32;6.38;6.44;6.52;6.61;6.73;6.87;7.04;7.26;7.52;7.86;8.29;8.85;9.60;10.65;12.18;14.56;19.13;30.69;1199.29;;;;;;;;;;;;;;;;;;;;;;;;
-0.700;;;;;;;;;;;;;;;;;;;;;;;;;;12.51;11.55;10.84;10.28;9.82;9.45;9.13;8.85;8.60;8.37;8.17;7.97;7.79;7.61;7.45;7.29;7.14;6.99;6.86;6.73;6.61;6.51;6.41;6.32;6.25;6.19;6.13;6.09;6.06;6.05;6.04;6.04;6.06;6.08;6.10;6.14;6.18;6.21;6.25;6.27;6.28;6.27;6.24;6.19;6.12;6.05;5.98;5.94;5.91;5.91;5.92;5.94;5.97;6.00;6.02;6.04;6.06;6.08;6.09;6.10;6.11;6.12;6.12;6.13;6.14;6.14;6.15;6.17;6.18;6.20;6.22;6.25;6.29;6.33;6.38;6.45;6.53;6.63;6.75;6.89;7.08;7.30;7.58;7.94;8.39;8.98;9.78;10.91;12.58;15.24;20.53;35.39;63.89;;;;;;;;;;;;;;;;;;;;;;;;
-0.800;;;;;;;;;;;;;;;;;;;;;;;;;;11.76;11.02;10.46;10.01;9.64;9.33;9.06;8.81;8.59;8.39;8.20;8.01;7.83;7.66;7.49;7.33;7.17;7.03;6.88;6.75;6.63;6.51;6.41;6.32;6.24;6.17;6.12;6.08;6.05;6.03;6.03;6.03;6.05;6.07;6.10;6.14;6.19;6.23;6.26;6.29;6.30;6.29;6.26;6.21;6.14;6.07;6.01;5.96;5.93;5.92;5.93;5.95;5.97;6.00;6.03;6.06;6.08;6.10;6.12;6.13;6.14;6.15;6.16;6.17;6.17;6.18;6.19;6.19;6.21;6.22;6.24;6.27;6.30;6.34;6.40;6.46;6.54;6.64;6.77;6.92;7.11;7.34;7.64;8.01;8.49;9.12;9.97;11.19;13.00;15.95;22.10;41.70;;;;;;;;;;;;;;;;;;;;;;;;;
-0.900;;;;;;;;;;;;;;;;;;;;;;;;;;11.13;10.58;10.15;9.80;9.50;9.25;9.02;8.82;8.62;8.44;8.26;8.08;7.90;7.73;7.56;7.39;7.23;7.07;6.92;6.78;6.65;6.53;6.42;6.32;6.23;6.16;6.10;6.06;6.03;6.01;6.01;6.01;6.03;6.06;6.10;6.14;6.18;6.23;6.27;6.30;6.31;6.30;6.28;6.23;6.17;6.10;6.04;5.99;5.96;5.95;5.95;5.96;5.98;6.01;6.04;6.07;6.10;6.12;6.15;6.16;6.18;6.19;6.20;6.20;6.21;6.21;6.22;6.23;6.24;6.25;6.27;6.29;6.32;6.36;6.41;6.48;6.56;6.66;6.79;6.95;7.15;7.39;7.70;8.09;8.60;9.26;10.17;11.47;13.44;16.71;23.84;50.62;;;;;;;;;;;;;;;;;;;;;;;;;
-1.000;;;;;;;;;;;;;;;;;;;;;;;;;;;10.21;9.90;9.63;9.41;9.21;9.03;8.86;8.69;8.52;8.35;8.18;8.01;7.83;7.65;7.48;7.30;7.14;6.97;6.82;6.68;6.55;6.43;6.32;6.23;6.15;6.09;6.04;6.01;5.99;5.98;5.99;6.01;6.04;6.08;6.13;6.18;6.22;6.27;6.30;6.31;6.31;6.29;6.25;6.20;6.14;6.08;6.03;6.00;5.98;5.97;5.98;6.00;6.03;6.06;6.09;6.12;6.15;6.17;6.19;6.21;6.22;6.23;6.24;6.25;6.25;6.25;6.26;6.27;6.28;6.29;6.31;6.34;6.38;6.44;6.50;6.59;6.69;6.82;6.99;7.19;7.45;7.77;8.18;8.71;9.41;10.37;11.76;13.90;17.51;25.80;64.28;;;;;;;;;;;;;;;;;;;;;;;;;
-1.100;;;;;;;;;;;;;;;;;;;;;;;;;;;9.90;9.69;9.51;9.36;9.22;9.08;8.94;8.80;8.65;8.49;8.32;8.15;7.96;7.78;7.59;7.40;7.22;7.04;6.88;6.72;6.58;6.45;6.33;6.23;6.15;6.08;6.02;5.99;5.96;5.96;5.96;5.98;6.02;6.06;6.11;6.16;6.21;6.25;6.29;6.31;6.31;6.30;6.27;6.22;6.17;6.12;6.07;6.04;6.02;6.01;6.01;6.03;6.05;6.08;6.12;6.15;6.18;6.20;6.23;6.24;6.26;6.27;6.28;6.28;6.29;6.29;6.29;6.30;6.31;6.32;6.34;6.37;6.41;6.46;6.53;6.61;6.72;6.86;7.03;7.24;7.51;7.84;8.27;8.83;9.56;10.58;12.06;14.37;18.37;28.03;88.28;;;;;;;;;;;;;;;;;;;;;;;;;
-1.200;;;;;;;;;;;;;;;;;;;;;;;;;;;9.65;9.54;9.44;9.36;9.27;9.18;9.08;8.97;8.83;8.68;8.52;8.33;8.14;7.94;7.74;7.53;7.33;7.14;6.96;6.78;6.63;6.48;6.35;6.24;6.15;6.07;6.01;5.97;5.94;5.93;5.94;5.96;5.99;6.03;6.08;6.14;6.19;6.24;6.28;6.30;6.31;6.31;6.28;6.24;6.20;6.15;6.11;6.08;6.06;6.05;6.05;6.07;6.09;6.11;6.14;6.18;6.21;6.23;6.26;6.28;6.29;6.31;6.32;6.32;6.32;6.33;6.33;6.33;6.34;6.36;6.37;6.40;6.44;6.49;6.56;6.65;6.76;6.90;7.08;7.30;7.58;7.93;8.38;8.96;9.73;10.81;12.39;14.89;19.32;30.68;;;;;;;;;;;;;;;;;;;;;;;;;;
-1.300;;;;;;;;;;;;;;;;;;;;;;;;;;;;9.42;9.40;9.39;9.37;9.33;9.27;9.19;9.07;8.93;8.76;8.58;8.37;8.15;7.93;7.70;7.48;7.27;7.06;6.87;6.69;6.53;6.39;6.26;6.16;6.07;6.00;5.95;5.92;5.91;5.91;5.93;5.96;6.00;6.05;6.11;6.16;6.22;6.26;6.29;6.31;6.31;6.29;6.27;6.23;6.19;6.16;6.13;6.11;6.10;6.10;6.11;6.13;6.15;6.18;6.21;6.24;6.27;6.29;6.31;6.33;6.34;6.35;6.36;6.36;6.37;6.37;6.37;6.38;6.39;6.41;6.44;6.48;6.53;6.60;6.69;6.81;6.95;7.14;7.37;7.66;8.02;8.49;9.10;9.91;11.06;12.75;15.47;20.39;33.88;;;;;;;;;;;;;;;;;;;;;;;;;;
-1.400;;;;;;;;;;;;;;;;;;;;;;;;;;;;9.32;9.40;9.46;9.51;9.53;9.52;9.47;9.38;9.24;9.08;8.88;8.66;8.42;8.17;7.92;7.67;7.43;7.19;6.98;6.78;6.60;6.44;6.30;6.18;6.09;6.01;5.95;5.91;5.89;5.89;5.91;5.94;5.98;6.03;6.08;6.14;6.19;6.24;6.28;6.30;6.31;6.30;6.29;6.26;6.23;6.20;6.17;6.16;6.15;6.14;6.15;6.17;6.19;6.22;6.25;6.28;6.30;6.33;6.35;6.37;6.38;6.39;6.40;6.40;6.41;6.41;6.41;6.42;6.43;6.45;6.48;6.52;6.58;6.65;6.75;6.87;7.02;7.21;7.45;7.75;8.13;8.63;9.27;10.13;11.34;13.16;16.12;21.63;37.96;;;;;;;;;;;;;;;;;;;;;;;;;;
-1.500;;;;;;;;;;;;;;;;;;;;;;;;;;;;9.25;9.41;9.57;9.70;9.79;9.83;9.82;9.76;9.64;9.47;9.26;9.02;8.75;8.47;8.18;7.90;7.63;7.37;7.12;6.90;6.70;6.52;6.36;6.23;6.12;6.03;5.96;5.91;5.89;5.88;5.89;5.91;5.95;6.00;6.06;6.11;6.17;6.22;6.26;6.29;6.31;6.31;6.31;6.29;6.27;6.24;6.22;6.21;6.20;6.20;6.20;6.22;6.24;6.26;6.29;6.32;6.34;6.37;6.39;6.41;6.42;6.43;6.44;6.44;6.45;6.45;6.46;6.46;6.48;6.50;6.53;6.57;6.63;6.71;6.81;6.94;7.09;7.30;7.55;7.86;8.26;8.78;9.46;10.37;11.67;13.63;16.88;23.13;43.54;;;;;;;;;;;;;;;;;;;;;;;;;;
-1.600;;;;;;;;;;;;;;;;;;;;;;;;;;;;;9.44;9.69;9.92;10.09;10.21;10.26;10.23;10.13;9.96;9.74;9.46;9.16;8.84;8.52;8.19;7.88;7.58;7.31;7.05;6.82;6.62;6.44;6.29;6.17;6.06;5.98;5.93;5.89;5.88;5.88;5.90;5.93;5.98;6.03;6.09;6.15;6.20;6.25;6.28;6.31;6.32;6.32;6.31;6.30;6.28;6.27;6.26;6.25;6.25;6.26;6.27;6.29;6.31;6.33;6.36;6.38;6.41;6.43;6.45;6.46;6.47;6.48;6.49;6.49;6.50;6.50;6.51;6.53;6.55;6.59;6.63;6.70;6.78;6.88;7.02;7.19;7.40;7.67;8.00;8.42;8.97;9.69;10.66;12.06;14.20;17.83;25.05;;;;;;;;;;;;;;;;;;;;;;;;;;;
-1.700;;;;;;;;;;;;;;;;;;;;;;;;;;;;;9.46;9.83;10.16;10.45;10.65;10.78;10.80;10.72;10.56;10.32;10.02;9.67;9.30;8.93;8.55;8.19;7.85;7.53;7.25;6.99;6.75;6.55;6.38;6.24;6.12;6.03;5.96;5.91;5.89;5.88;5.90;5.92;5.96;6.01;6.07;6.13;6.18;6.23;6.27;6.31;6.33;6.34;6.34;6.33;6.32;6.31;6.31;6.30;6.30;6.31;6.32;6.34;6.36;6.38;6.41;6.43;6.45;6.47;6.49;6.50;6.52;6.53;6.53;6.54;6.55;6.55;6.57;6.59;6.61;6.65;6.70;6.77;6.86;6.97;7.12;7.30;7.52;7.81;8.16;8.61;9.20;9.97;11.02;12.53;14.90;19.02;27.61;;;;;;;;;;;;;;;;;;;;;;;;;;;
-1.800;;;;;;;;;;;;;;;;;;;;;;;;;;;;;9.46;9.95;10.42;10.83;11.16;11.39;11.48;11.45;11.29;11.04;10.69;10.30;9.87;9.43;8.99;8.57;8.18;7.81;7.48;7.19;6.92;6.69;6.50;6.33;6.19;6.09;6.00;5.95;5.91;5.90;5.90;5.92;5.96;6.00;6.06;6.11;6.17;6.22;6.27;6.30;6.33;6.35;6.36;6.36;6.36;6.36;6.35;6.35;6.36;6.36;6.38;6.39;6.41;6.43;6.45;6.48;6.50;6.52;6.53;6.55;6.56;6.57;6.58;6.59;6.60;6.61;6.63;6.65;6.68;6.73;6.78;6.86;6.96;7.08;7.24;7.43;7.67;7.98;8.36;8.84;9.48;10.31;11.45;13.12;15.79;20.57;;;;;;;;;;;;;;;;;;;;;;;;;;;;
-1.900;;;;;;;;;;;;;;;;;;;;;;;;;;;;;;10.05;10.67;11.24;11.73;12.09;12.29;12.32;12.19;11.92;11.53;11.07;10.57;10.05;9.53;9.04;8.58;8.16;7.78;7.43;7.13;6.87;6.65;6.45;6.30;6.17;6.07;6.00;5.95;5.93;5.92;5.94;5.96;6.00;6.05;6.10;6.16;6.21;6.26;6.30;6.34;6.36;6.38;6.39;6.40;6.40;6.40;6.41;6.41;6.42;6.43;6.45;6.46;6.48;6.50;6.53;6.55;6.57;6.58;6.60;6.61;6.62;6.63;6.64;6.66;6.67;6.70;6.72;6.76;6.81;6.88;6.96;7.07;7.21;7.38;7.59;7.86;8.18;8.60;9.12;9.81;10.73;12.00;13.88;16.96;22.74;;;;;;;;;;;;;;;;;;;;;;;;;;;;
-2.000;;;;;;;;;;;;;;;;;;;;;;;;;;;;;;10.07;10.86;11.63;12.32;12.87;13.23;13.37;13.29;13.02;12.58;12.03;11.43;10.81;10.20;9.62;9.07;8.58;8.13;7.74;7.39;7.09;6.83;6.61;6.43;6.28;6.16;6.08;6.01;5.98;5.96;5.96;5.98;6.01;6.05;6.10;6.16;6.21;6.26;6.30;6.34;6.37;6.40;6.42;6.43;6.44;6.45;6.46;6.46;6.47;6.49;6.50;6.52;6.54;6.56;6.58;6.60;6.62;6.63;6.65;6.66;6.68;6.69;6.71;6.72;6.74;6.77;6.81;6.85;6.91;6.99;7.09;7.21;7.36;7.55;7.78;8.07;8.44;8.89;9.47;10.24;11.26;12.69;14.87;18.55;;;;;;;;;;;;;;;;;;;;;;;;;;;;;
-2.100;;;;;;;;;;;;;;;;;;;;;;;;;;;;;;;10.96;11.96;12.90;13.70;14.29;14.59;14.61;14.35;13.86;13.22;12.50;11.75;11.01;10.32;9.67;9.09;8.57;8.11;7.70;7.36;7.06;6.81;6.59;6.42;6.28;6.17;6.10;6.04;6.01;6.00;6.01;6.04;6.07;6.11;6.16;6.21;6.26;6.31;6.35;6.39;6.42;6.44;6.46;6.48;6.49;6.50;6.52;6.53;6.54;6.56;6.58;6.60;6.61;6.63;6.65;6.67;6.69;6.70;6.72;6.74;6.75;6.77;6.80;6.82;6.86;6.90;6.96;7.03;7.12;7.23;7.37;7.54;7.75;8.01;8.34;8.74;9.25;9.90;10.76;11.94;13.60;16.20;20.81;;;;;;;;;;;;;;;;;;;;;;;;;;;;;
-2.200;;;;;;;;;;;;;;;;;;;;;;;;;;;;;;;10.93;12.16;13.39;14.52;15.42;15.98;16.17;15.97;15.44;14.70;13.83;12.91;12.02;11.17;10.39;9.70;9.09;8.55;8.08;7.68;7.33;7.04;6.80;6.59;6.43;6.30;6.20;6.13;6.09;6.06;6.06;6.07;6.10;6.13;6.18;6.22;6.27;6.32;6.36;6.40;6.44;6.47;6.50;6.52;6.54;6.55;6.57;6.59;6.60;6.62;6.64;6.65;6.67;6.69;6.71;6.73;6.75;6.77;6.78;6.80;6.83;6.85;6.88;6.91;6.96;7.01;7.08;7.17;7.27;7.40;7.56;7.76;7.99;8.29;8.65;9.11;9.68;10.43;11.43;12.80;14.80;18.03;;;;;;;;;;;;;;;;;;;;;;;;;;;;;;
-2.300;;;;;;;;;;;;;;;;;;;;;;;;;;;;;;;;12.13;13.67;15.19;16.53;17.49;17.98;17.95;17.42;16.56;15.51;14.38;13.28;12.24;11.29;10.46;9.73;9.09;8.54;8.07;7.67;7.33;7.04;6.81;6.61;6.46;6.34;6.25;6.18;6.15;6.13;6.13;6.14;6.17;6.21;6.25;6.29;6.34;6.38;6.43;6.47;6.50;6.53;6.56;6.58;6.60;6.62;6.64;6.66;6.68;6.70;6.72;6.74;6.76;6.77;6.79;6.81;6.83;6.86;6.88;6.91;6.94;6.97;7.02;7.07;7.14;7.22;7.33;7.45;7.60;7.79;8.01;8.29;8.62;9.05;9.57;10.24;11.11;12.31;13.99;16.50;20.83;;;;;;;;;;;;;;;;;;;;;;;;;;;;;;
-2.400;;;;;;;;;;;;;;;;;;;;;;;;;;;;;;;;;13.65;15.58;17.44;18.96;19.94;20.24;19.80;18.86;17.61;16.22;14.84;13.56;12.40;11.38;10.50;9.74;9.09;8.54;8.07;7.67;7.34;7.06;6.84;6.65;6.50;6.39;6.31;6.25;6.22;6.20;6.21;6.22;6.25;6.28;6.32;6.37;6.41;6.46;6.50;6.54;6.57;6.60;6.63;6.66;6.68;6.70;6.72;6.75;6.77;6.79;6.81;6.83;6.85;6.87;6.89;6.91;6.94;6.97;7.00;7.04;7.08;7.14;7.21;7.29;7.39;7.51;7.66;7.84;8.05;8.32;8.64;9.03;9.53;10.15;10.95;12.00;13.48;15.63;19.01;;;;;;;;;;;;;;;;;;;;;;;;;;;;;;;
-2.500;;;;;;;;;;;;;;;;;;;;;;;;;;;;;;;;;13.23;15.52;17.92;20.14;21.84;22.72;22.58;21.65;20.20;18.51;16.79;15.19;13.75;12.50;11.43;10.52;9.74;9.09;8.54;8.08;7.69;7.37;7.10;6.88;6.70;6.56;6.46;6.38;6.33;6.30;6.29;6.29;6.31;6.34;6.37;6.41;6.45;6.49;6.54;6.58;6.62;6.65;6.68;6.71;6.74;6.77;6.79;6.82;6.84;6.86;6.88;6.90;6.92;6.95;6.97;7.00;7.03;7.06;7.10;7.15;7.21;7.28;7.36;7.46;7.58;7.73;7.91;8.12;8.37;8.69;9.07;9.54;10.13;10.88;11.86;13.19;15.10;18.02;;;;;;;;;;;;;;;;;;;;;;;;;;;;;;;;
-2.600;;;;;;;;;;;;;;;;;;;;;;;;;;;;;;;;;;14.87;17.72;20.66;23.27;25.08;25.59;24.92;23.37;21.35;19.23;17.22;15.42;13.88;12.57;11.46;10.53;9.76;9.11;8.56;8.11;7.73;7.41;7.15;6.94;6.77;6.64;6.54;6.47;6.42;6.39;6.38;6.39;6.41;6.43;6.47;6.50;6.55;6.59;6.63;6.67;6.71;6.74;6.78;6.81;6.84;6.87;6.89;6.92;6.94;6.97;6.99;7.01;7.04;7.07;7.10;7.14;7.18;7.23;7.29;7.36;7.44;7.54;7.66;7.81;7.99;8.20;8.45;8.76;9.13;9.59;10.16;10.89;11.83;13.08;14.83;17.47;21.82;;;;;;;;;;;;;;;;;;;;;;;;;;;;;;;;
-2.700;;;;;;;;;;;;;;;;;;;;;;;;;;;;;;;;;;;16.67;20.12;23.64;26.63;28.29;28.36;27.04;24.81;22.25;19.76;17.51;15.59;13.97;12.62;11.49;10.56;9.79;9.14;8.60;8.16;7.79;7.48;7.23;7.03;6.86;6.73;6.64;6.57;6.53;6.50;6.49;6.50;6.52;6.54;6.57;6.61;6.65;6.69;6.74;6.78;6.82;6.85;6.89;6.92;6.95;6.98;7.01;7.04;7.06;7.09;7.12;7.15;7.18;7.22;7.26;7.31;7.37;7.44;7.53;7.63;7.75;7.90;8.08;8.29;8.55;8.85;9.23;9.69;10.26;10.97;11.89;13.12;14.81;17.28;21.35;;;;;;;;;;;;;;;;;;;;;;;;;;;;;;;;;
-2.800;;;;;;;;;;;;;;;;;;;;;;;;;;;;;;;;;;;14.94;18.53;22.60;26.68;29.82;31.25;30.75;28.67;25.81;22.82;20.06;17.67;15.67;14.01;12.63;11.52;10.59;9.82;9.19;8.66;8.23;7.86;7.56;7.32;7.12;6.97;6.84;6.75;6.69;6.64;6.62;6.61;6.62;6.64;6.66;6.70;6.73;6.78;6.82;6.86;6.90;6.94;6.98;7.01;7.05;7.08;7.11;7.14;7.17;7.20;7.23;7.27;7.31;7.35;7.40;7.47;7.54;7.62;7.73;7.85;8.00;8.18;8.39;8.65;8.96;9.34;9.80;10.38;11.09;12.01;13.24;14.93;17.36;21.21;;;;;;;;;;;;;;;;;;;;;;;;;;;;;;;;;;
-2.900;;;;;;;;;;;;;;;;;;;;;;;;;;;;;;;;;;;;16.13;20.22;24.86;29.33;32.52;33.62;32.43;29.67;26.36;23.07;20.17;17.71;15.68;14.01;12.66;11.55;10.63;9.88;9.26;8.74;8.31;7.96;7.67;7.43;7.24;7.09;6.97;6.88;6.82;6.78;6.76;6.75;6.76;6.78;6.80;6.84;6.88;6.92;6.96;7.00;7.04;7.09;7.12;7.16;7.20;7.23;7.27;7.30;7.34;7.37;7.41;7.46;7.51;7.57;7.65;7.73;7.84;7.96;8.11;8.29;8.51;8.77;9.08;9.47;9.93;10.51;11.24;12.18;13.40;15.11;17.58;21.43;;;;;;;;;;;;;;;;;;;;;;;;;;;;;;;;;;;
-3.000;;;;;;;;;;;;;;;;;;;;;;;;;;;;;;;;;;;;;17.01;21.43;26.42;31.05;34.17;34.86;33.12;30.03;26.47;23.09;20.15;17.69;15.66;14.03;12.69;11.60;10.70;9.96;9.35;8.84;8.43;8.08;7.80;7.56;7.38;7.23;7.11;7.03;6.97;6.93;6.91;6.91;6.92;6.94;6.97;7.00;7.04;7.08;7.13;7.17;7.21;7.26;7.30;7.34;7.38;7.41;7.45;7.49;7.54;7.58;7.64;7.70;7.77;7.86;7.97;8.09;8.24;8.42;8.64;8.90;9.22;9.61;10.09;10.68;11.43;12.39;13.66;15.38;17.95;22.01;29.32;;;;;;;;;;;;;;;;;;;;;;;;;;;;;;;;;;;
-3.100;;;;;;;;;;;;;;;;;;;;;;;;;;;;;;;;;;;;;;17.46;22.07;27.10;31.67;34.55;34.83;32.95;29.78;26.22;22.90;20.02;17.60;15.65;14.05;12.74;11.67;10.79;10.07;9.47;8.97;8.56;8.22;7.94;7.72;7.54;7.39;7.28;7.20;7.14;7.11;7.09;7.09;7.10;7.12;7.15;7.19;7.23;7.28;7.32;7.37;7.41;7.46;7.50;7.54;7.59;7.63;7.68;7.73;7.78;7.85;7.92;8.01;8.11;8.24;8.39;8.57;8.79;9.06;9.38;9.78;10.27;10.87;11.64;12.63;13.95;15.77;18.40;22.74;30.89;;;;;;;;;;;;;;;;;;;;;;;;;;;;;;;;;;;;
-3.200;;;;;;;;;;;;;;;;;;;;;;;;;;;;;;;;;;;;;;;17.49;22.00;26.87;31.21;33.75;33.97;32.15;29.09;25.73;22.57;19.81;17.52;15.63;14.07;12.80;11.77;10.91;10.20;9.61;9.13;8.73;8.39;8.12;7.90;7.72;7.58;7.48;7.40;7.34;7.31;7.30;7.30;7.32;7.34;7.37;7.41;7.46;7.50;7.55;7.60;7.65;7.70;7.74;7.79;7.84;7.90;7.96;8.02;8.10;8.19;8.29;8.42;8.57;8.75;8.97;9.24;9.56;9.96;10.46;11.08;11.87;12.88;14.25;16.17;18.98;23.44;32.32;;;;;;;;;;;;;;;;;;;;;;;;;;;;;;;;;;;;;
-3.300;;;;;;;;;;;;;;;;;;;;;;;;;;;;;;;;;;;;;;;;17.03;21.28;25.85;29.82;32.23;32.55;30.90;28.16;25.10;22.17;19.61;17.43;15.62;14.12;12.90;11.89;11.05;10.36;9.79;9.31;8.92;8.59;8.33;8.11;7.94;7.80;7.70;7.63;7.58;7.55;7.54;7.55;7.57;7.60;7.63;7.68;7.72;7.77;7.82;7.88;7.93;7.98;8.04;8.10;8.16;8.23;8.30;8.39;8.50;8.62;8.77;8.96;9.18;9.44;9.77;10.18;10.68;11.31;12.12;13.17;14.57;16.55;19.51;24.33;33.23;;;;;;;;;;;;;;;;;;;;;;;;;;;;;;;;;;;;;;
-3.400;;;;;;;;;;;;;;;;;;;;;;;;;;;;;;;;;;;;;;;;;16.30;20.19;24.29;27.86;30.13;30.53;29.29;27.04;24.38;21.76;19.41;17.37;15.65;14.23;13.05;12.06;11.25;10.57;10.01;9.54;9.15;8.84;8.57;8.36;8.20;8.07;7.97;7.90;7.86;7.84;7.83;7.85;7.87;7.90;7.94;7.99;8.04;8.10;8.15;8.21;8.27;8.34;8.40;8.47;8.55;8.65;8.75;8.88;9.03;9.21;9.43;9.70;10.03;10.44;10.95;11.59;12.42;13.51;14.99;17.05;20.20;25.53;36.25;;;;;;;;;;;;;;;;;;;;;;;;;;;;;;;;;;;;;;;
-3.500;;;;;;;;;;;;;;;;;;;;;;;;;;;;;;;;;;;;;;;;;;15.37;18.88;22.54;25.80;27.92;28.51;27.71;25.93;23.67;21.37;19.23;17.34;15.73;14.37;13.23;12.28;11.49;10.82;10.27;9.81;9.43;9.12;8.87;8.67;8.50;8.38;8.29;8.23;8.19;8.18;8.18;8.20;8.23;8.27;8.32;8.37;8.43;8.49;8.55;8.62;8.69;8.77;8.85;8.95;9.06;9.18;9.33;9.52;9.74;10.01;10.34;10.75;11.27;11.93;12.78;13.89;15.43;17.62;20.92;26.63;;;;;;;;;;;;;;;;;;;;;;;;;;;;;;;;;;;;;;;;;
-3.600;;;;;;;;;;;;;;;;;;;;;;;;;;;;;;;;;;;;;;;;;;;;17.49;20.78;23.75;25.82;26.67;26.28;24.89;23.03;21.03;19.11;17.38;15.86;14.56;13.47;12.55;11.78;11.12;10.59;10.14;9.77;9.46;9.22;9.02;8.87;8.76;8.67;8.62;8.59;8.59;8.60;8.62;8.66;8.71;8.76;8.83;8.89;8.96;9.04;9.12;9.21;9.31;9.42;9.55;9.71;9.89;10.11;10.38;10.72;11.14;11.66;12.33;13.20;14.35;15.92;18.22;21.75;27.73;;;;;;;;;;;;;;;;;;;;;;;;;;;;;;;;;;;;;;;;;;
-3.700;;;;;;;;;;;;;;;;;;;;;;;;;;;;;;;;;;;;;;;;;;;;;16.16;19.13;21.85;23.92;24.99;24.90;23.95;22.48;20.77;19.06;17.48;16.06;14.83;13.78;12.89;12.13;11.51;10.98;10.54;10.18;9.88;9.65;9.46;9.31;9.21;9.14;9.09;9.08;9.08;9.10;9.14;9.19;9.25;9.31;9.39;9.47;9.55;9.65;9.75;9.87;10.01;10.16;10.35;10.58;10.85;11.19;11.62;12.15;12.83;13.73;14.92;16.55;18.91;22.66;29.20;;;;;;;;;;;;;;;;;;;;;;;;;;;;;;;;;;;;;;;;;;;
-3.800;;;;;;;;;;;;;;;;;;;;;;;;;;;;;;;;;;;;;;;;;;;;;;14.99;17.66;20.19;22.24;23.41;23.66;23.12;22.00;20.59;19.10;17.66;16.35;15.19;14.19;13.32;12.59;11.98;11.46;11.03;10.69;10.40;10.17;10.00;9.87;9.77;9.71;9.68;9.68;9.70;9.73;9.78;9.84;9.92;10.00;10.09;10.19;10.30;10.43;10.57;10.73;10.93;11.16;11.44;11.79;12.23;12.78;13.49;14.41;15.66;17.40;19.93;23.89;;;;;;;;;;;;;;;;;;;;;;;;;;;;;;;;;;;;;;;;;;;;;
-3.900;;;;;;;;;;;;;;;;;;;;;;;;;;;;;;;;;;;;;;;;;;;;;;;;16.38;18.77;20.76;22.10;22.65;22.44;21.64;20.52;19.24;17.96;16.75;15.66;14.70;13.87;13.17;12.57;12.06;11.65;11.31;11.04;10.83;10.67;10.55;10.47;10.43;10.42;10.43;10.46;10.52;10.58;10.67;10.76;10.87;10.99;11.12;11.27;11.45;11.65;11.89;12.19;12.55;13.00;13.58;14.32;15.30;16.60;18.46;21.20;25.54;;;;;;;;;;;;;;;;;;;;;;;;;;;;;;;;;;;;;;;;;;;;;;
-4.000;;;;;;;;;;;;;;;;;;;;;;;;;;;;;;;;;;;;;;;;;;;;;;;;;;17.53;19.53;21.03;21.84;21.92;21.45;20.59;19.52;18.38;17.28;16.26;15.36;14.56;13.88;13.30;12.82;12.42;12.10;11.84;11.65;11.50;11.41;11.35;11.33;11.34;11.37;11.43;11.51;11.61;11.72;11.85;11.99;12.16;12.35;12.57;12.83;13.14;13.52;14.00;14.61;15.40;16.44;17.85;19.81;22.81;;;;;;;;;;;;;;;;;;;;;;;;;;;;;;;;;;;;;;;;;;;;;;;;
-4.100;;;;;;;;;;;;;;;;;;;;;;;;;;;;;;;;;;;;;;;;;;;;;;;;;;;;18.49;20.10;21.12;21.52;21.37;20.78;19.94;18.98;18.00;17.07;16.22;15.47;14.81;14.26;13.80;13.42;13.12;12.89;12.72;12.60;12.53;12.50;12.51;12.55;12.62;12.71;12.83;12.97;13.13;13.31;13.52;13.77;14.06;14.40;14.82;15.35;16.02;16.87;18.02;19.60;21.84;;;;;;;;;;;;;;;;;;;;;;;;;;;;;;;;;;;;;;;;;;;;;;;;;;
-4.200;;;;;;;;;;;;;;;;;;;;;;;;;;;;;;;;;;;;;;;;;;;;;;;;;;;;;;19.32;20.57;21.28;21.43;21.14;20.55;19.79;18.95;18.12;17.35;16.65;16.04;15.52;15.09;14.75;14.48;14.28;14.14;14.06;14.03;14.04;14.10;14.19;14.31;14.46;14.64;14.86;15.10;15.38;15.72;16.11;16.59;17.19;17.96;18.95;20.27;22.10;;;;;;;;;;;;;;;;;;;;;;;;;;;;;;;;;;;;;;;;;;;;;;;;;;;;
-4.300;;;;;;;;;;;;;;;;;;;;;;;;;;;;;;;;;;;;;;;;;;;;;;;;;;;;;;;;;21.20;21.69;21.73;21.43;20.88;20.22;19.52;18.85;18.23;17.68;17.21;16.83;16.53;16.31;16.16;16.08;16.06;16.09;16.18;16.31;16.49;16.70;16.95;17.25;17.60;18.00;18.49;19.07;19.80;20.71;21.93;;;;;;;;;;;;;;;;;;;;;;;;;;;;;;;;;;;;;;;;;;;;;;;;;;;;;;;
-4.400;;;;;;;;;;;;;;;;;;;;;;;;;;;;;;;;;;;;;;;;;;;;;;;;;;;;;;;;;;;;22.61;22.63;22.38;21.95;21.43;20.89;20.38;19.93;19.55;19.25;19.04;18.90;18.84;18.86;18.95;19.10;19.31;19.58;19.90;20.29;20.75;21.28;21.91;22.68;23.62;;;;;;;;;;;;;;;;;;;;;;;;;;;;;;;;;;;;;;;;;;;;;;;;;;;;;;;;;;
-4.500;;;;;;;;;;;;;;;;;;;;;;;;;;;;;;;;;;;;;;;;;;;;;;;;;;;;;;;;;;;;;;;;24.35;24.13;23.85;23.56;23.29;23.09;22.96;22.92;22.96;23.10;23.32;23.64;24.04;24.53;25.12;25.81;;;;;;;;;;;;;;;;;;;;;;;;;;;;;;;;;;;;;;;;;;;;;;;;;;;;;;;;;;;;;;;
-4.600;;;;;;;;;;;;;;;;;;;;;;;;;;;;;;;;;;;;;;;;;;;;;;;;;;;;;;;;;;;;;;;;;;;;;;;;;;;;;;;;;;;;;;;;;;;;;;;;;;;;;;;;;;;;;;;;;;;;;;;;;;;;;;;;;;;;;;;;;;;;;;
-4.700;;;;;;;;;;;;;;;;;;;;;;;;;;;;;;;;;;;;;;;;;;;;;;;;;;;;;;;;;;;;;;;;;;;;;;;;;;;;;;;;;;;;;;;;;;;;;;;;;;;;;;;;;;;;;;;;;;;;;;;;;;;;;;;;;;;;;;;;;;;;;;
-4.800;;;;;;;;;;;;;;;;;;;;;;;;;;;;;;;;;;;;;;;;;;;;;;;;;;;;;;;;;;;;;;;;;;;;;;;;;;;;;;;;;;;;;;;;;;;;;;;;;;;;;;;;;;;;;;;;;;;;;;;;;;;;;;;;;;;;;;;;;;;;;;
-4.900;;;;;;;;;;;;;;;;;;;;;;;;;;;;;;;;;;;;;;;;;;;;;;;;;;;;;;;;;;;;;;;;;;;;;;;;;;;;;;;;;;;;;;;;;;;;;;;;;;;;;;;;;;;;;;;;;;;;;;;;;;;;;;;;;;;;;;;;;;;;;;
-5.000;;;;;;;;;;;;;;;;;;;;;;;;;;;;;;;;;;;;;;;;;;;;;;;;;;;;;;;;;;;;;;;;;;;;;;;;;;;;;;;;;;;;;;;;;;;;;;;;;;;;;;;;;;;;;;;;;;;;;;;;;;;;;;;;;;;;;;;;;;;;;;
-5.100;;;;;;;;;;;;;;;;;;;;;;;;;;;;;;;;;;;;;;;;;;;;;;;;;;;;;;;;;;;;;;;;;;;;;;;;;;;;;;;;;;;;;;;;;;;;;;;;;;;;;;;;;;;;;;;;;;;;;;;;;;;;;;;;;;;;;;;;;;;;;;
-5.200;;;;;;;;;;;;;;;;;;;;;;;;;;;;;;;;;;;;;;;;;;;;;;;;;;;;;;;;;;;;;;;;;;;;;;;;;;;;;;;;;;;;;;;;;;;;;;;;;;;;;;;;;;;;;;;;;;;;;;;;;;;;;;;;;;;;;;;;;;;;;;
-5.300;;;;;;;;;;;;;;;;;;;;;;;;;;;;;;;;;;;;;;;;;;;;;;;;;;;;;;;;;;;;;;;;;;;;;;;;;;;;;;;;;;;;;;;;;;;;;;;;;;;;;;;;;;;;;;;;;;;;;;;;;;;;;;;;;;;;;;;;;;;;;;
-5.400;;;;;;;;;;;;;;;;;;;;;;;;;;;;;;;;;;;;;;;;;;;;;;;;;;;;;;;;;;;;;;;;;;;;;;;;;;;;;;;;;;;;;;;;;;;;;;;;;;;;;;;;;;;;;;;;;;;;;;;;;;;;;;;;;;;;;;;;;;;;;;
-5.500;;;;;;;;;;;;;;;;;;;;;;;;;;;;;;;;;;;;;;;;;;;;;;;;;;;;;;;;;;;;;;;;;;;;;;;;;;;;;;;;;;;;;;;;;;;;;;;;;;;;;;;;;;;;;;;;;;;;;;;;;;;;;;;;;;;;;;;;;;;;;;
-5.600;;;;;;;;;;;;;;;;;;;;;;;;;;;;;;;;;;;;;;;;;;;;;;;;;;;;;;;;;;;;;;;;;;;;;;;;;;;;;;;;;;;;;;;;;;;;;;;;;;;;;;;;;;;;;;;;;;;;;;;;;;;;;;;;;;;;;;;;;;;;;;
-5.700;;;;;;;;;;;;;;;;;;;;;;;;;;;;;;;;;;;;;;;;;;;;;;;;;;;;;;;;;;;;;;;;;;;;;;;;;;;;;;;;;;;;;;;;;;;;;;;;;;;;;;;;;;;;;;;;;;;;;;;;;;;;;;;;;;;;;;;;;;;;;;
-5.800;;;;;;;;;;;;;;;;;;;;;;;;;;;;;;;;;;;;;;;;;;;;;;;;;;;;;;;;;;;;;;;;;;;;;;;;;;;;;;;;;;;;;;;;;;;;;;;;;;;;;;;;;;;;;;;;;;;;;;;;;;;;;;;;;;;;;;;;;;;;;;
-5.900;;;;;;;;;;;;;;;;;;;;;;;;;;;;;;;;;;;;;;;;;;;;;;;;;;;;;;;;;;;;;;;;;;;;;;;;;;;;;;;;;;;;;;;;;;;;;;;;;;;;;;;;;;;;;;;;;;;;;;;;;;;;;;;;;;;;;;;;;;;;;;
-6.000;;;;;;;;;;;;;;;;;;;;;;;;;;;;;;;;;;;;;;;;;;;;;;;;;;;;;;;;;;;;;;;;;;;;;;;;;;;;;;;;;;;;;;;;;;;;;;;;;;;;;;;;;;;;;;;;;;;;;;;;;;;;;;;;;;;;;;;;;;;;;;
-6.100;;;;;;;;;;;;;;;;;;;;;;;;;;;;;;;;;;;;;;;;;;;;;;;;;;;;;;;;;;;;;;;;;;;;;;;;;;;;;;;;;;;;;;;;;;;;;;;;;;;;;;;;;;;;;;;;;;;;;;;;;;;;;;;;;;;;;;;;;;;;;;
-6.200;;;;;;;;;;;;;;;;;;;;;;;;;;;;;;;;;;;;;;;;;;;;;;;;;;;;;;;;;;;;;;;;;;;;;;;;;;;;;;;;;;;;;;;;;;;;;;;;;;;;;;;;;;;;;;;;;;;;;;;;;;;;;;;;;;;;;;;;;;;;;;
-6.300;;;;;;;;;;;;;;;;;;;;;;;;;;;;;;;;;;;;;;;;;;;;;;;;;;;;;;;;;;;;;;;;;;;;;;;;;;;;;;;;;;;;;;;;;;;;;;;;;;;;;;;;;;;;;;;;;;;;;;;;;;;;;;;;;;;;;;;;;;;;;;
-6.400;;;;;;;;;;;;;;;;;;;;;;;;;;;;;;;;;;;;;;;;;;;;;;;;;;;;;;;;;;;;;;;;;;;;;;;;;;;;;;;;;;;;;;;;;;;;;;;;;;;;;;;;;;;;;;;;;;;;;;;;;;;;;;;;;;;;;;;;;;;;;;
-6.500;;;;;;;;;;;;;;;;;;;;;;;;;;;;;;;;;;;;;;;;;;;;;;;;;;;;;;;;;;;;;;;;;;;;;;;;;;;;;;;;;;;;;;;;;;;;;;;;;;;;;;;;;;;;;;;;;;;;;;;;;;;;;;;;;;;;;;;;;;;;;;
-6.600;;;;;;;;;;;;;;;;;;;;;;;;;;;;;;;;;;;;;;;;;;;;;;;;;;;;;;;;;;;;;;;;;;;;;;;;;;;;;;;;;;;;;;;;;;;;;;;;;;;;;;;;;;;;;;;;;;;;;;;;;;;;;;;;;;;;;;;;;;;;;;
-6.700;;;;;;;;;;;;;;;;;;;;;;;;;;;;;;;;;;;;;;;;;;;;;;;;;;;;;;;;;;;;;;;;;;;;;;;;;;;;;;;;;;;;;;;;;;;;;;;;;;;;;;;;;;;;;;;;;;;;;;;;;;;;;;;;;;;;;;;;;;;;;;
-6.800;;;;;;;;;;;;;;;;;;;;;;;;;;;;;;;;;;;;;;;;;;;;;;;;;;;;;;;;;;;;;;;;;;;;;;;;;;;;;;;;;;;;;;;;;;;;;;;;;;;;;;;;;;;;;;;;;;;;;;;;;;;;;;;;;;;;;;;;;;;;;;
-6.900;;;;;;;;;;;;;;;;;;;;;;;;;;;;;;;;;;;;;;;;;;;;;;;;;;;;;;;;;;;;;;;;;;;;;;;;;;;;;;;;;;;;;;;;;;;;;;;;;;;;;;;;;;;;;;;;;;;;;;;;;;;;;;;;;;;;;;;;;;;;;;
-7.000;;;;;;;;;;;;;;;;;;;;;;;;;;;;;;;;;;;;;;;;;;;;;;;;;;;;;;;;;;;;;;;;;;;;;;;;;;;;;;;;;;;;;;;;;;;;;;;;;;;;;;;;;;;;;;;;;;;;;;;;;;;;;;;;;;;;;;;;;;;;;;
TOTAL CORNEAL REFRACTIVE POWER;-7.000;-6.900;-6.800;-6.700;-6.600;-6.500;-6.400;-6.300;-6.200;-6.100;-6.000;-5.900;-5.800;-5.700;-5.600;-5.500;-5.400;-5.300;-5.200;-5.100;-5.000;-4.900;-4.800;-4.700;-4.600;-4.500;-4.400;-4.300;-4.200;-4.100;-4.000;-3.900;-3.800;-3.700;-3.600;-3.500;-3.400;-3.300;-3.200;-3.100;-3.000;-2.900;-2.800;-2.700;-2.600;-2.500;-2.400;-2.300;-2.200;-2.100;-2.000;-1.900;-1.800;-1.700;-1.600;-1.500;-1.400;-1.300;-1.200;-1.100;-1.000;-0.900;-0.800;-0.700;-0.600;-0.500;-0.400;-0.300;-0.200;-0.100;0.000;0.100;0.200;0.300;0.400;0.500;0.600;0.700;0.800;0.900;1.000;1.100;1.200;1.300;1.400;1.500;1.600;1.700;1.800;1.900;2.000;2.100;2.200;2.300;2.400;2.500;2.600;2.700;2.800;2.900;3.000;3.100;3.200;3.300;3.400;3.500;3.600;3.700;3.800;3.900;4.000;4.100;4.200;4.300;4.400;4.500;4.600;4.700;4.800;4.900;5.000;5.100;5.200;5.300;5.400;5.500;5.600;5.700;5.800;5.900;6.000;6.100;6.200;6.300;6.400;6.500;6.600;6.700;6.800;6.900;7.000;
7.000;;;;;;;;;;;;;;;;;;;;;;;;;;;;;;;;;;;;;;;;;;;;;;;;;;;;;;;;;;;;;;;;;;;;;;;;;;;;;;;;;;;;;;;;;;;;;;;;;;;;;;;;;;;;;;;;;;;;;;;;;;;;;;;;;;;;;;;;;;;;;;
6.900;;;;;;;;;;;;;;;;;;;;;;;;;;;;;;;;;;;;;;;;;;;;;;;;;;;;;;;;;;;;;;;;;;;;;;;;;;;;;;;;;;;;;;;;;;;;;;;;;;;;;;;;;;;;;;;;;;;;;;;;;;;;;;;;;;;;;;;;;;;;;;
6.800;;;;;;;;;;;;;;;;;;;;;;;;;;;;;;;;;;;;;;;;;;;;;;;;;;;;;;;;;;;;;;;;;;;;;;;;;;;;;;;;;;;;;;;;;;;;;;;;;;;;;;;;;;;;;;;;;;;;;;;;;;;;;;;;;;;;;;;;;;;;;;
6.700;;;;;;;;;;;;;;;;;;;;;;;;;;;;;;;;;;;;;;;;;;;;;;;;;;;;;;;;;;;;;;;;;;;;;;;;;;;;;;;;;;;;;;;;;;;;;;;;;;;;;;;;;;;;;;;;;;;;;;;;;;;;;;;;;;;;;;;;;;;;;;
6.600;;;;;;;;;;;;;;;;;;;;;;;;;;;;;;;;;;;;;;;;;;;;;;;;;;;;;;;;;;;;;;;;;;;;;;;;;;;;;;;;;;;;;;;;;;;;;;;;;;;;;;;;;;;;;;;;;;;;;;;;;;;;;;;;;;;;;;;;;;;;;;
6.500;;;;;;;;;;;;;;;;;;;;;;;;;;;;;;;;;;;;;;;;;;;;;;;;;;;;;;;;;;;;;;;;;;;;;;;;;;;;;;;;;;;;;;;;;;;;;;;;;;;;;;;;;;;;;;;;;;;;;;;;;;;;;;;;;;;;;;;;;;;;;;
6.400;;;;;;;;;;;;;;;;;;;;;;;;;;;;;;;;;;;;;;;;;;;;;;;;;;;;;;;;;;;;;;;;;;;;;;;;;;;;;;;;;;;;;;;;;;;;;;;;;;;;;;;;;;;;;;;;;;;;;;;;;;;;;;;;;;;;;;;;;;;;;;
6.300;;;;;;;;;;;;;;;;;;;;;;;;;;;;;;;;;;;;;;;;;;;;;;;;;;;;;;;;;;;;;;;;;;;;;;;;;;;;;;;;;;;;;;;;;;;;;;;;;;;;;;;;;;;;;;;;;;;;;;;;;;;;;;;;;;;;;;;;;;;;;;
6.200;;;;;;;;;;;;;;;;;;;;;;;;;;;;;;;;;;;;;;;;;;;;;;;;;;;;;;;;;;;;;;;;;;;;;;;;;;;;;;;;;;;;;;;;;;;;;;;;;;;;;;;;;;;;;;;;;;;;;;;;;;;;;;;;;;;;;;;;;;;;;;
6.100;;;;;;;;;;;;;;;;;;;;;;;;;;;;;;;;;;;;;;;;;;;;;;;;;;;;;;;;;;;;;;;;;;;;;;;;;;;;;;;;;;;;;;;;;;;;;;;;;;;;;;;;;;;;;;;;;;;;;;;;;;;;;;;;;;;;;;;;;;;;;;
6.000;;;;;;;;;;;;;;;;;;;;;;;;;;;;;;;;;;;;;;;;;;;;;;;;;;;;;;;;;;;;;;;;;;;;;;;;;;;;;;;;;;;;;;;;;;;;;;;;;;;;;;;;;;;;;;;;;;;;;;;;;;;;;;;;;;;;;;;;;;;;;;
5.900;;;;;;;;;;;;;;;;;;;;;;;;;;;;;;;;;;;;;;;;;;;;;;;;;;;;;;;;;;;;;;;;;;;;;;;;;;;;;;;;;;;;;;;;;;;;;;;;;;;;;;;;;;;;;;;;;;;;;;;;;;;;;;;;;;;;;;;;;;;;;;
5.800;;;;;;;;;;;;;;;;;;;;;;;;;;;;;;;;;;;;;;;;;;;;;;;;;;;;;;;;;;;;;;;;;;;;;;;;;;;;;;;;;;;;;;;;;;;;;;;;;;;;;;;;;;;;;;;;;;;;;;;;;;;;;;;;;;;;;;;;;;;;;;
5.700;;;;;;;;;;;;;;;;;;;;;;;;;;;;;;;;;;;;;;;;;;;;;;;;;;;;;;;;;;;;;;;;;;;;;;;;;;;;;;;;;;;;;;;;;;;;;;;;;;;;;;;;;;;;;;;;;;;;;;;;;;;;;;;;;;;;;;;;;;;;;;
5.600;;;;;;;;;;;;;;;;;;;;;;;;;;;;;;;;;;;;;;;;;;;;;;;;;;;;;;;;;;;;;;;;;;;;;;;;;;;;;;;;;;;;;;;;;;;;;;;;;;;;;;;;;;;;;;;;;;;;;;;;;;;;;;;;;;;;;;;;;;;;;;
5.500;;;;;;;;;;;;;;;;;;;;;;;;;;;;;;;;;;;;;;;;;;;;;;;;;;;;;;;;;;;;;;;;;;;;;;;;;;;;;;;;;;;;;;;;;;;;;;;;;;;;;;;;;;;;;;;;;;;;;;;;;;;;;;;;;;;;;;;;;;;;;;
5.400;;;;;;;;;;;;;;;;;;;;;;;;;;;;;;;;;;;;;;;;;;;;;;;;;;;;;;;;;;;;;;;;;;;;;;;;;;;;;;;;;;;;;;;;;;;;;;;;;;;;;;;;;;;;;;;;;;;;;;;;;;;;;;;;;;;;;;;;;;;;;;
5.300;;;;;;;;;;;;;;;;;;;;;;;;;;;;;;;;;;;;;;;;;;;;;;;;;;;;;;;;;;;;;;;;;;;;;;;;;;;;;;;;;;;;;;;;;;;;;;;;;;;;;;;;;;;;;;;;;;;;;;;;;;;;;;;;;;;;;;;;;;;;;;
5.200;;;;;;;;;;;;;;;;;;;;;;;;;;;;;;;;;;;;;;;;;;;;;;;;;;;;;;;;;;;;;;;;;;;;;;;;;;;;;;;;;;;;;;;;;;;;;;;;;;;;;;;;;;;;;;;;;;;;;;;;;;;;;;;;;;;;;;;;;;;;;;
5.100;;;;;;;;;;;;;;;;;;;;;;;;;;;;;;;;;;;;;;;;;;;;;;;;;;;;;;;;;;;;;;;;;;;;;;;;;;;;;;;;;;;;;;;;;;;;;;;;;;;;;;;;;;;;;;;;;;;;;;;;;;;;;;;;;;;;;;;;;;;;;;
5.000;;;;;;;;;;;;;;;;;;;;;;;;;;;;;;;;;;;;;;;;;;;;;;;;;;;;;;;;;;;;;;;;;;;;;;;;;;;;;;;;;;;;;;;;;;;;;;;;;;;;;;;;;;;;;;;;;;;;;;;;;;;;;;;;;;;;;;;;;;;;;;
4.900;;;;;;;;;;;;;;;;;;;;;;;;;;;;;;;;;;;;;;;;;;;;;;;;;;;;;;;;;;;;;;;;;;;;;;;;;;;;;;;;;;;;;;;;;;;;;;;;;;;;;;;;;;;;;;;;;;;;;;;;;;;;;;;;;;;;;;;;;;;;;;
4.800;;;;;;;;;;;;;;;;;;;;;;;;;;;;;;;;;;;;;;;;;;;;;;;;;;;;;;;;;;;;;;;;;;;;;;;;;;;;;;;;;;;;;;;;;;;;;;;;;;;;;;;;;;;;;;;;;;;;;;;;;;;;;;;;;;;;;;;;;;;;;;
4.700;;;;;;;;;;;;;;;;;;;;;;;;;;;;;;;;;;;;;;;;;;;;;;;;;;;;;;;;;;;;;;;;;;;;;;;;;;;;;;;;;;;;;;;;;;;;;;;;;;;;;;;;;;;;;;;;;;;;;;;;;;;;;;;;;;;;;;;;;;;;;;
4.600;;;;;;;;;;;;;;;;;;;;;;;;;;;;;;;;;;;;;;;;;;;;;;;;;;;;;;;;;;;;;;;49.7;49.4;49.1;48.9;48.6;48.4;48.2;48.0;47.8;47.7;47.5;47.4;47.3;47.3;47.3;47.2;47.3;47.3;47.4;;;;;;;;;;;;;;;;;;;;;;;;;;;;;;;;;;;;;;;;;;;;;;;;;;;;;;;;;;;;;
4.500;;;;;;;;;;;;;;;;;;;;;;;;;;;;;;;;;;;;;;;;;;;;;;;;;;;;;;;;;;;50.0;49.7;49.4;49.1;48.8;48.5;48.3;48.0;47.8;47.6;47.4;47.2;47.0;46.9;46.7;46.6;46.6;46.5;46.5;46.5;46.5;46.6;46.7;46.8;47.0;47.1;47.4;;;;;;;;;;;;;;;;;;;;;;;;;;;;;;;;;;;;;;;;;;;;;;;;;;;;;;;;;
4.400;;;;;;;;;;;;;;;;;;;;;;;;;;;;;;;;;;;;;;;;;;;;;;;;;;;;;;;;50.1;49.7;49.4;49.1;48.8;48.5;48.2;47.9;47.6;47.4;47.2;46.9;46.7;46.5;46.4;46.2;46.1;46.0;45.9;45.8;45.8;45.8;45.8;45.8;45.9;46.0;46.1;46.2;46.4;46.6;46.9;47.2;47.5;;;;;;;;;;;;;;;;;;;;;;;;;;;;;;;;;;;;;;;;;;;;;;;;;;;;;;
4.300;;;;;;;;;;;;;;;;;;;;;;;;;;;;;;;;;;;;;;;;;;;;;;;;;;;;;50.2;49.9;49.5;49.1;48.8;48.5;48.2;47.9;47.6;47.3;47.1;46.8;46.6;46.3;46.1;45.9;45.8;45.6;45.5;45.3;45.2;45.2;45.1;45.1;45.1;45.1;45.1;45.2;45.3;45.4;45.5;45.7;45.9;46.1;46.4;46.7;47.1;47.5;;;;;;;;;;;;;;;;;;;;;;;;;;;;;;;;;;;;;;;;;;;;;;;;;;;;
4.200;;;;;;;;;;;;;;;;;;;;;;;;;;;;;;;;;;;;;;;;;;;;;;;;;;;50.1;49.7;49.3;49.0;48.6;48.3;47.9;47.6;47.3;47.0;46.8;46.5;46.2;46.0;45.8;45.5;45.3;45.2;45.0;44.8;44.7;44.6;44.5;44.4;44.4;44.4;44.4;44.4;44.4;44.5;44.6;44.7;44.9;45.0;45.2;45.5;45.7;46.0;46.3;46.7;47.1;47.6;48.1;;;;;;;;;;;;;;;;;;;;;;;;;;;;;;;;;;;;;;;;;;;;;;;;;
4.100;;;;;;;;;;;;;;;;;;;;;;;;;;;;;;;;;;;;;;;;;;;;;;;;;50.1;49.6;49.2;48.8;48.5;48.1;47.8;47.4;47.1;46.8;46.5;46.2;46.0;45.7;45.4;45.2;45.0;44.8;44.6;44.4;44.3;44.1;44.0;43.9;43.8;43.7;43.7;43.7;43.7;43.7;43.8;43.9;44.0;44.1;44.2;44.4;44.6;44.8;45.1;45.3;45.6;46.0;46.4;46.8;47.2;47.8;;;;;;;;;;;;;;;;;;;;;;;;;;;;;;;;;;;;;;;;;;;;;;;;
4.000;;;;;;;;;;;;;;;;;;;;;;;;;;;;;;;;;;;;;;;;;;;;;;;;49.6;49.2;48.8;48.4;48.0;47.6;47.3;46.9;46.6;46.3;46.0;45.7;45.4;45.2;44.9;44.7;44.5;44.2;44.0;43.9;43.7;43.5;43.4;43.3;43.2;43.1;43.1;43.1;43.0;43.1;43.1;43.1;43.2;43.3;43.5;43.6;43.8;44.0;44.2;44.4;44.7;45.0;45.3;45.7;46.1;46.5;47.0;47.5;48.1;;;;;;;;;;;;;;;;;;;;;;;;;;;;;;;;;;;;;;;;;;;;;;
3.900;;;;;;;;;;;;;;;;;;;;;;;;;;;;;;;;;;;;;;;;;;;;;;49.7;49.3;48.8;48.4;48.0;47.6;47.2;46.9;46.5;46.2;45.9;45.5;45.2;45.0;44.7;44.4;44.2;43.9;43.7;43.5;43.3;43.2;43.0;42.9;42.7;42.6;42.6;42.5;42.5;42.4;42.4;42.5;42.5;42.6;42.6;42.7;42.9;43.0;43.2;43.4;43.6;43.8;44.1;44.4;44.7;45.0;45.4;45.8;46.2;46.7;47.2;47.8;48.5;;;;;;;;;;;;;;;;;;;;;;;;;;;;;;;;;;;;;;;;;;;;
3.800;;;;;;;;;;;;;;;;;;;;;;;;;;;;;;;;;;;;;;;;;;;;;49.4;49.0;48.5;48.0;47.6;47.2;46.8;46.5;46.1;45.8;45.4;45.1;44.8;44.5;44.2;44.0;43.7;43.5;43.3;43.0;42.8;42.7;42.5;42.4;42.2;42.1;42.0;42.0;41.9;41.9;41.9;41.9;41.9;41.9;42.0;42.1;42.2;42.3;42.4;42.6;42.8;43.0;43.2;43.5;43.8;44.1;44.4;44.7;45.1;45.5;46.0;46.5;47.0;47.6;48.3;;;;;;;;;;;;;;;;;;;;;;;;;;;;;;;;;;;;;;;;;;;
3.700;;;;;;;;;;;;;;;;;;;;;;;;;;;;;;;;;;;;;;;;;;;49.7;49.2;48.7;48.2;47.7;47.3;46.9;46.5;46.1;45.7;45.4;45.0;44.7;44.4;44.1;43.8;43.6;43.3;43.1;42.8;42.6;42.4;42.2;42.0;41.9;41.7;41.6;41.5;41.4;41.4;41.3;41.3;41.3;41.3;41.4;41.4;41.5;41.6;41.7;41.8;41.9;42.1;42.3;42.5;42.7;42.9;43.2;43.5;43.8;44.1;44.5;44.9;45.3;45.8;46.3;46.9;47.5;48.1;;;;;;;;;;;;;;;;;;;;;;;;;;;;;;;;;;;;;;;;;;
3.600;;;;;;;;;;;;;;;;;;;;;;;;;;;;;;;;;;;;;;;;;;49.5;49.0;48.5;48.0;47.5;47.0;46.6;46.2;45.8;45.4;45.1;44.7;44.4;44.1;43.7;43.5;43.2;42.9;42.7;42.4;42.2;42.0;41.8;41.6;41.5;41.3;41.2;41.1;41.0;40.9;40.9;40.8;40.8;40.8;40.9;40.9;41.0;41.0;41.1;41.2;41.3;41.5;41.6;41.8;42.0;42.2;42.4;42.7;42.9;43.2;43.6;43.9;44.3;44.7;45.2;45.7;46.2;46.7;47.3;48.0;48.7;;;;;;;;;;;;;;;;;;;;;;;;;;;;;;;;;;;;;;;;
3.500;;;;;;;;;;;;;;;;;;;;;;;;;;;;;;;;;;;;;;;;;49.4;48.8;48.3;47.8;47.3;46.8;46.4;46.0;45.5;45.2;44.8;44.4;44.1;43.7;43.4;43.1;42.9;42.6;42.3;42.1;41.9;41.6;41.4;41.3;41.1;40.9;40.8;40.7;40.5;40.5;40.4;40.4;40.3;40.3;40.4;40.4;40.4;40.5;40.6;40.7;40.8;40.9;41.0;41.2;41.3;41.5;41.7;41.9;42.2;42.4;42.7;43.0;43.4;43.8;44.2;44.6;45.1;45.6;46.1;46.7;47.3;47.9;48.7;;;;;;;;;;;;;;;;;;;;;;;;;;;;;;;;;;;;;;;
3.400;;;;;;;;;;;;;;;;;;;;;;;;;;;;;;;;;;;;;;;;49.3;48.7;48.2;47.7;47.2;46.7;46.2;45.8;45.3;44.9;44.5;44.2;43.8;43.5;43.2;42.9;42.6;42.3;42.1;41.8;41.6;41.3;41.1;40.9;40.7;40.6;40.4;40.3;40.1;40.0;40.0;39.9;39.9;39.9;39.9;39.9;39.9;40.0;40.1;40.2;40.3;40.4;40.5;40.6;40.8;40.9;41.1;41.3;41.5;41.7;42.0;42.3;42.6;42.9;43.3;43.6;44.1;44.5;45.0;45.5;46.0;46.6;47.2;47.9;48.6;;;;;;;;;;;;;;;;;;;;;;;;;;;;;;;;;;;;;;
3.300;;;;;;;;;;;;;;;;;;;;;;;;;;;;;;;;;;;;;;;49.2;48.7;48.1;47.6;47.1;46.6;46.1;45.6;45.2;44.8;44.4;44.0;43.6;43.3;43.0;42.7;42.4;42.1;41.8;41.6;41.3;41.1;40.9;40.7;40.5;40.3;40.1;39.9;39.8;39.7;39.6;39.5;39.4;39.4;39.4;39.4;39.4;39.5;39.6;39.6;39.7;39.8;40.0;40.1;40.2;40.4;40.5;40.7;40.9;41.1;41.3;41.6;41.8;42.1;42.4;42.8;43.2;43.6;44.0;44.4;44.9;45.4;46.0;46.6;47.2;47.9;48.6;;;;;;;;;;;;;;;;;;;;;;;;;;;;;;;;;;;;;
3.200;;;;;;;;;;;;;;;;;;;;;;;;;;;;;;;;;;;;;;49.2;48.6;48.1;47.5;47.0;46.5;46.0;45.6;45.1;44.7;44.2;43.9;43.5;43.1;42.8;42.5;42.2;41.9;41.7;41.4;41.1;40.9;40.7;40.4;40.2;40.0;39.8;39.6;39.4;39.3;39.2;39.0;39.0;38.9;38.9;38.9;38.9;38.9;39.0;39.1;39.2;39.3;39.4;39.5;39.7;39.8;40.0;40.1;40.3;40.5;40.7;40.9;41.1;41.4;41.7;42.0;42.3;42.7;43.1;43.5;43.9;44.4;44.9;45.5;46.0;46.6;47.3;47.9;48.7;;;;;;;;;;;;;;;;;;;;;;;;;;;;;;;;;;;;
3.100;;;;;;;;;;;;;;;;;;;;;;;;;;;;;;;;;;;;;49.3;48.7;48.1;47.5;47.0;46.5;46.0;45.5;45.0;44.6;44.2;43.8;43.4;43.0;42.7;42.4;42.1;41.8;41.5;41.3;41.0;40.7;40.5;40.2;40.0;39.8;39.5;39.3;39.1;38.9;38.8;38.6;38.5;38.4;38.4;38.3;38.3;38.3;38.4;38.4;38.5;38.6;38.8;38.9;39.1;39.2;39.4;39.6;39.7;39.9;40.1;40.3;40.5;40.8;41.0;41.3;41.6;41.9;42.3;42.7;43.1;43.5;44.0;44.4;45.0;45.5;46.1;46.7;47.3;48.0;48.7;;;;;;;;;;;;;;;;;;;;;;;;;;;;;;;;;;;
3.000;;;;;;;;;;;;;;;;;;;;;;;;;;;;;;;;;;;;49.3;48.7;48.1;47.6;47.1;46.5;46.0;45.5;45.0;44.6;44.2;43.7;43.4;43.0;42.6;42.3;42.0;41.7;41.4;41.2;40.9;40.6;40.4;40.1;39.8;39.5;39.3;39.0;38.8;38.6;38.4;38.2;38.1;38.0;37.9;37.8;37.8;37.8;37.8;37.8;37.9;38.0;38.1;38.2;38.4;38.5;38.7;38.9;39.1;39.3;39.5;39.7;39.9;40.1;40.4;40.6;40.9;41.2;41.5;41.9;42.3;42.7;43.1;43.5;44.0;44.5;45.0;45.6;46.2;46.8;47.4;48.1;48.8;;;;;;;;;;;;;;;;;;;;;;;;;;;;;;;;;;
2.900;;;;;;;;;;;;;;;;;;;;;;;;;;;;;;;;;;;49.4;48.8;48.2;47.7;47.1;46.6;46.1;45.6;45.1;44.6;44.2;43.8;43.4;43.0;42.6;42.3;42.0;41.7;41.4;41.1;40.8;40.5;40.2;39.9;39.6;39.3;39.1;38.8;38.6;38.3;38.1;37.9;37.7;37.6;37.4;37.3;37.3;37.2;37.2;37.2;37.3;37.3;37.4;37.5;37.7;37.8;38.0;38.2;38.4;38.6;38.8;39.0;39.3;39.5;39.7;40.0;40.2;40.5;40.8;41.2;41.5;41.9;42.3;42.7;43.1;43.6;44.1;44.6;45.1;45.7;46.3;46.9;47.5;48.2;;;;;;;;;;;;;;;;;;;;;;;;;;;;;;;;;;
2.800;;;;;;;;;;;;;;;;;;;;;;;;;;;;;;;;;;;48.9;48.3;47.8;47.2;46.7;46.2;45.7;45.2;44.7;44.2;43.8;43.4;43.0;42.7;42.3;42.0;41.7;41.4;41.1;40.8;40.4;40.1;39.8;39.5;39.2;38.9;38.6;38.3;38.1;37.8;37.6;37.4;37.2;37.1;36.9;36.8;36.7;36.7;36.7;36.7;36.7;36.8;36.9;37.0;37.1;37.3;37.5;37.7;37.9;38.1;38.3;38.5;38.8;39.1;39.3;39.6;39.9;40.2;40.5;40.8;41.1;41.5;41.9;42.3;42.8;43.2;43.7;44.2;44.7;45.3;45.8;46.4;47.1;47.7;48.4;;;;;;;;;;;;;;;;;;;;;;;;;;;;;;;;;
2.700;;;;;;;;;;;;;;;;;;;;;;;;;;;;;;;;;;49.1;48.5;47.9;47.4;46.8;46.3;45.8;45.3;44.8;44.3;43.9;43.5;43.1;42.7;42.4;42.0;41.7;41.4;41.1;40.7;40.4;40.0;39.7;39.4;39.0;38.7;38.4;38.1;37.8;37.6;37.3;37.1;36.9;36.7;36.5;36.4;36.3;36.2;36.1;36.1;36.1;36.2;36.2;36.3;36.4;36.6;36.8;36.9;37.1;37.4;37.6;37.8;38.1;38.3;38.6;38.9;39.2;39.5;39.8;40.1;40.4;40.8;41.2;41.6;42.0;42.4;42.9;43.4;43.9;44.4;44.9;45.4;46.0;46.6;47.2;47.9;48.5;;;;;;;;;;;;;;;;;;;;;;;;;;;;;;;;
2.600;;;;;;;;;;;;;;;;;;;;;;;;;;;;;;;;;49.2;48.6;48.1;47.5;47.0;46.5;45.9;45.4;45.0;44.5;44.0;43.6;43.2;42.8;42.5;42.1;41.8;41.4;41.1;40.7;40.4;40.0;39.6;39.3;38.9;38.6;38.3;38.0;37.7;37.4;37.1;36.9;36.6;36.4;36.2;36.0;35.9;35.8;35.7;35.6;35.6;35.6;35.6;35.7;35.8;35.9;36.1;36.2;36.4;36.6;36.8;37.1;37.3;37.6;37.9;38.1;38.4;38.7;39.0;39.4;39.7;40.1;40.4;40.8;41.2;41.7;42.1;42.6;43.0;43.5;44.0;44.6;45.1;45.6;46.2;46.8;47.4;48.1;48.7;;;;;;;;;;;;;;;;;;;;;;;;;;;;;;;
2.500;;;;;;;;;;;;;;;;;;;;;;;;;;;;;;;;49.4;48.8;48.2;47.7;47.2;46.6;46.1;45.6;45.1;44.6;44.2;43.7;43.3;42.9;42.6;42.2;41.9;41.5;41.1;40.8;40.4;40.0;39.6;39.3;38.9;38.5;38.2;37.8;37.5;37.2;36.9;36.6;36.4;36.1;35.9;35.7;35.5;35.4;35.3;35.2;35.1;35.1;35.1;35.1;35.2;35.3;35.4;35.6;35.7;35.9;36.1;36.4;36.6;36.9;37.1;37.4;37.7;38.0;38.3;38.6;39.0;39.3;39.7;40.1;40.5;40.9;41.3;41.8;42.3;42.7;43.2;43.7;44.2;44.8;45.3;45.9;46.4;47.0;47.6;48.3;;;;;;;;;;;;;;;;;;;;;;;;;;;;;;;
2.400;;;;;;;;;;;;;;;;;;;;;;;;;;;;;;;;49.0;48.4;47.9;47.3;46.8;46.3;45.8;45.3;44.8;44.4;43.9;43.5;43.1;42.7;42.4;42.0;41.6;41.2;40.8;40.4;40.1;39.7;39.3;38.9;38.5;38.1;37.8;37.4;37.1;36.8;36.5;36.2;35.9;35.7;35.4;35.2;35.1;34.9;34.8;34.7;34.6;34.6;34.6;34.6;34.7;34.8;34.9;35.1;35.2;35.4;35.7;35.9;36.1;36.4;36.7;37.0;37.3;37.6;37.9;38.2;38.6;38.9;39.3;39.7;40.1;40.6;41.0;41.5;42.0;42.5;42.9;43.4;43.9;44.5;45.0;45.5;46.1;46.7;47.3;47.9;48.5;;;;;;;;;;;;;;;;;;;;;;;;;;;;;;
2.300;;;;;;;;;;;;;;;;;;;;;;;;;;;;;;;49.2;48.6;48.1;47.5;47.0;46.5;46.0;45.5;45.0;44.5;44.1;43.7;43.3;42.9;42.5;42.1;41.8;41.4;41.0;40.6;40.1;39.7;39.3;38.9;38.5;38.1;37.7;37.4;37.0;36.7;36.3;36.0;35.7;35.5;35.2;35.0;34.8;34.6;34.5;34.3;34.2;34.2;34.1;34.1;34.2;34.2;34.3;34.4;34.6;34.8;35.0;35.2;35.4;35.7;36.0;36.2;36.5;36.8;37.2;37.5;37.8;38.2;38.6;39.0;39.4;39.8;40.2;40.7;41.2;41.7;42.2;42.7;43.2;43.7;44.2;44.7;45.2;45.8;46.4;46.9;47.5;48.1;;;;;;;;;;;;;;;;;;;;;;;;;;;;;;
2.200;;;;;;;;;;;;;;;;;;;;;;;;;;;;;;;48.8;48.3;47.7;47.2;46.7;46.2;45.7;45.2;44.7;44.3;43.9;43.5;43.1;42.7;42.3;41.9;41.5;41.1;40.7;40.3;39.9;39.4;39.0;38.6;38.1;37.7;37.3;37.0;36.6;36.3;35.9;35.6;35.3;35.0;34.8;34.6;34.4;34.2;34.0;33.9;33.8;33.7;33.7;33.7;33.7;33.8;33.9;34.0;34.2;34.3;34.5;34.8;35.0;35.3;35.5;35.8;36.1;36.4;36.8;37.1;37.4;37.8;38.2;38.6;39.0;39.4;39.9;40.4;40.9;41.4;41.9;42.4;42.9;43.4;43.9;44.5;45.0;45.5;46.1;46.6;47.2;47.7;48.3;;;;;;;;;;;;;;;;;;;;;;;;;;;;;
2.100;;;;;;;;;;;;;;;;;;;;;;;;;;;;;;49.1;48.5;47.9;47.4;46.9;46.4;45.9;45.4;45.0;44.5;44.1;43.7;43.3;42.9;42.5;42.2;41.8;41.3;40.9;40.5;40.0;39.6;39.1;38.7;38.2;37.8;37.4;37.0;36.6;36.2;35.9;35.5;35.2;34.9;34.6;34.4;34.2;33.9;33.8;33.6;33.5;33.4;33.3;33.3;33.3;33.3;33.4;33.5;33.6;33.8;33.9;34.1;34.4;34.6;34.9;35.2;35.4;35.7;36.1;36.4;36.7;37.1;37.4;37.8;38.2;38.7;39.1;39.6;40.1;40.6;41.1;41.6;42.2;42.7;43.2;43.7;44.2;44.8;45.3;45.8;46.4;46.9;47.4;48.0;;;;;;;;;;;;;;;;;;;;;;;;;;;;;
2.000;;;;;;;;;;;;;;;;;;;;;;;;;;;;;;48.7;48.1;47.6;47.1;46.6;46.1;45.6;45.2;44.7;44.3;43.9;43.5;43.1;42.7;42.4;42.0;41.6;41.2;40.7;40.3;39.8;39.3;38.9;38.4;37.9;37.5;37.1;36.6;36.2;35.9;35.5;35.1;34.8;34.5;34.2;34.0;33.8;33.6;33.4;33.2;33.1;33.0;32.9;32.9;32.9;32.9;33.0;33.1;33.2;33.4;33.6;33.8;34.0;34.3;34.5;34.8;35.1;35.4;35.7;36.0;36.4;36.7;37.1;37.5;37.9;38.3;38.8;39.2;39.7;40.3;40.8;41.4;41.9;42.4;43.0;43.5;44.0;44.5;45.1;45.6;46.1;46.6;47.2;47.7;48.2;;;;;;;;;;;;;;;;;;;;;;;;;;;;
1.900;;;;;;;;;;;;;;;;;;;;;;;;;;;;;49.0;48.4;47.8;47.3;46.8;46.3;45.8;45.4;44.9;44.5;44.1;43.7;43.3;43.0;42.6;42.2;41.8;41.4;41.0;40.5;40.1;39.6;39.1;38.6;38.1;37.7;37.2;36.7;36.3;35.9;35.5;35.1;34.8;34.5;34.2;33.9;33.6;33.4;33.2;33.0;32.9;32.7;32.6;32.6;32.5;32.5;32.6;32.6;32.7;32.9;33.0;33.2;33.4;33.7;33.9;34.2;34.5;34.7;35.0;35.4;35.7;36.0;36.4;36.7;37.1;37.5;38.0;38.4;38.9;39.4;40.0;40.5;41.1;41.7;42.2;42.8;43.3;43.8;44.3;44.9;45.4;45.9;46.4;46.9;47.5;48.0;;;;;;;;;;;;;;;;;;;;;;;;;;;;
1.800;;;;;;;;;;;;;;;;;;;;;;;;;;;;;48.6;48.0;47.5;47.0;46.5;46.0;45.6;45.1;44.7;44.3;43.9;43.5;43.2;42.8;42.5;42.1;41.7;41.3;40.8;40.4;39.9;39.4;38.9;38.4;37.9;37.4;36.9;36.5;36.0;35.6;35.2;34.8;34.5;34.1;33.8;33.5;33.3;33.1;32.9;32.7;32.5;32.4;32.3;32.2;32.2;32.2;32.2;32.3;32.4;32.6;32.7;32.9;33.1;33.4;33.6;33.9;34.1;34.4;34.7;35.0;35.4;35.7;36.0;36.4;36.8;37.2;37.6;38.1;38.6;39.1;39.7;40.2;40.8;41.4;42.0;42.5;43.1;43.6;44.2;44.7;45.2;45.7;46.2;46.7;47.2;47.7;48.2;;;;;;;;;;;;;;;;;;;;;;;;;;;
1.700;;;;;;;;;;;;;;;;;;;;;;;;;;;;;48.3;47.7;47.2;46.7;46.2;45.8;45.3;44.9;44.5;44.1;43.7;43.4;43.0;42.7;42.4;42.0;41.6;41.2;40.7;40.2;39.7;39.2;38.7;38.2;37.7;37.2;36.7;36.2;35.8;35.3;34.9;34.5;34.2;33.8;33.5;33.2;33.0;32.7;32.5;32.4;32.2;32.1;32.0;31.9;31.9;31.9;32.0;32.0;32.2;32.3;32.5;32.7;32.9;33.1;33.3;33.6;33.9;34.1;34.4;34.7;35.1;35.4;35.7;36.1;36.5;36.9;37.3;37.8;38.3;38.8;39.3;39.9;40.5;41.1;41.7;42.3;42.9;43.4;44.0;44.5;45.0;45.5;46.0;46.5;47.0;47.5;48.0;;;;;;;;;;;;;;;;;;;;;;;;;;;
1.600;;;;;;;;;;;;;;;;;;;;;;;;;;;;48.6;48.0;47.4;46.9;46.4;46.0;45.5;45.1;44.7;44.3;43.9;43.6;43.2;42.9;42.6;42.3;41.9;41.5;41.1;40.6;40.1;39.6;39.1;38.6;38.0;37.5;37.0;36.5;36.0;35.5;35.1;34.6;34.3;33.9;33.5;33.2;32.9;32.7;32.5;32.3;32.1;31.9;31.8;31.7;31.7;31.6;31.7;31.7;31.8;31.9;32.1;32.2;32.4;32.6;32.9;33.1;33.4;33.6;33.9;34.2;34.5;34.8;35.1;35.4;35.8;36.2;36.6;37.0;37.5;38.0;38.5;39.0;39.6;40.2;40.9;41.5;42.1;42.7;43.3;43.8;44.3;44.8;45.3;45.9;46.4;46.9;47.3;47.8;48.2;;;;;;;;;;;;;;;;;;;;;;;;;;
1.500;;;;;;;;;;;;;;;;;;;;;;;;;;;;48.2;47.6;47.1;46.6;46.2;45.7;45.3;44.8;44.4;44.1;43.7;43.4;43.1;42.9;42.5;42.2;41.8;41.4;41.0;40.5;40.0;39.5;39.0;38.4;37.9;37.4;36.8;36.3;35.8;35.3;34.9;34.4;34.0;33.6;33.3;33.0;32.7;32.4;32.2;32.0;31.8;31.7;31.6;31.5;31.4;31.4;31.4;31.5;31.6;31.7;31.9;32.0;32.2;32.4;32.7;32.9;33.1;33.4;33.7;33.9;34.2;34.5;34.8;35.2;35.5;35.9;36.3;36.7;37.2;37.7;38.2;38.8;39.3;40.0;40.6;41.3;41.9;42.5;43.1;43.6;44.2;44.7;45.2;45.7;46.2;46.7;47.2;47.6;48.1;;;;;;;;;;;;;;;;;;;;;;;;;;
1.400;;;;;;;;;;;;;;;;;;;;;;;;;;;48.5;47.9;47.3;46.8;46.4;45.9;45.5;45.0;44.6;44.2;43.9;43.6;43.3;43.0;42.8;42.5;42.1;41.8;41.4;40.9;40.4;39.9;39.4;38.9;38.3;37.8;37.2;36.7;36.2;35.6;35.1;34.7;34.2;33.8;33.4;33.1;32.8;32.5;32.2;32.0;31.8;31.6;31.4;31.3;31.3;31.2;31.2;31.3;31.3;31.4;31.6;31.7;31.9;32.1;32.3;32.5;32.7;33.0;33.2;33.5;33.7;34.0;34.3;34.6;34.9;35.3;35.6;36.0;36.5;36.9;37.4;37.9;38.5;39.1;39.7;40.3;41.0;41.7;42.3;42.9;43.5;44.0;44.6;45.1;45.6;46.1;46.6;47.0;47.5;47.9;;;;;;;;;;;;;;;;;;;;;;;;;;
1.300;;;;;;;;;;;;;;;;;;;;;;;;;;;48.2;47.6;47.0;46.5;46.1;45.6;45.2;44.8;44.4;44.1;43.7;43.5;43.2;43.0;42.7;42.4;42.1;41.7;41.3;40.9;40.4;39.9;39.4;38.8;38.3;37.7;37.1;36.6;36.1;35.5;35.0;34.5;34.1;33.7;33.3;32.9;32.6;32.3;32.0;31.8;31.6;31.4;31.3;31.1;31.1;31.1;31.1;31.1;31.2;31.3;31.4;31.6;31.8;32.0;32.2;32.4;32.6;32.8;33.1;33.3;33.5;33.8;34.1;34.4;34.7;35.0;35.4;35.8;36.2;36.6;37.1;37.7;38.2;38.8;39.4;40.1;40.8;41.5;42.1;42.7;43.3;43.9;44.4;44.9;45.4;45.9;46.4;46.9;47.4;47.8;48.1;;;;;;;;;;;;;;;;;;;;;;;;;
1.200;;;;;;;;;;;;;;;;;;;;;;;;;;;47.9;47.3;46.8;46.3;45.8;45.4;45.0;44.6;44.2;43.9;43.6;43.3;43.1;42.9;42.7;42.4;42.0;41.7;41.3;40.8;40.4;39.9;39.3;38.8;38.2;37.7;37.1;36.5;36.0;35.4;34.9;34.4;34.0;33.5;33.1;32.8;32.4;32.1;31.8;31.6;31.4;31.2;31.1;31.0;30.9;30.9;30.9;31.0;31.1;31.2;31.4;31.5;31.7;31.9;32.1;32.3;32.5;32.7;32.9;33.2;33.4;33.6;33.9;34.2;34.5;34.8;35.2;35.5;35.9;36.4;36.9;37.4;38.0;38.5;39.2;39.8;40.5;41.2;41.9;42.6;43.2;43.8;44.3;44.8;45.3;45.8;46.3;46.8;47.2;47.7;48.0;;;;;;;;;;;;;;;;;;;;;;;;;
1.100;;;;;;;;;;;;;;;;;;;;;;;;;;;47.6;47.0;46.5;46.0;45.6;45.1;44.7;44.4;44.0;43.7;43.5;43.2;43.1;42.8;42.6;42.3;42.0;41.6;41.2;40.8;40.3;39.8;39.3;38.8;38.2;37.6;37.1;36.5;35.9;35.4;34.9;34.4;33.9;33.5;33.0;32.7;32.3;32.0;31.7;31.5;31.2;31.1;30.9;30.8;30.8;30.8;30.8;30.9;31.0;31.2;31.3;31.5;31.7;31.9;32.1;32.2;32.4;32.6;32.8;33.0;33.3;33.5;33.7;34.0;34.3;34.6;34.9;35.3;35.7;36.2;36.6;37.2;37.7;38.3;38.9;39.6;40.3;41.0;41.7;42.4;43.1;43.7;44.2;44.7;45.2;45.7;46.2;46.7;47.1;47.5;47.9;;;;;;;;;;;;;;;;;;;;;;;;;
1.000;;;;;;;;;;;;;;;;;;;;;;;;;;48.0;47.3;46.7;46.2;45.8;45.3;44.9;44.5;44.2;43.9;43.6;43.4;43.2;43.0;42.8;42.6;42.3;42.0;41.6;41.2;40.8;40.3;39.8;39.3;38.8;38.2;37.6;37.1;36.5;35.9;35.4;34.9;34.4;33.9;33.4;33.0;32.6;32.2;31.9;31.6;31.3;31.1;30.9;30.8;30.7;30.7;30.7;30.8;30.9;31.0;31.2;31.3;31.5;31.7;31.9;32.0;32.2;32.4;32.6;32.8;33.0;33.2;33.4;33.6;33.9;34.1;34.4;34.8;35.1;35.5;36.0;36.4;36.9;37.5;38.1;38.7;39.4;40.1;40.8;41.6;42.3;42.9;43.5;44.1;44.6;45.1;45.6;46.1;46.6;47.0;47.5;47.8;;;;;;;;;;;;;;;;;;;;;;;;;
0.900;;;;;;;;;;;;;;;;;;;;;;;;;;47.7;47.0;46.4;46.0;45.5;45.1;44.7;44.3;44.0;43.7;43.5;43.3;43.1;42.9;42.7;42.5;42.3;42.0;41.6;41.2;40.8;40.3;39.8;39.3;38.8;38.2;37.6;37.1;36.5;36.0;35.4;34.9;34.4;33.9;33.4;33.0;32.6;32.2;31.9;31.5;31.3;31.0;30.8;30.7;30.6;30.6;30.7;30.8;30.9;31.1;31.2;31.4;31.6;31.7;31.9;32.1;32.2;32.4;32.6;32.7;32.9;33.1;33.3;33.5;33.7;34.0;34.3;34.6;35.0;35.3;35.8;36.2;36.8;37.3;37.9;38.5;39.2;39.9;40.7;41.4;42.1;42.8;43.4;44.0;44.6;45.1;45.6;46.0;46.5;47.0;47.4;47.7;;;;;;;;;;;;;;;;;;;;;;;;;
0.800;;;;;;;;;;;;;;;;;;;;;;;;;;47.4;46.7;46.2;45.7;45.3;44.9;44.5;44.2;43.8;43.6;43.3;43.2;43.0;42.9;42.7;42.5;42.2;41.9;41.6;41.2;40.8;40.3;39.8;39.3;38.8;38.2;37.7;37.1;36.6;36.0;35.5;34.9;34.4;33.9;33.5;33.0;32.6;32.2;31.9;31.5;31.2;31.0;30.8;30.6;30.6;30.6;30.6;30.8;30.9;31.1;31.3;31.5;31.7;31.8;32.0;32.1;32.3;32.4;32.6;32.7;32.9;33.0;33.2;33.4;33.6;33.9;34.2;34.5;34.8;35.2;35.6;36.1;36.6;37.1;37.7;38.4;39.0;39.8;40.5;41.3;42.0;42.7;43.3;43.9;44.5;45.0;45.5;46.0;46.4;46.9;47.3;47.7;48.0;;;;;;;;;;;;;;;;;;;;;;;;
0.700;;;;;;;;;;;;;;;;;;;;;;;;;;47.1;46.4;45.9;45.5;45.1;44.7;44.3;44.0;43.7;43.5;43.3;43.1;43.0;42.8;42.7;42.5;42.2;41.9;41.6;41.2;40.8;40.3;39.9;39.4;38.8;38.3;37.7;37.2;36.6;36.1;35.5;35.0;34.5;34.0;33.5;33.1;32.7;32.3;31.9;31.6;31.2;31.0;30.7;30.6;30.5;30.5;30.7;30.8;31.0;31.3;31.5;31.6;31.8;31.9;32.1;32.2;32.3;32.4;32.6;32.7;32.8;33.0;33.2;33.3;33.5;33.8;34.0;34.3;34.7;35.1;35.5;35.9;36.4;37.0;37.6;38.2;38.9;39.6;40.4;41.1;41.9;42.6;43.3;43.9;44.4;44.9;45.4;45.9;46.4;46.8;47.2;47.6;47.9;;;;;;;;;;;;;;;;;;;;;;;;
0.600;;;;;;;;;;;;;;;;;;;;;;;;;;46.8;46.2;45.7;45.3;44.9;44.5;44.2;43.9;43.6;43.4;43.2;43.0;42.9;42.8;42.6;42.4;42.2;41.9;41.6;41.2;40.8;40.4;39.9;39.4;38.9;38.3;37.8;37.2;36.7;36.2;35.6;35.1;34.6;34.1;33.7;33.2;32.8;32.4;32.0;31.7;31.3;31.0;30.7;30.6;30.5;30.5;30.7;30.9;31.2;31.4;31.6;31.8;32.0;32.1;32.2;32.3;32.4;32.5;32.6;32.7;32.8;33.0;33.1;33.3;33.5;33.7;34.0;34.3;34.6;35.0;35.4;35.8;36.3;36.9;37.5;38.1;38.8;39.5;40.3;41.0;41.8;42.5;43.2;43.8;44.4;44.9;45.4;45.9;46.3;46.8;47.2;47.5;47.8;;;;;;;;;;;;;;;;;;;;;;;;
0.500;;;;;;;;;;;;;;;;;;;;;;;;;;46.6;46.0;45.5;45.1;44.7;44.3;44.0;43.7;43.5;43.3;43.1;43.0;42.9;42.8;42.6;42.4;42.2;41.9;41.6;41.2;40.8;40.4;39.9;39.4;38.9;38.4;37.9;37.3;36.8;36.3;35.7;35.2;34.8;34.3;33.8;33.4;33.0;32.6;32.2;31.8;31.5;31.1;30.8;30.6;30.5;30.5;30.8;31.1;31.4;31.7;31.9;32.0;32.2;32.2;32.3;32.4;32.5;32.5;32.6;32.7;32.8;32.9;33.1;33.3;33.4;33.7;33.9;34.2;34.5;34.9;35.3;35.7;36.2;36.8;37.4;38.0;38.7;39.4;40.2;40.9;41.7;42.5;43.2;43.8;44.3;44.9;45.4;45.8;46.3;46.7;47.1;47.5;47.8;;;;;;;;;;;;;;;;;;;;;;;;
0.400;;;;;;;;;;;;;;;;;;;;;;;;;;46.3;45.8;45.3;44.9;44.5;44.2;43.9;43.6;43.4;43.2;43.1;43.0;42.9;42.8;42.6;42.4;42.2;41.9;41.6;41.2;40.8;40.4;39.9;39.5;39.0;38.5;37.9;37.4;36.9;36.4;35.9;35.4;34.9;34.5;34.0;33.6;33.2;32.8;32.4;32.1;31.7;31.3;30.9;30.6;30.4;30.5;30.9;31.4;31.7;32.0;32.2;32.3;32.3;32.4;32.4;32.5;32.5;32.6;32.7;32.7;32.8;32.9;33.1;33.2;33.4;33.6;33.9;34.1;34.5;34.8;35.2;35.7;36.2;36.7;37.3;38.0;38.6;39.4;40.1;40.9;41.7;42.4;43.1;43.7;44.3;44.8;45.3;45.8;46.3;46.7;47.1;47.5;47.7;;;;;;;;;;;;;;;;;;;;;;;;
0.300;;;;;;;;;;;;;;;;;;;;;;;;;;46.1;45.6;45.1;44.8;44.4;44.1;43.8;43.6;43.4;43.2;43.0;43.0;42.9;42.7;42.6;42.4;42.2;41.9;41.6;41.2;40.8;40.4;40.0;39.5;39.0;38.5;38.0;37.5;37.0;36.5;36.0;35.5;35.1;34.7;34.2;33.8;33.5;33.1;32.7;32.4;32.0;31.6;31.2;30.8;30.5;30.6;31.2;31.8;32.1;32.3;32.4;32.5;32.5;32.5;32.5;32.6;32.6;32.6;32.7;32.8;32.8;33.0;33.1;33.2;33.4;33.6;33.8;34.1;34.4;34.8;35.2;35.7;36.1;36.7;37.3;37.9;38.6;39.3;40.1;40.9;41.6;42.4;43.1;43.7;44.3;44.8;45.3;45.8;46.2;46.7;47.1;47.4;47.7;;;;;;;;;;;;;;;;;;;;;;;;
0.200;;;;;;;;;;;;;;;;;;;;;;;;;46.6;46.0;45.4;45.0;44.6;44.3;44.0;43.7;43.5;43.3;43.2;43.0;43.0;42.9;42.8;42.6;42.4;42.2;41.9;41.6;41.2;40.9;40.5;40.0;39.6;39.1;38.6;38.1;37.6;37.1;36.6;36.2;35.7;35.3;34.9;34.5;34.1;33.8;33.4;33.1;32.8;32.5;32.1;31.7;31.2;30.7;30.5;31.6;32.2;32.5;32.6;32.6;32.6;32.6;32.6;32.6;32.6;32.6;32.7;32.7;32.8;32.9;33.0;33.1;33.2;33.4;33.6;33.8;34.1;34.4;34.8;35.2;35.6;36.1;36.7;37.3;37.9;38.6;39.3;40.1;40.8;41.6;42.4;43.1;43.7;44.3;44.8;45.3;45.8;46.2;46.7;47.1;47.4;47.7;;;;;;;;;;;;;;;;;;;;;;;;
0.100;;;;;;;;;;;;;;;;;;;;;;;;;46.4;45.8;45.3;44.9;44.5;44.2;43.9;43.7;43.5;43.3;43.2;43.1;43.0;42.9;42.8;42.6;42.4;42.2;41.9;41.6;41.3;40.9;40.5;40.1;39.6;39.1;38.7;38.2;37.7;37.2;36.8;36.3;35.9;35.5;35.1;34.7;34.4;34.0;33.7;33.5;33.2;33.0;32.7;32.4;32.0;31.3;30.6;32.2;32.7;32.7;32.7;32.7;32.6;32.6;32.6;32.6;32.6;32.6;32.7;32.7;32.8;32.9;33.0;33.1;33.2;33.4;33.6;33.9;34.1;34.5;34.8;35.2;35.7;36.2;36.7;37.3;38.0;38.6;39.4;40.1;40.9;41.7;42.4;43.1;43.7;44.3;44.8;45.3;45.8;46.2;46.6;47.0;47.4;47.6;;;;;;;;;;;;;;;;;;;;;;;;
0.000;;;;;;;;;;;;;;;;;;;;;;;;;46.3;45.7;45.2;44.8;44.4;44.2;43.9;43.7;43.5;43.3;43.2;43.1;43.0;42.9;42.8;42.6;42.5;42.2;42.0;41.6;41.3;40.9;40.5;40.1;39.7;39.2;38.7;38.3;37.8;37.3;36.9;36.5;36.0;35.6;35.3;34.9;34.6;34.3;34.1;33.8;33.6;33.4;33.3;33.2;33.1;32.9;31.8;32.3;32.5;32.5;32.5;32.5;32.5;32.5;32.5;32.6;32.6;32.6;32.7;32.7;32.8;32.9;33.0;33.1;33.3;33.5;33.7;33.9;34.2;34.5;34.9;35.3;35.7;36.2;36.8;37.4;38.0;38.7;39.4;40.1;40.9;41.7;42.5;43.1;43.8;44.3;44.8;45.3;45.8;46.2;46.6;47.0;47.4;47.6;;;;;;;;;;;;;;;;;;;;;;;;
-0.100;;;;;;;;;;;;;;;;;;;;;;;;;46.2;45.5;45.1;44.7;44.4;44.1;43.9;43.7;43.5;43.4;43.2;43.2;43.1;43.0;42.8;42.7;42.5;42.3;42.0;41.7;41.3;41.0;40.6;40.1;39.7;39.3;38.8;38.3;37.9;37.4;37.0;36.6;36.2;35.8;35.5;35.1;34.8;34.6;34.3;34.1;33.9;33.8;33.7;33.5;33.4;32.9;31.4;31.0;31.4;31.8;32.0;32.2;32.3;32.4;32.4;32.5;32.5;32.6;32.6;32.7;32.8;32.9;33.0;33.2;33.3;33.5;33.7;34.0;34.2;34.6;34.9;35.4;35.8;36.3;36.9;37.5;38.1;38.8;39.5;40.2;41.0;41.8;42.5;43.2;43.8;44.3;44.9;45.3;45.8;46.2;46.6;47.0;47.3;47.6;;;;;;;;;;;;;;;;;;;;;;;;
-0.200;;;;;;;;;;;;;;;;;;;;;;;;;;45.5;45.0;44.7;44.4;44.1;43.9;43.7;43.6;43.4;43.3;43.2;43.1;43.0;42.9;42.8;42.6;42.3;42.0;41.7;41.4;41.0;40.6;40.2;39.8;39.3;38.9;38.4;38.0;37.6;37.1;36.7;36.3;36.0;35.6;35.3;35.0;34.8;34.6;34.4;34.2;34.0;33.8;33.6;33.3;32.6;31.4;30.8;31.0;31.3;31.6;31.8;32.0;32.2;32.3;32.4;32.4;32.5;32.6;32.7;32.8;32.9;33.0;33.2;33.4;33.6;33.8;34.0;34.3;34.7;35.0;35.5;35.9;36.4;37.0;37.6;38.2;38.9;39.6;40.3;41.1;41.8;42.6;43.3;43.8;44.4;44.9;45.4;45.8;46.2;46.6;47.0;47.3;47.6;;;;;;;;;;;;;;;;;;;;;;;;
-0.300;;;;;;;;;;;;;;;;;;;;;;;;;;45.4;45.0;44.6;44.4;44.1;44.0;43.8;43.7;43.5;43.4;43.3;43.2;43.1;43.0;42.8;42.6;42.4;42.1;41.8;41.5;41.1;40.7;40.3;39.8;39.4;39.0;38.5;38.1;37.7;37.3;36.9;36.5;36.1;35.8;35.5;35.2;35.0;34.7;34.5;34.3;34.1;33.9;33.6;33.1;32.4;31.5;30.9;30.9;31.1;31.3;31.6;31.8;32.0;32.1;32.2;32.4;32.5;32.6;32.7;32.8;32.9;33.1;33.3;33.4;33.6;33.9;34.1;34.4;34.8;35.2;35.6;36.1;36.6;37.1;37.7;38.4;39.0;39.7;40.5;41.2;42.0;42.7;43.3;43.9;44.4;44.9;45.4;45.8;46.3;46.7;47.0;47.3;47.5;;;;;;;;;;;;;;;;;;;;;;;;
-0.400;;;;;;;;;;;;;;;;;;;;;;;;;;45.4;44.9;44.6;44.4;44.2;44.0;43.9;43.8;43.7;43.6;43.5;43.4;43.3;43.1;42.9;42.7;42.5;42.2;41.9;41.5;41.2;40.8;40.4;39.9;39.5;39.1;38.6;38.2;37.8;37.4;37.0;36.6;36.3;36.0;35.7;35.4;35.1;34.9;34.7;34.4;34.2;33.9;33.5;33.0;32.4;31.7;31.2;31.0;31.0;31.2;31.4;31.6;31.8;32.0;32.1;32.3;32.4;32.6;32.7;32.8;33.0;33.1;33.3;33.5;33.7;34.0;34.3;34.6;34.9;35.3;35.7;36.2;36.7;37.3;37.9;38.5;39.2;39.9;40.6;41.3;42.1;42.8;43.4;44.0;44.5;45.0;45.4;45.9;46.3;46.7;47.0;47.3;47.5;;;;;;;;;;;;;;;;;;;;;;;;
-0.500;;;;;;;;;;;;;;;;;;;;;;;;;;45.3;44.9;44.6;44.4;44.2;44.1;44.0;43.9;43.8;43.7;43.6;43.5;43.4;43.3;43.1;42.9;42.6;42.3;42.0;41.6;41.3;40.9;40.5;40.0;39.6;39.2;38.7;38.3;37.9;37.5;37.1;36.8;36.4;36.1;35.8;35.5;35.3;35.0;34.8;34.5;34.2;33.9;33.5;33.0;32.4;31.9;31.4;31.2;31.1;31.2;31.4;31.5;31.7;31.9;32.1;32.3;32.4;32.6;32.7;32.9;33.0;33.2;33.4;33.6;33.9;34.1;34.4;34.7;35.1;35.5;35.9;36.4;36.9;37.5;38.1;38.7;39.4;40.1;40.8;41.5;42.2;42.9;43.5;44.1;44.6;45.0;45.5;45.9;46.3;46.7;47.0;47.3;47.5;;;;;;;;;;;;;;;;;;;;;;;;
-0.600;;;;;;;;;;;;;;;;;;;;;;;;;;45.3;44.9;44.7;44.5;44.3;44.2;44.1;44.0;43.9;43.9;43.8;43.7;43.6;43.4;43.2;43.0;42.7;42.4;42.1;41.8;41.4;41.0;40.6;40.1;39.7;39.3;38.8;38.4;38.0;37.6;37.2;36.9;36.5;36.2;35.9;35.6;35.4;35.1;34.9;34.6;34.3;33.9;33.5;33.1;32.6;32.1;31.7;31.4;31.3;31.3;31.4;31.6;31.7;31.9;32.1;32.3;32.4;32.6;32.8;32.9;33.1;33.3;33.5;33.7;34.0;34.3;34.6;34.9;35.3;35.7;36.1;36.6;37.1;37.7;38.3;38.9;39.6;40.3;41.0;41.7;42.4;43.1;43.6;44.1;44.6;45.1;45.5;45.9;46.4;46.7;47.1;47.3;47.5;;;;;;;;;;;;;;;;;;;;;;;;
-0.700;;;;;;;;;;;;;;;;;;;;;;;;;;45.3;45.0;44.7;44.5;44.4;44.3;44.2;44.2;44.1;44.0;44.0;43.9;43.7;43.6;43.4;43.2;42.9;42.6;42.3;41.9;41.5;41.1;40.7;40.3;39.8;39.4;39.0;38.6;38.1;37.8;37.4;37.0;36.7;36.4;36.1;35.8;35.5;35.2;34.9;34.7;34.3;34.0;33.6;33.2;32.7;32.3;31.9;31.7;31.5;31.5;31.5;31.7;31.8;32.0;32.1;32.3;32.5;32.7;32.8;33.0;33.2;33.4;33.7;33.9;34.2;34.4;34.8;35.1;35.5;35.9;36.4;36.8;37.4;37.9;38.5;39.1;39.8;40.5;41.2;41.9;42.6;43.2;43.7;44.2;44.7;45.2;45.6;46.0;46.4;46.8;47.1;47.4;47.5;;;;;;;;;;;;;;;;;;;;;;;;
-0.800;;;;;;;;;;;;;;;;;;;;;;;;;;45.3;45.0;44.8;44.6;44.5;44.4;44.4;44.3;44.3;44.2;44.2;44.1;44.0;43.8;43.6;43.4;43.1;42.8;42.4;42.1;41.7;41.3;40.8;40.4;40.0;39.5;39.1;38.7;38.3;37.9;37.5;37.2;36.8;36.5;36.2;35.9;35.6;35.3;35.1;34.8;34.4;34.1;33.7;33.3;32.9;32.5;32.2;32.0;31.8;31.7;31.8;31.8;31.9;32.1;32.2;32.4;32.6;32.8;33.0;33.2;33.4;33.6;33.8;34.1;34.4;34.7;35.0;35.3;35.7;36.1;36.6;37.1;37.6;38.2;38.8;39.4;40.1;40.7;41.4;42.1;42.7;43.3;43.9;44.3;44.8;45.2;45.6;46.1;46.5;46.8;47.1;47.4;;;;;;;;;;;;;;;;;;;;;;;;;
-0.900;;;;;;;;;;;;;;;;;;;;;;;;;;45.3;45.0;44.8;44.7;44.6;44.5;44.5;44.5;44.5;44.4;44.4;44.3;44.2;44.0;43.8;43.6;43.3;43.0;42.6;42.2;41.8;41.4;41.0;40.6;40.1;39.7;39.3;38.9;38.4;38.0;37.7;37.3;37.0;36.6;36.3;36.0;35.7;35.5;35.2;34.9;34.6;34.2;33.9;33.5;33.1;32.8;32.5;32.3;32.1;32.0;32.0;32.1;32.1;32.3;32.4;32.6;32.8;32.9;33.1;33.3;33.6;33.8;34.0;34.3;34.6;34.9;35.2;35.6;36.0;36.4;36.9;37.4;37.9;38.5;39.1;39.7;40.3;41.0;41.6;42.3;42.9;43.5;44.0;44.5;44.9;45.3;45.7;46.1;46.5;46.9;47.2;47.4;;;;;;;;;;;;;;;;;;;;;;;;;
-1.000;;;;;;;;;;;;;;;;;;;;;;;;;;;45.1;44.9;44.8;44.7;44.6;44.6;44.6;44.6;44.6;44.6;44.5;44.4;44.2;44.0;43.8;43.5;43.2;42.8;42.4;42.0;41.6;41.2;40.8;40.3;39.9;39.4;39.0;38.6;38.2;37.8;37.5;37.1;36.8;36.5;36.2;35.9;35.6;35.3;35.0;34.7;34.4;34.0;33.7;33.4;33.1;32.8;32.6;32.4;32.3;32.3;32.3;32.4;32.5;32.7;32.8;33.0;33.2;33.4;33.6;33.8;34.0;34.3;34.6;34.9;35.2;35.5;35.9;36.3;36.7;37.2;37.7;38.2;38.8;39.4;40.0;40.6;41.3;41.9;42.5;43.1;43.7;44.1;44.6;45.0;45.4;45.8;46.2;46.6;47.0;47.3;47.5;;;;;;;;;;;;;;;;;;;;;;;;;
-1.100;;;;;;;;;;;;;;;;;;;;;;;;;;;45.1;44.9;44.8;44.8;44.8;44.8;44.8;44.8;44.8;44.8;44.7;44.6;44.5;44.3;44.0;43.7;43.4;43.0;42.7;42.3;41.8;41.4;41.0;40.5;40.1;39.6;39.2;38.8;38.4;38.0;37.7;37.3;37.0;36.7;36.4;36.1;35.8;35.5;35.2;34.9;34.6;34.3;34.0;33.7;33.4;33.1;32.9;32.8;32.7;32.7;32.7;32.7;32.8;32.9;33.1;33.2;33.4;33.6;33.8;34.1;34.3;34.6;34.9;35.2;35.5;35.8;36.2;36.6;37.1;37.5;38.0;38.6;39.1;39.7;40.3;40.9;41.5;42.2;42.8;43.3;43.8;44.3;44.7;45.1;45.5;45.9;46.3;46.7;47.0;47.3;47.5;;;;;;;;;;;;;;;;;;;;;;;;;
-1.200;;;;;;;;;;;;;;;;;;;;;;;;;;;45.1;45.0;44.9;44.9;44.9;44.9;44.9;45.0;45.0;45.0;45.0;44.9;44.7;44.5;44.3;44.0;43.7;43.3;42.9;42.5;42.1;41.6;41.2;40.7;40.3;39.9;39.4;39.0;38.6;38.2;37.9;37.5;37.2;36.9;36.5;36.2;36.0;35.7;35.4;35.1;34.8;34.5;34.2;34.0;33.7;33.5;33.3;33.2;33.1;33.0;33.0;33.1;33.1;33.3;33.4;33.6;33.7;33.9;34.1;34.4;34.6;34.9;35.2;35.5;35.8;36.2;36.6;37.0;37.4;37.9;38.4;38.9;39.5;40.0;40.6;41.2;41.8;42.4;43.0;43.5;44.0;44.4;44.8;45.2;45.6;46.0;46.4;46.8;47.1;47.4;;;;;;;;;;;;;;;;;;;;;;;;;;
-1.300;;;;;;;;;;;;;;;;;;;;;;;;;;;;45.0;45.0;45.0;45.0;45.0;45.1;45.1;45.2;45.2;45.2;45.1;45.0;44.8;44.5;44.2;43.9;43.5;43.2;42.7;42.3;41.9;41.4;41.0;40.5;40.1;39.6;39.2;38.8;38.4;38.1;37.7;37.4;37.1;36.8;36.5;36.2;35.9;35.6;35.3;35.1;34.8;34.5;34.3;34.0;33.8;33.7;33.5;33.5;33.4;33.4;33.5;33.5;33.6;33.8;33.9;34.1;34.3;34.5;34.7;35.0;35.3;35.5;35.9;36.2;36.6;36.9;37.4;37.8;38.3;38.8;39.3;39.8;40.4;41.0;41.6;42.2;42.7;43.3;43.7;44.2;44.6;45.0;45.4;45.7;46.1;46.5;46.9;47.3;47.5;;;;;;;;;;;;;;;;;;;;;;;;;;
-1.400;;;;;;;;;;;;;;;;;;;;;;;;;;;;45.1;45.0;45.0;45.1;45.1;45.2;45.3;45.3;45.4;45.4;45.3;45.2;45.0;44.8;44.5;44.2;43.8;43.4;43.0;42.6;42.1;41.7;41.2;40.8;40.3;39.9;39.5;39.1;38.7;38.3;38.0;37.6;37.3;37.0;36.7;36.4;36.1;35.9;35.6;35.3;35.1;34.8;34.6;34.4;34.2;34.1;34.0;33.9;33.8;33.8;33.9;33.9;34.0;34.2;34.3;34.5;34.7;34.9;35.1;35.4;35.7;35.9;36.3;36.6;37.0;37.4;37.8;38.2;38.7;39.2;39.7;40.2;40.8;41.3;41.9;42.5;43.0;43.5;43.9;44.3;44.7;45.1;45.5;45.9;46.3;46.7;47.0;47.4;47.6;;;;;;;;;;;;;;;;;;;;;;;;;;
-1.500;;;;;;;;;;;;;;;;;;;;;;;;;;;;45.1;45.1;45.1;45.1;45.2;45.3;45.4;45.5;45.5;45.5;45.5;45.5;45.3;45.1;44.8;44.4;44.1;43.7;43.3;42.8;42.4;41.9;41.5;41.0;40.6;40.2;39.7;39.3;38.9;38.6;38.2;37.9;37.5;37.2;36.9;36.7;36.4;36.1;35.9;35.6;35.4;35.2;35.0;34.8;34.6;34.5;34.4;34.3;34.3;34.3;34.3;34.4;34.5;34.6;34.8;34.9;35.1;35.3;35.6;35.8;36.1;36.4;36.7;37.0;37.4;37.8;38.2;38.7;39.1;39.6;40.1;40.6;41.2;41.7;42.3;42.8;43.3;43.8;44.2;44.5;44.9;45.3;45.7;46.0;46.4;46.8;47.2;47.5;47.8;;;;;;;;;;;;;;;;;;;;;;;;;;
-1.600;;;;;;;;;;;;;;;;;;;;;;;;;;;;;45.1;45.1;45.2;45.3;45.4;45.5;45.6;45.6;45.7;45.7;45.7;45.5;45.3;45.0;44.7;44.4;44.0;43.6;43.1;42.7;42.2;41.8;41.3;40.9;40.4;40.0;39.6;39.2;38.8;38.5;38.1;37.8;37.5;37.2;37.0;36.7;36.4;36.2;36.0;35.7;35.5;35.4;35.2;35.0;34.9;34.8;34.8;34.8;34.8;34.8;34.9;35.0;35.1;35.2;35.4;35.6;35.8;36.0;36.3;36.6;36.9;37.2;37.5;37.9;38.3;38.7;39.1;39.6;40.0;40.5;41.1;41.6;42.1;42.6;43.1;43.6;44.0;44.4;44.7;45.1;45.4;45.8;46.2;46.6;47.0;47.4;47.7;;;;;;;;;;;;;;;;;;;;;;;;;;;
-1.700;;;;;;;;;;;;;;;;;;;;;;;;;;;;;45.1;45.2;45.3;45.4;45.5;45.6;45.7;45.8;45.8;45.8;45.8;45.7;45.6;45.3;45.0;44.6;44.3;43.9;43.4;43.0;42.5;42.1;41.6;41.2;40.7;40.3;39.9;39.5;39.1;38.8;38.4;38.1;37.8;37.5;37.3;37.0;36.8;36.5;36.3;36.1;35.9;35.8;35.6;35.5;35.4;35.3;35.3;35.2;35.3;35.3;35.4;35.5;35.6;35.7;35.9;36.1;36.3;36.5;36.8;37.1;37.4;37.7;38.0;38.4;38.8;39.2;39.6;40.0;40.5;41.0;41.5;42.0;42.5;43.0;43.5;43.9;44.2;44.6;44.9;45.3;45.6;46.0;46.4;46.8;47.2;47.6;47.9;;;;;;;;;;;;;;;;;;;;;;;;;;;
-1.800;;;;;;;;;;;;;;;;;;;;;;;;;;;;;45.1;45.2;45.3;45.4;45.5;45.6;45.8;45.9;45.9;46.0;46.0;45.9;45.8;45.5;45.3;44.9;44.5;44.1;43.7;43.3;42.8;42.4;41.9;41.5;41.1;40.6;40.2;39.8;39.5;39.1;38.8;38.5;38.2;37.9;37.6;37.4;37.1;36.9;36.7;36.5;36.3;36.2;36.1;35.9;35.9;35.8;35.8;35.8;35.8;35.8;35.9;36.0;36.1;36.3;36.4;36.6;36.8;37.1;37.3;37.6;37.9;38.2;38.5;38.9;39.3;39.7;40.1;40.5;41.0;41.4;41.9;42.4;42.9;43.4;43.8;44.1;44.5;44.8;45.1;45.5;45.8;46.2;46.6;47.1;47.5;47.8;;;;;;;;;;;;;;;;;;;;;;;;;;;;
-1.900;;;;;;;;;;;;;;;;;;;;;;;;;;;;;;45.2;45.3;45.4;45.6;45.7;45.8;45.9;46.0;46.1;46.1;46.1;46.0;45.8;45.5;45.2;44.8;44.4;44.0;43.6;43.2;42.7;42.3;41.8;41.4;41.0;40.6;40.2;39.8;39.4;39.1;38.8;38.5;38.2;38.0;37.7;37.5;37.3;37.1;36.9;36.8;36.6;36.5;36.4;36.3;36.3;36.3;36.3;36.3;36.4;36.4;36.5;36.7;36.8;37.0;37.2;37.4;37.6;37.9;38.1;38.4;38.7;39.1;39.4;39.8;40.2;40.6;41.0;41.5;41.9;42.4;42.8;43.3;43.7;44.0;44.4;44.7;45.0;45.3;45.7;46.1;46.5;46.9;47.3;47.7;48.1;;;;;;;;;;;;;;;;;;;;;;;;;;;;
-2.000;;;;;;;;;;;;;;;;;;;;;;;;;;;;;;45.1;45.3;45.4;45.6;45.7;45.9;46.0;46.1;46.2;46.2;46.2;46.1;46.0;45.7;45.4;45.1;44.7;44.3;43.9;43.5;43.0;42.6;42.2;41.7;41.3;40.9;40.5;40.2;39.8;39.5;39.2;38.9;38.6;38.4;38.1;37.9;37.7;37.5;37.4;37.2;37.1;37.0;36.9;36.8;36.8;36.8;36.8;36.8;36.9;37.0;37.1;37.2;37.4;37.5;37.7;37.9;38.2;38.4;38.7;39.0;39.3;39.6;40.0;40.3;40.7;41.1;41.5;41.9;42.4;42.8;43.2;43.7;44.0;44.3;44.6;44.9;45.2;45.6;45.9;46.3;46.7;47.2;47.6;48.0;;;;;;;;;;;;;;;;;;;;;;;;;;;;;
-2.100;;;;;;;;;;;;;;;;;;;;;;;;;;;;;;;45.2;45.4;45.6;45.8;45.9;46.0;46.1;46.2;46.3;46.3;46.2;46.2;46.0;45.7;45.4;45.0;44.6;44.2;43.8;43.4;42.9;42.5;42.1;41.7;41.3;40.9;40.5;40.2;39.9;39.6;39.3;39.0;38.8;38.5;38.3;38.1;38.0;37.8;37.7;37.6;37.5;37.4;37.4;37.3;37.3;37.4;37.4;37.5;37.6;37.7;37.8;38.0;38.1;38.3;38.5;38.8;39.0;39.3;39.6;39.9;40.2;40.5;40.9;41.2;41.6;42.0;42.4;42.8;43.2;43.7;44.0;44.3;44.6;44.9;45.2;45.5;45.8;46.2;46.6;47.0;47.5;47.9;48.3;;;;;;;;;;;;;;;;;;;;;;;;;;;;;
-2.200;;;;;;;;;;;;;;;;;;;;;;;;;;;;;;;45.2;45.4;45.6;45.8;45.9;46.1;46.2;46.3;46.3;46.4;46.3;46.3;46.1;45.9;45.6;45.3;44.9;44.5;44.1;43.7;43.3;42.9;42.4;42.0;41.7;41.3;40.9;40.6;40.3;40.0;39.7;39.4;39.2;39.0;38.8;38.6;38.4;38.3;38.2;38.1;38.0;37.9;37.9;37.9;37.9;37.9;38.0;38.0;38.1;38.3;38.4;38.5;38.7;38.9;39.1;39.4;39.6;39.9;40.1;40.4;40.7;41.1;41.4;41.8;42.1;42.5;42.9;43.3;43.7;44.0;44.3;44.6;44.8;45.1;45.4;45.7;46.1;46.5;46.9;47.3;47.8;48.2;;;;;;;;;;;;;;;;;;;;;;;;;;;;;;
-2.300;;;;;;;;;;;;;;;;;;;;;;;;;;;;;;;;45.3;45.6;45.8;45.9;46.1;46.2;46.3;46.4;46.4;46.4;46.4;46.3;46.1;45.9;45.6;45.2;44.8;44.4;44.0;43.6;43.2;42.8;42.4;42.0;41.7;41.3;41.0;40.7;40.4;40.1;39.8;39.6;39.4;39.2;39.0;38.9;38.8;38.6;38.6;38.5;38.4;38.4;38.4;38.4;38.5;38.5;38.6;38.7;38.8;39.0;39.1;39.3;39.5;39.7;39.9;40.2;40.4;40.7;41.0;41.3;41.6;42.0;42.3;42.6;43.0;43.4;43.7;44.0;44.3;44.6;44.8;45.1;45.4;45.7;46.0;46.4;46.8;47.2;47.7;48.2;48.6;;;;;;;;;;;;;;;;;;;;;;;;;;;;;;
-2.400;;;;;;;;;;;;;;;;;;;;;;;;;;;;;;;;;45.5;45.7;45.9;46.1;46.2;46.3;46.4;46.5;46.5;46.5;46.4;46.2;46.1;45.8;45.5;45.1;44.8;44.4;44.0;43.6;43.2;42.8;42.4;42.1;41.7;41.4;41.1;40.8;40.5;40.3;40.1;39.9;39.7;39.5;39.4;39.2;39.1;39.1;39.0;39.0;39.0;39.0;39.0;39.0;39.1;39.2;39.3;39.4;39.6;39.7;39.9;40.1;40.3;40.5;40.8;41.0;41.3;41.6;41.9;42.2;42.5;42.8;43.1;43.5;43.8;44.1;44.4;44.6;44.9;45.1;45.4;45.7;46.0;46.3;46.7;47.1;47.6;48.1;48.6;;;;;;;;;;;;;;;;;;;;;;;;;;;;;;;
-2.500;;;;;;;;;;;;;;;;;;;;;;;;;;;;;;;;;45.4;45.7;45.9;46.1;46.3;46.4;46.5;46.5;46.6;46.5;46.5;46.4;46.2;46.0;45.7;45.4;45.1;44.7;44.3;44.0;43.6;43.2;42.8;42.5;42.2;41.8;41.5;41.3;41.0;40.8;40.5;40.3;40.2;40.0;39.9;39.7;39.7;39.6;39.5;39.5;39.5;39.5;39.5;39.6;39.7;39.8;39.9;40.0;40.1;40.3;40.5;40.7;40.9;41.1;41.3;41.6;41.8;42.1;42.4;42.7;43.0;43.3;43.6;43.9;44.2;44.4;44.7;44.9;45.1;45.4;45.6;45.9;46.3;46.6;47.1;47.5;48.0;48.5;;;;;;;;;;;;;;;;;;;;;;;;;;;;;;;;
-2.600;;;;;;;;;;;;;;;;;;;;;;;;;;;;;;;;;;45.6;45.9;46.1;46.3;46.4;46.5;46.6;46.6;46.6;46.6;46.5;46.4;46.2;46.0;45.7;45.4;45.0;44.7;44.3;44.0;43.6;43.3;42.9;42.6;42.3;42.0;41.7;41.5;41.2;41.0;40.8;40.6;40.5;40.4;40.3;40.2;40.1;40.1;40.0;40.0;40.0;40.1;40.1;40.2;40.3;40.4;40.6;40.7;40.9;41.1;41.2;41.5;41.7;41.9;42.1;42.4;42.7;42.9;43.2;43.5;43.8;44.0;44.3;44.5;44.8;45.0;45.2;45.4;45.7;45.9;46.3;46.6;47.0;47.5;47.9;48.4;49.0;;;;;;;;;;;;;;;;;;;;;;;;;;;;;;;;
-2.700;;;;;;;;;;;;;;;;;;;;;;;;;;;;;;;;;;;45.8;46.1;46.3;46.4;46.6;46.6;46.7;46.7;46.7;46.6;46.5;46.3;46.2;45.9;45.7;45.4;45.0;44.7;44.3;44.0;43.7;43.3;43.0;42.7;42.4;42.2;41.9;41.7;41.5;41.3;41.1;41.0;40.9;40.8;40.7;40.6;40.6;40.6;40.6;40.6;40.6;40.7;40.8;40.9;41.0;41.1;41.3;41.4;41.6;41.8;42.0;42.2;42.4;42.7;42.9;43.2;43.4;43.7;43.9;44.2;44.4;44.6;44.9;45.1;45.3;45.5;45.7;46.0;46.3;46.6;47.0;47.4;47.9;48.4;48.9;;;;;;;;;;;;;;;;;;;;;;;;;;;;;;;;;
-2.800;;;;;;;;;;;;;;;;;;;;;;;;;;;;;;;;;;;45.7;46.0;46.3;46.5;46.6;46.7;46.8;46.8;46.8;46.7;46.6;46.5;46.3;46.1;45.9;45.7;45.4;45.0;44.7;44.4;44.1;43.8;43.5;43.2;42.9;42.6;42.4;42.2;42.0;41.8;41.6;41.5;41.4;41.3;41.2;41.1;41.1;41.1;41.1;41.1;41.2;41.2;41.3;41.4;41.5;41.7;41.8;42.0;42.2;42.3;42.5;42.8;43.0;43.2;43.4;43.7;43.9;44.1;44.4;44.6;44.8;45.0;45.2;45.3;45.5;45.8;46.0;46.3;46.6;47.0;47.4;47.8;48.3;48.8;;;;;;;;;;;;;;;;;;;;;;;;;;;;;;;;;;
-2.900;;;;;;;;;;;;;;;;;;;;;;;;;;;;;;;;;;;;46.0;46.3;46.5;46.6;46.8;46.8;46.9;46.9;46.8;46.8;46.7;46.5;46.3;46.1;45.9;45.7;45.4;45.1;44.8;44.5;44.2;43.9;43.6;43.3;43.1;42.9;42.6;42.4;42.3;42.1;42.0;41.9;41.8;41.7;41.6;41.6;41.6;41.6;41.6;41.7;41.8;41.9;42.0;42.1;42.2;42.4;42.5;42.7;42.9;43.1;43.3;43.5;43.7;43.9;44.1;44.3;44.5;44.7;44.9;45.1;45.3;45.4;45.6;45.8;46.1;46.3;46.6;47.0;47.4;47.8;48.3;48.8;;;;;;;;;;;;;;;;;;;;;;;;;;;;;;;;;;;
-3.000;;;;;;;;;;;;;;;;;;;;;;;;;;;;;;;;;;;;;46.2;46.5;46.7;46.8;46.9;47.0;47.0;47.0;46.9;46.8;46.7;46.5;46.3;46.1;45.9;45.7;45.4;45.1;44.9;44.6;44.3;44.0;43.8;43.5;43.3;43.1;42.9;42.7;42.6;42.5;42.3;42.3;42.2;42.1;42.1;42.1;42.1;42.2;42.2;42.3;42.4;42.5;42.6;42.7;42.9;43.0;43.2;43.4;43.5;43.7;43.9;44.1;44.3;44.5;44.7;44.9;45.1;45.2;45.4;45.6;45.7;45.9;46.2;46.4;46.7;47.0;47.4;47.8;48.3;48.8;49.3;;;;;;;;;;;;;;;;;;;;;;;;;;;;;;;;;;;
-3.100;;;;;;;;;;;;;;;;;;;;;;;;;;;;;;;;;;;;;;46.5;46.7;46.9;47.0;47.1;47.1;47.1;47.1;47.0;46.9;46.7;46.6;46.4;46.2;45.9;45.7;45.5;45.2;45.0;44.7;44.4;44.2;44.0;43.7;43.5;43.4;43.2;43.0;42.9;42.8;42.7;42.7;42.6;42.6;42.6;42.6;42.6;42.7;42.8;42.9;43.0;43.1;43.2;43.4;43.5;43.7;43.8;44.0;44.2;44.4;44.6;44.7;44.9;45.1;45.2;45.4;45.6;45.7;45.9;46.1;46.3;46.5;46.8;47.1;47.4;47.8;48.3;48.8;49.3;;;;;;;;;;;;;;;;;;;;;;;;;;;;;;;;;;;;
-3.200;;;;;;;;;;;;;;;;;;;;;;;;;;;;;;;;;;;;;;;46.7;47.0;47.1;47.2;47.3;47.3;47.2;47.2;47.1;46.9;46.8;46.6;46.4;46.2;46.0;45.8;45.5;45.3;45.1;44.8;44.6;44.4;44.2;44.0;43.8;43.6;43.5;43.4;43.3;43.2;43.1;43.1;43.1;43.1;43.1;43.1;43.2;43.2;43.3;43.4;43.6;43.7;43.8;44.0;44.1;44.3;44.5;44.6;44.8;45.0;45.1;45.3;45.4;45.6;45.7;45.9;46.0;46.2;46.4;46.6;46.9;47.2;47.5;47.9;48.3;48.8;49.3;;;;;;;;;;;;;;;;;;;;;;;;;;;;;;;;;;;;;
-3.300;;;;;;;;;;;;;;;;;;;;;;;;;;;;;;;;;;;;;;;;47.0;47.2;47.3;47.4;47.4;47.4;47.3;47.3;47.1;47.0;46.8;46.7;46.5;46.2;46.0;45.8;45.6;45.4;45.2;45.0;44.8;44.6;44.4;44.2;44.1;43.9;43.8;43.7;43.6;43.6;43.5;43.5;43.5;43.5;43.6;43.6;43.7;43.8;43.9;44.0;44.1;44.3;44.4;44.6;44.7;44.9;45.0;45.2;45.3;45.5;45.6;45.8;45.9;46.1;46.2;46.4;46.6;46.8;47.0;47.3;47.6;47.9;48.3;48.8;49.3;;;;;;;;;;;;;;;;;;;;;;;;;;;;;;;;;;;;;;
-3.400;;;;;;;;;;;;;;;;;;;;;;;;;;;;;;;;;;;;;;;;;47.3;47.4;47.5;47.6;47.6;47.5;47.5;47.4;47.2;47.1;46.9;46.7;46.5;46.3;46.1;45.9;45.7;45.5;45.3;45.1;44.9;44.7;44.6;44.4;44.3;44.2;44.1;44.0;44.0;44.0;43.9;43.9;44.0;44.0;44.1;44.1;44.2;44.3;44.4;44.6;44.7;44.8;45.0;45.1;45.3;45.4;45.6;45.7;45.9;46.0;46.1;46.3;46.4;46.6;46.7;46.9;47.2;47.4;47.7;48.0;48.4;48.8;49.3;;;;;;;;;;;;;;;;;;;;;;;;;;;;;;;;;;;;;;;
-3.500;;;;;;;;;;;;;;;;;;;;;;;;;;;;;;;;;;;;;;;;;;47.6;47.7;47.8;47.8;47.8;47.7;47.6;47.5;47.3;47.2;47.0;46.8;46.6;46.4;46.2;46.0;45.8;45.6;45.4;45.2;45.0;44.9;44.8;44.7;44.6;44.5;44.4;44.4;44.4;44.3;44.4;44.4;44.4;44.5;44.6;44.7;44.8;44.9;45.0;45.1;45.3;45.4;45.5;45.7;45.8;46.0;46.1;46.2;46.4;46.5;46.7;46.8;47.0;47.1;47.3;47.6;47.9;48.2;48.5;48.9;;;;;;;;;;;;;;;;;;;;;;;;;;;;;;;;;;;;;;;;;
-3.600;;;;;;;;;;;;;;;;;;;;;;;;;;;;;;;;;;;;;;;;;;;;47.9;48.0;48.0;47.9;47.8;47.7;47.6;47.4;47.2;47.1;46.9;46.6;46.4;46.2;46.0;45.8;45.7;45.5;45.3;45.2;45.1;45.0;44.9;44.8;44.8;44.7;44.7;44.7;44.7;44.8;44.8;44.9;45.0;45.1;45.2;45.3;45.4;45.6;45.7;45.8;46.0;46.1;46.2;46.4;46.5;46.6;46.8;46.9;47.1;47.2;47.4;47.6;47.8;48.0;48.3;48.6;49.0;;;;;;;;;;;;;;;;;;;;;;;;;;;;;;;;;;;;;;;;;;
-3.700;;;;;;;;;;;;;;;;;;;;;;;;;;;;;;;;;;;;;;;;;;;;;48.2;48.2;48.2;48.1;48.0;47.9;47.7;47.5;47.3;47.1;46.9;46.7;46.5;46.3;46.1;46.0;45.8;45.6;45.5;45.4;45.3;45.2;45.1;45.1;45.1;45.0;45.1;45.1;45.1;45.2;45.3;45.4;45.5;45.6;45.7;45.8;46.0;46.1;46.3;46.4;46.5;46.7;46.8;46.9;47.1;47.2;47.3;47.5;47.6;47.8;48.0;48.3;48.5;48.8;49.2;;;;;;;;;;;;;;;;;;;;;;;;;;;;;;;;;;;;;;;;;;;
-3.800;;;;;;;;;;;;;;;;;;;;;;;;;;;;;;;;;;;;;;;;;;;;;;48.4;48.4;48.4;48.3;48.2;48.0;47.8;47.7;47.5;47.3;47.0;46.8;46.6;46.4;46.3;46.1;45.9;45.8;45.7;45.6;45.5;45.5;45.4;45.4;45.4;45.4;45.5;45.5;45.6;45.7;45.8;45.9;46.0;46.2;46.3;46.4;46.6;46.7;46.8;47.0;47.1;47.2;47.4;47.5;47.6;47.8;47.9;48.1;48.3;48.5;48.7;49.0;;;;;;;;;;;;;;;;;;;;;;;;;;;;;;;;;;;;;;;;;;;;;
-3.900;;;;;;;;;;;;;;;;;;;;;;;;;;;;;;;;;;;;;;;;;;;;;;;;48.6;48.6;48.5;48.3;48.2;48.0;47.8;47.6;47.4;47.2;47.0;46.8;46.6;46.4;46.3;46.1;46.0;45.9;45.9;45.8;45.8;45.8;45.8;45.8;45.9;45.9;46.0;46.1;46.2;46.3;46.5;46.6;46.7;46.9;47.0;47.2;47.3;47.4;47.6;47.7;47.8;48.0;48.1;48.3;48.4;48.6;48.8;49.0;49.3;;;;;;;;;;;;;;;;;;;;;;;;;;;;;;;;;;;;;;;;;;;;;;
-4.000;;;;;;;;;;;;;;;;;;;;;;;;;;;;;;;;;;;;;;;;;;;;;;;;;;48.8;48.6;48.5;48.3;48.1;47.9;47.7;47.5;47.3;47.1;47.0;46.8;46.6;46.5;46.4;46.3;46.2;46.2;46.2;46.2;46.2;46.2;46.3;46.4;46.5;46.6;46.7;46.8;46.9;47.1;47.2;47.4;47.5;47.7;47.8;47.9;48.1;48.2;48.3;48.5;48.6;48.8;48.9;49.1;49.3;;;;;;;;;;;;;;;;;;;;;;;;;;;;;;;;;;;;;;;;;;;;;;;;
-4.100;;;;;;;;;;;;;;;;;;;;;;;;;;;;;;;;;;;;;;;;;;;;;;;;;;;;48.8;48.7;48.5;48.3;48.1;47.9;47.7;47.5;47.3;47.2;47.0;46.9;46.8;46.7;46.6;46.6;46.6;46.6;46.6;46.7;46.7;46.8;46.9;47.0;47.2;47.3;47.4;47.6;47.7;47.9;48.0;48.2;48.3;48.4;48.6;48.7;48.9;49.0;49.2;49.3;49.5;;;;;;;;;;;;;;;;;;;;;;;;;;;;;;;;;;;;;;;;;;;;;;;;;;
-4.200;;;;;;;;;;;;;;;;;;;;;;;;;;;;;;;;;;;;;;;;;;;;;;;;;;;;;;48.8;48.7;48.5;48.3;48.1;47.9;47.8;47.6;47.4;47.3;47.2;47.1;47.1;47.1;47.0;47.1;47.1;47.2;47.2;47.3;47.4;47.6;47.7;47.8;48.0;48.1;48.3;48.4;48.6;48.7;48.9;49.0;49.1;49.3;49.4;49.6;49.7;;;;;;;;;;;;;;;;;;;;;;;;;;;;;;;;;;;;;;;;;;;;;;;;;;;;
-4.300;;;;;;;;;;;;;;;;;;;;;;;;;;;;;;;;;;;;;;;;;;;;;;;;;;;;;;;;;48.7;48.5;48.3;48.2;48.0;47.9;47.8;47.7;47.6;47.6;47.5;47.5;47.6;47.6;47.7;47.8;47.9;48.0;48.1;48.3;48.4;48.6;48.7;48.9;49.0;49.2;49.3;49.5;49.6;49.8;49.9;;;;;;;;;;;;;;;;;;;;;;;;;;;;;;;;;;;;;;;;;;;;;;;;;;;;;;;
-4.400;;;;;;;;;;;;;;;;;;;;;;;;;;;;;;;;;;;;;;;;;;;;;;;;;;;;;;;;;;;;48.6;48.5;48.4;48.3;48.2;48.1;48.1;48.1;48.1;48.1;48.2;48.2;48.3;48.5;48.6;48.7;48.9;49.0;49.2;49.3;49.5;49.7;49.8;50.0;50.1;;;;;;;;;;;;;;;;;;;;;;;;;;;;;;;;;;;;;;;;;;;;;;;;;;;;;;;;;;
-4.500;;;;;;;;;;;;;;;;;;;;;;;;;;;;;;;;;;;;;;;;;;;;;;;;;;;;;;;;;;;;;;;;48.7;48.7;48.6;48.6;48.7;48.7;48.8;48.9;49.0;49.1;49.2;49.4;49.5;49.7;49.9;50.0;;;;;;;;;;;;;;;;;;;;;;;;;;;;;;;;;;;;;;;;;;;;;;;;;;;;;;;;;;;;;;;
-4.600;;;;;;;;;;;;;;;;;;;;;;;;;;;;;;;;;;;;;;;;;;;;;;;;;;;;;;;;;;;;;;;;;;;;;;;;;;;;;;;;;;;;;;;;;;;;;;;;;;;;;;;;;;;;;;;;;;;;;;;;;;;;;;;;;;;;;;;;;;;;;;
-4.700;;;;;;;;;;;;;;;;;;;;;;;;;;;;;;;;;;;;;;;;;;;;;;;;;;;;;;;;;;;;;;;;;;;;;;;;;;;;;;;;;;;;;;;;;;;;;;;;;;;;;;;;;;;;;;;;;;;;;;;;;;;;;;;;;;;;;;;;;;;;;;
-4.800;;;;;;;;;;;;;;;;;;;;;;;;;;;;;;;;;;;;;;;;;;;;;;;;;;;;;;;;;;;;;;;;;;;;;;;;;;;;;;;;;;;;;;;;;;;;;;;;;;;;;;;;;;;;;;;;;;;;;;;;;;;;;;;;;;;;;;;;;;;;;;
-4.900;;;;;;;;;;;;;;;;;;;;;;;;;;;;;;;;;;;;;;;;;;;;;;;;;;;;;;;;;;;;;;;;;;;;;;;;;;;;;;;;;;;;;;;;;;;;;;;;;;;;;;;;;;;;;;;;;;;;;;;;;;;;;;;;;;;;;;;;;;;;;;
-5.000;;;;;;;;;;;;;;;;;;;;;;;;;;;;;;;;;;;;;;;;;;;;;;;;;;;;;;;;;;;;;;;;;;;;;;;;;;;;;;;;;;;;;;;;;;;;;;;;;;;;;;;;;;;;;;;;;;;;;;;;;;;;;;;;;;;;;;;;;;;;;;
-5.100;;;;;;;;;;;;;;;;;;;;;;;;;;;;;;;;;;;;;;;;;;;;;;;;;;;;;;;;;;;;;;;;;;;;;;;;;;;;;;;;;;;;;;;;;;;;;;;;;;;;;;;;;;;;;;;;;;;;;;;;;;;;;;;;;;;;;;;;;;;;;;
-5.200;;;;;;;;;;;;;;;;;;;;;;;;;;;;;;;;;;;;;;;;;;;;;;;;;;;;;;;;;;;;;;;;;;;;;;;;;;;;;;;;;;;;;;;;;;;;;;;;;;;;;;;;;;;;;;;;;;;;;;;;;;;;;;;;;;;;;;;;;;;;;;
-5.300;;;;;;;;;;;;;;;;;;;;;;;;;;;;;;;;;;;;;;;;;;;;;;;;;;;;;;;;;;;;;;;;;;;;;;;;;;;;;;;;;;;;;;;;;;;;;;;;;;;;;;;;;;;;;;;;;;;;;;;;;;;;;;;;;;;;;;;;;;;;;;
-5.400;;;;;;;;;;;;;;;;;;;;;;;;;;;;;;;;;;;;;;;;;;;;;;;;;;;;;;;;;;;;;;;;;;;;;;;;;;;;;;;;;;;;;;;;;;;;;;;;;;;;;;;;;;;;;;;;;;;;;;;;;;;;;;;;;;;;;;;;;;;;;;
-5.500;;;;;;;;;;;;;;;;;;;;;;;;;;;;;;;;;;;;;;;;;;;;;;;;;;;;;;;;;;;;;;;;;;;;;;;;;;;;;;;;;;;;;;;;;;;;;;;;;;;;;;;;;;;;;;;;;;;;;;;;;;;;;;;;;;;;;;;;;;;;;;
-5.600;;;;;;;;;;;;;;;;;;;;;;;;;;;;;;;;;;;;;;;;;;;;;;;;;;;;;;;;;;;;;;;;;;;;;;;;;;;;;;;;;;;;;;;;;;;;;;;;;;;;;;;;;;;;;;;;;;;;;;;;;;;;;;;;;;;;;;;;;;;;;;
-5.700;;;;;;;;;;;;;;;;;;;;;;;;;;;;;;;;;;;;;;;;;;;;;;;;;;;;;;;;;;;;;;;;;;;;;;;;;;;;;;;;;;;;;;;;;;;;;;;;;;;;;;;;;;;;;;;;;;;;;;;;;;;;;;;;;;;;;;;;;;;;;;
-5.800;;;;;;;;;;;;;;;;;;;;;;;;;;;;;;;;;;;;;;;;;;;;;;;;;;;;;;;;;;;;;;;;;;;;;;;;;;;;;;;;;;;;;;;;;;;;;;;;;;;;;;;;;;;;;;;;;;;;;;;;;;;;;;;;;;;;;;;;;;;;;;
-5.900;;;;;;;;;;;;;;;;;;;;;;;;;;;;;;;;;;;;;;;;;;;;;;;;;;;;;;;;;;;;;;;;;;;;;;;;;;;;;;;;;;;;;;;;;;;;;;;;;;;;;;;;;;;;;;;;;;;;;;;;;;;;;;;;;;;;;;;;;;;;;;
-6.000;;;;;;;;;;;;;;;;;;;;;;;;;;;;;;;;;;;;;;;;;;;;;;;;;;;;;;;;;;;;;;;;;;;;;;;;;;;;;;;;;;;;;;;;;;;;;;;;;;;;;;;;;;;;;;;;;;;;;;;;;;;;;;;;;;;;;;;;;;;;;;
-6.100;;;;;;;;;;;;;;;;;;;;;;;;;;;;;;;;;;;;;;;;;;;;;;;;;;;;;;;;;;;;;;;;;;;;;;;;;;;;;;;;;;;;;;;;;;;;;;;;;;;;;;;;;;;;;;;;;;;;;;;;;;;;;;;;;;;;;;;;;;;;;;
-6.200;;;;;;;;;;;;;;;;;;;;;;;;;;;;;;;;;;;;;;;;;;;;;;;;;;;;;;;;;;;;;;;;;;;;;;;;;;;;;;;;;;;;;;;;;;;;;;;;;;;;;;;;;;;;;;;;;;;;;;;;;;;;;;;;;;;;;;;;;;;;;;
-6.300;;;;;;;;;;;;;;;;;;;;;;;;;;;;;;;;;;;;;;;;;;;;;;;;;;;;;;;;;;;;;;;;;;;;;;;;;;;;;;;;;;;;;;;;;;;;;;;;;;;;;;;;;;;;;;;;;;;;;;;;;;;;;;;;;;;;;;;;;;;;;;
-6.400;;;;;;;;;;;;;;;;;;;;;;;;;;;;;;;;;;;;;;;;;;;;;;;;;;;;;;;;;;;;;;;;;;;;;;;;;;;;;;;;;;;;;;;;;;;;;;;;;;;;;;;;;;;;;;;;;;;;;;;;;;;;;;;;;;;;;;;;;;;;;;
-6.500;;;;;;;;;;;;;;;;;;;;;;;;;;;;;;;;;;;;;;;;;;;;;;;;;;;;;;;;;;;;;;;;;;;;;;;;;;;;;;;;;;;;;;;;;;;;;;;;;;;;;;;;;;;;;;;;;;;;;;;;;;;;;;;;;;;;;;;;;;;;;;
-6.600;;;;;;;;;;;;;;;;;;;;;;;;;;;;;;;;;;;;;;;;;;;;;;;;;;;;;;;;;;;;;;;;;;;;;;;;;;;;;;;;;;;;;;;;;;;;;;;;;;;;;;;;;;;;;;;;;;;;;;;;;;;;;;;;;;;;;;;;;;;;;;
-6.700;;;;;;;;;;;;;;;;;;;;;;;;;;;;;;;;;;;;;;;;;;;;;;;;;;;;;;;;;;;;;;;;;;;;;;;;;;;;;;;;;;;;;;;;;;;;;;;;;;;;;;;;;;;;;;;;;;;;;;;;;;;;;;;;;;;;;;;;;;;;;;
-6.800;;;;;;;;;;;;;;;;;;;;;;;;;;;;;;;;;;;;;;;;;;;;;;;;;;;;;;;;;;;;;;;;;;;;;;;;;;;;;;;;;;;;;;;;;;;;;;;;;;;;;;;;;;;;;;;;;;;;;;;;;;;;;;;;;;;;;;;;;;;;;;
-6.900;;;;;;;;;;;;;;;;;;;;;;;;;;;;;;;;;;;;;;;;;;;;;;;;;;;;;;;;;;;;;;;;;;;;;;;;;;;;;;;;;;;;;;;;;;;;;;;;;;;;;;;;;;;;;;;;;;;;;;;;;;;;;;;;;;;;;;;;;;;;;;
-7.000;;;;;;;;;;;;;;;;;;;;;;;;;;;;;;;;;;;;;;;;;;;;;;;;;;;;;;;;;;;;;;;;;;;;;;;;;;;;;;;;;;;;;;;;;;;;;;;;;;;;;;;;;;;;;;;;;;;;;;;;;;;;;;;;;;;;;;;;;;;;;;
[SYSTEM];;
Name;Pentacam;
Version;1.25r15;
SerialNo;4022  1220;
Registered User;...;
File Date;23-04-2025;
Matrixsize X;141;
Matrixsize Y;141;
Matrix-Res. X/Y;100;

[PATIENT];;
LastName;Li;
FirstName;Minfeng;
Eye;OD;
DateOfBirth;27-09-1980;
Sex;...;
PatientID;f;

[EXAMINATION];;
Date;27-03-2023;
Time;09:44:46;
Surgeon;...;
OP;...;
TestNo;...;
Comments;...;
Max. Diameter;10.42;

[GENERAL DATA];;
Cornea Front Rh;9.14;
Cornea Front Rv;9.58;
Cornea Front Axis;111.6;
Cornea Front Astig;1.7;
Cornea Front Exz;1.42;Q-val. (8mm);
Pachy Apex;471;
Pachy Min;467;
Pachy Min X;0.35;
Pachy Min Y;0.23;
Chamber Height;2.93;
Chamber Angle;69.29;
KKS;# Abnorm.;
QS Status;OK;
QS Error;0;
K Max (Front);46.09;
K Max X (Front);-1.85;
K Max Y (Front);4.75;

[PUPIL];
Pupil Dia;6.96;
XPupil;199;
YPupil;245;

X;Y;
3636;0;
3640;89;
3642;179;
3642;269;
3639;358;
3635;448;
3627;538;
3618;628;
3606;717;
3592;807;
3576;896;
3557;984;
3537;1073;
3514;1161;
3489;1248;
3461;1335;
3432;1421;
3400;1507;
3366;1592;
3330;1676;
3292;1759;
3251;1842;
3209;1923;
3164;2004;
3118;2083;
3069;2161;
3018;2239;
2966;2314;
2911;2389;
2854;2462;
2795;2534;
2735;2604;
2673;2673;
2608;2740;
2542;2805;
2475;2869;
2405;2931;
2334;2991;
2261;3049;
2187;3105;
2111;3159;
2034;3212;
1955;3262;
1875;3310;
1794;3356;
1711;3399;
1627;3440;
1542;3480;
1457;3517;
1370;3550;
1282;3582;
1193;3611;
1104;3638;
1014;3663;
923;3685;
832;3704;
740;3721;
648;3735;
556;3747;
463;3756;
371;3762;
278;3766;
185;3767;
92;3767;
0;3763;
-92;3756;
-184;3747;
-276;3735;
-367;3722;
-457;3706;
-547;3687;
-636;3665;
-724;3641;
-812;3615;
-899;3587;
-984;3557;
-1069;3523;
-1152;3488;
-1235;3451;
-1316;3411;
-1396;3370;
-1475;3326;
-1552;3281;
-1628;3233;
-1702;3184;
-1775;3134;
-1847;3081;
-1916;3026;
-1985;2970;
-2051;2912;
-2116;2853;
-2180;2793;
-2241;2731;
-2301;2667;
-2359;2603;
-2415;2537;
-2470;2470;
-2523;2402;
-2574;2333;
-2623;2262;
-2670;2191;
-2715;2119;
-2759;2046;
-2801;1972;
-2841;1898;
-2878;1823;
-2914;1747;
-2949;1670;
-2981;1593;
-3012;1516;
-3040;1438;
-3067;1360;
-3092;1281;
-3115;1202;
-3137;1122;
-3156;1043;
-3173;963;
-3189;882;
-3203;802;
-3215;722;
-3225;642;
-3234;561;
-3240;481;
-3244;400;
-3247;320;
-3248;240;
-3248;160;
-3245;80;
-3240;0;
-3234;-79;
-3226;-158;
-3216;-237;
-3204;-316;
-3191;-394;
-3176;-471;
-3159;-548;
-3141;-625;
-3120;-701;
-3098;-776;
-3075;-851;
-3050;-925;
-3023;-999;
-2995;-1072;
-2965;-1144;
-2933;-1215;
-2901;-1286;
-2866;-1356;
-2830;-1425;
-2793;-1493;
-2753;-1560;
-2713;-1626;
-2672;-1692;
-2629;-1756;
-2584;-1820;
-2538;-1882;
-2490;-1943;
-2442;-2004;
-2392;-2063;
-2341;-2121;
-2288;-2178;
-2234;-2234;
-2179;-2289;
-2123;-2342;
-2066;-2395;
-2007;-2445;
-1947;-2495;
-1886;-2543;
-1824;-2590;
-1761;-2636;
-1697;-2680;
-1632;-2723;
-1566;-2764;
-1499;-2804;
-1431;-2843;
-1362;-2880;
-1292;-2915;
-1221;-2949;
-1150;-2981;
-1078;-3012;
-1005;-3041;
-931;-3068;
-856;-3094;
-781;-3118;
-705;-3140;
-629;-3161;
-552;-3180;
-474;-3197;
-396;-3212;
-318;-3226;
-239;-3237;
-160;-3247;
-80;-3255;
0;-3261;
80;-3265;
161;-3267;
241;-3268;
322;-3266;
402;-3263;
483;-3257;
564;-3250;
645;-3241;
725;-3229;
806;-3216;
886;-3201;
966;-3184;
1045;-3164;
1125;-3143;
1204;-3120;
1282;-3095;
1360;-3068;
1437;-3039;
1514;-3008;
1590;-2976;
1666;-2941;
1741;-2904;
1815;-2866;
1888;-2825;
1960;-2783;
2031;-2739;
2102;-2693;
2171;-2645;
2239;-2596;
2306;-2545;
2372;-2492;
2437;-2437;
2500;-2381;
2563;-2323;
2623;-2263;
2683;-2202;
2741;-2139;
2797;-2075;
2852;-2009;
2906;-1942;
2958;-1873;
3008;-1803;
3057;-1732;
3104;-1659;
3149;-1585;
3192;-1510;
3234;-1433;
3274;-1356;
3312;-1277;
3348;-1198;
3382;-1117;
3414;-1036;
3444;-953;
3472;-870;
3498;-785;
3522;-701;
3544;-615;
3564;-529;
3581;-442;
3597;-354;
3610;-266;
3621;-178;
3630;-89;
[CORNEA EDGE];;
Cornea Center Pos X (related to apex, [mm]);;
Cornea Center Pos Y (related to apex, [mm]);;
Iris Image existing in Examination;1;
Iris Image Apex Pixel Position X;249.69;
Iris Image Apex Pixel Position Y;156.37;
Iris Image mm per Pixel;0.0428;
Left Cornea-Edge X (related to Apex, [µm]);Left Cornea-Edge Y (related to Apex, [µm]);
;;
;;
;;
;;
;;
;;
;;
;;
;;
;;
;;
;;
;;
;;
;;
;;
;;
;;
;;
;;
;;
;;
;;
;;
;;
;;
;;
;;
;;
;;
;;
;;
;;
;;
;;
;;
;;
;;
;;
;;
Right Cornea-Edge X (related to Apex, [µm]);Right Cornea-Edge Y (related to Apex, [µm]);
;;
;;
;;
;;
;;
;;
;;
;;
;;
;;
;;
;;
;;
;;
;;
;;
;;
;;
;;
;;
;;
;;
;;
;;
;;
;;
;;
;;
;;
;;
;;
;;
;;
;;
;;
;;
;;
;;
;;
;;
[GENERAL DATA 2];;
Chamber Angle @ 180°;91.3;
Chamber Angle @ 0°;69.3;
Chamber Volume [mm³];152;
AXL Axial Length [mm];;
AXL SNR;;
HWTW;;
